SK_ID_CURR,TARGET,CODE_GENDER,FLAG_OWN_CAR,FLAG_OWN_REALTY,CNT_CHILDREN,AMT_INCOME_TOTAL,AMT_CREDIT,AMT_ANNUITY,NAME_EDUCATION_TYPE,NAME_FAMILY_STATUS,NAME_INCOME_TYPE,DAYS_BIRTH,DAYS_EMPLOYED,OWN_CAR_AGE,EXT_SOURCE_1,EXT_SOURCE_2,EXT_SOURCE_3
100001,0,M,Y,N,1,198900.0,1195300.0,80396.7,Secondary / secondary special,Married,Working,-19840,-817,14.1,0.8740811329710523,0.8937065847943199,0.5219798757837548
100002,1,F,N,Y,0,145900.0,883700.0,87083.1,Higher education,Civil marriage,Commercial associate,-8747,-1658,,,0.5426427709736662,0.5910992712329333
100003,0,M,Y,N,1,244500.0,1149900.0,47650.0,Secondary / secondary special,Married,Commercial associate,-23900,-705,18.5,0.6124928268660227,0.8576426198687952,0.770925086588166
100004,0,M,N,N,1,116800.0,265400.0,10242.0,Secondary / secondary special,Single / not married,Working,-15188,-2474,,0.6852909284754105,0.7843007269907145,0.6777811011348521
100005,0,F,N,N,0,155400.0,363100.0,26567.1,Secondary / secondary special,Civil marriage,Working,-15619,-574,,,0.4987965715175279,0.36479102382035256
100006,0,M,N,Y,0,220300.0,660400.0,36752.3,Secondary / secondary special,Single / not married,Working,-23213,-421,,0.7737254231504457,0.5179012396037774,0.48344827063921614
100007,0,M,Y,N,0,85100.0,436000.0,22842.5,Secondary / secondary special,Single / not married,State servant,-11255,-880,17.3,,0.4800639907475287,0.647153363232506
100008,0,M,N,Y,0,400400.0,2283400.0,193721.8,Higher education,Married,Working,-13154,-345,,,0.844581661112615,0.8219587327634114
100009,0,F,N,Y,0,113000.0,539200.0,34127.8,Secondary / secondary special,Married,Working,-22660,-491,,0.746958330346653,0.6146081227080527,0.4683878272920988
100010,0,F,N,N,0,120100.0,687400.0,43531.9,Secondary / secondary special,Married,Commercial associate,-16780,-1478,,0.661348890234856,0.7011131329186652,0.8183159312958346
100011,0,F,Y,Y,1,148600.0,400900.0,14772.2,Secondary / secondary special,Married,Pensioner,-15036,-321,10.8,,0.8913403557743956,0.7166049277058918
100012,1,M,N,N,0,205500.0,1007500.0,83099.2,Secondary / secondary special,Married,Pensioner,-24405,365243,,0.3572568284422076,0.2773414653611123,0.6776829747243956
100013,0,F,N,Y,0,214500.0,614500.0,41712.9,Secondary / secondary special,Single / not married,Working,-23251,-328,,,0.7480139739221133,0.22890338947496974
100014,0,M,Y,Y,0,289100.0,1380700.0,72349.2,Secondary / secondary special,Married,Unemployed,-23227,365243,10.7,,0.33719516999243837,0.6992469930268315
100015,0,F,Y,N,0,143100.0,234900.0,18392.0,Secondary / secondary special,Widow,Working,-11390,-2770,18.9,0.5608282857587729,0.6983717281373721,0.6224159052534741
100016,0,F,N,Y,0,170800.0,777000.0,55313.0,Secondary / secondary special,Single / not married,Pensioner,-22465,365243,,,0.5264909741374464,0.6752468404402414
100017,0,F,Y,Y,1,73700.0,438700.0,15077.6,Higher education,Married,Working,-19183,-289,13.0,,0.84940903122164,0.7665066953855756
100018,0,F,Y,Y,1,91000.0,255700.0,9342.6,Secondary / secondary special,Married,State servant,-19794,-2559,17.6,0.6095734321983066,0.3712104363537053,0.6233322146238528
100019,0,M,Y,Y,0,141300.0,822700.0,65522.9,Higher education,Married,Pensioner,-8508,365243,3.1,,0.6454649429603226,0.6889301948037856
100020,0,F,N,Y,0,173000.0,306700.0,19866.0,Secondary / secondary special,Married,Pensioner,-17413,365243,,,0.6642221230234127,0.7327553878011632
100021,0,M,N,Y,0,144200.0,688900.0,25139.8,Secondary / secondary special,Married,Commercial associate,-11502,-3078,,,0.5890510312490627,0.47066560787871375
100022,0,F,Y,N,0,186400.0,670600.0,39401.2,Secondary / secondary special,Married,Working,-23924,-1404,9.9,0.8297929994154748,0.538222733203445,
100023,0,M,N,N,0,143600.0,235400.0,12497.8,Secondary / secondary special,Single / not married,Working,-17516,-1527,,,0.5432177461827457,0.7866189049648307
100024,0,M,N,N,0,132600.0,624300.0,45735.0,Secondary / secondary special,Married,Working,-18494,-1247,,0.5306631059598422,0.714163372654287,
100025,0,M,Y,Y,0,433700.0,997400.0,47634.7,Secondary / secondary special,Married,Commercial associate,-11935,-1341,9.4,,0.6520328257717867,0.6544212399925808
100026,0,F,N,N,0,130800.0,521000.0,40376.0,Secondary / secondary special,Married,Working,-15057,-2001,,0.48688583065626867,0.7545065429919764,0.48458834182694105
100027,0,F,Y,Y,2,232300.0,634600.0,30993.9,Higher education,Married,Working,-16951,-346,19.2,,0.7637681639306795,
100028,1,F,Y,N,0,81800.0,173400.0,6111.1,Higher education,Married,Working,-21906,-2164,14.5,,0.1981226358227634,0.7064339911915081
100029,0,F,N,Y,0,155700.0,320400.0,16393.6,Secondary / secondary special,Single / not married,Pensioner,-18392,365243,,0.6959058433488613,0.544637422001176,0.5279355094949048
100030,0,M,N,N,1,108700.0,505300.0,19120.9,Higher education,Married,Working,-9652,-874,,,0.6740034656007657,0.4932519082966841
100031,0,M,N,Y,0,359000.0,893800.0,41606.8,Academic degree,Married,Commercial associate,-15573,-2211,,,0.43720167838838164,0.8009335985062407
100032,0,M,N,Y,1,114600.0,349000.0,20121.5,Secondary / secondary special,Widow,Working,-12851,-672,,0.6742998380689035,0.3741583656509585,0.8542919009808209
100033,0,F,N,N,0,145200.0,364400.0,12634.4,Secondary / secondary special,Single / not married,Working,-17118,-6883,,0.829441586576422,0.6069121402623546,0.4163722062833171
100034,0,F,N,Y,2,101700.0,216800.0,7241.8,Secondary / secondary special,Married,Working,-15907,-1366,,,0.6163966153122818,0.5845398774478143
100035,0,F,N,N,0,98900.0,149700.0,9069.8,Higher education,Civil marriage,Working,-8061,-1487,,,0.46680190964510426,0.23420796435643026
100036,0,F,N,N,0,142300.0,556000.0,18673.2,Higher education,Single / not married,Commercial associate,-11308,-2046,,,0.6976587525610283,0.6324203679230246
100037,0,F,Y,Y,0,173400.0,926900.0,31227.6,Secondary / secondary special,Married,Working,-19242,-830,13.3,0.5551300170770688,0.46781701481808785,0.5665096892255287
100038,0,F,N,Y,0,237000.0,437800.0,26734.1,Higher education,Married,State servant,-17213,-2424,,,0.739745125703531,0.743543291499224
100039,0,F,N,Y,0,113500.0,268000.0,14020.6,Secondary / secondary special,Civil marriage,Working,-8604,-711,,,0.524229286930034,0.6101952798081999
100040,0,M,Y,N,0,112600.0,669500.0,61888.4,Secondary / secondary special,Married,Working,-18148,-790,4.5,0.7600207135115239,0.613162805082857,0.42527532528224743
100041,1,F,N,N,2,262600.0,1592800.0,154327.0,Secondary / secondary special,Married,Pensioner,-16493,365243,,,0.3862487015446215,0.6002242769342122
100042,0,M,N,Y,0,301700.0,1902400.0,144520.1,Secondary / secondary special,Civil marriage,Pensioner,-10303,365243,,0.7302167715859491,0.26445182777516074,0.6534997699440909
100043,0,M,N,N,0,141800.0,658000.0,42815.0,Secondary / secondary special,Civil marriage,Working,-7704,-499,,0.8140962785320752,0.1672035869459258,0.5055053571765654
100044,0,F,N,Y,0,181600.0,286600.0,10296.5,Secondary / secondary special,Married,Working,-13550,-674,,,0.8136056080550134,
100045,0,M,N,Y,0,312200.0,667800.0,40356.4,Higher education,Married,Working,-21339,-642,,,0.8360237748663868,0.8648096191279668
100046,0,M,Y,N,0,485000.0,1260700.0,51794.0,Secondary / secondary special,Married,Commercial associate,-10002,-2674,2.4,,0.8233685741178367,
100047,0,F,N,N,1,177800.0,580000.0,20045.3,Higher education,Civil marriage,Working,-24228,-1180,,,0.45509462333618583,0.5310841248410085
100048,0,F,N,Y,0,206700.0,672000.0,32738.9,Secondary / secondary special,Single / not married,Working,-17180,-4292,,0.39701684984002306,0.6468160427242856,0.4983235031132451
100049,0,M,N,Y,0,156300.0,373400.0,13939.3,Secondary / secondary special,Civil marriage,Commercial associate,-20966,-2606,,0.6082518899940931,0.45116515947318936,0.42490503662364676
100050,0,F,N,Y,1,75700.0,180500.0,9856.0,Secondary / secondary special,Married,Working,-24796,-1671,,0.5895417251671187,0.8446727613631211,
100051,0,F,Y,Y,0,172100.0,1079700.0,71483.5,Incomplete higher,Separated,Pensioner,-12275,365243,17.6,0.8069428491467512,0.6578764292169618,0.36384169140522576
100052,0,F,Y,Y,0,272900.0,532900.0,20940.9,Higher education,Married,Working,-17888,-2152,15.9,0.8485066528356546,0.6948235346622273,0.6935051326915013
100053,0,M,N,N,1,104900.0,167400.0,7319.9,Secondary / secondary special,Married,State servant,-13642,-641,,0.2853112384252566,0.5382226820007232,0.7094953976601729
100054,0,M,Y,Y,0,63900.0,103700.0,4465.2,Secondary / secondary special,Civil marriage,Commercial associate,-9152,-459,19.4,0.7757202928952494,0.8287193424941783,0.7413766443542
100055,0,M,N,Y,1,192100.0,824100.0,49642.5,Higher education,Married,State servant,-21581,-931,,,0.8077292298900828,0.5784661808139115
100056,0,M,N,N,0,66800.0,174300.0,8746.4,Secondary / secondary special,Single / not married,Pensioner,-7882,365243,,0.6626320964172576,0.8683624600926462,0.7322149268961043
100057,0,F,Y,Y,1,72600.0,283200.0,15911.9,Secondary / secondary special,Married,Working,-22902,-1579,5.2,,0.7150139491164235,0.3222104982647054
100058,0,F,Y,Y,0,70600.0,270100.0,9622.4,Higher education,Civil marriage,Working,-21600,-786,5.8,0.8633392852734749,0.6560758146892725,0.4717044689581364
100059,0,F,N,N,0,59800.0,359900.0,12570.8,Secondary / secondary special,Married,Working,-18862,-1853,,,0.3489808686750376,
100060,1,F,Y,Y,0,237000.0,547100.0,44613.7,Higher education,Married,Commercial associate,-18034,-408,11.0,0.29764572363587843,0.5133090617038468,0.12220888713156326
100061,0,M,N,Y,0,156700.0,479400.0,19836.2,Secondary / secondary special,Married,Working,-22496,-12,,0.5233732500468473,0.42945217899333965,0.6348233952202609
100062,0,F,N,Y,2,371600.0,1820100.0,119343.9,Higher education,Civil marriage,Commercial associate,-8646,-1038,,,0.30678683743409446,0.7953618872897655
100063,0,F,Y,Y,2,205000.0,849500.0,34958.2,Incomplete higher,Separated,Pensioner,-20580,365243,2.5,0.7581123155480507,0.7039644733512505,0.43143768595185084
100064,1,M,Y,Y,2,372400.0,1645700.0,108884.6,Secondary / secondary special,Married,Working,-10833,-1344,7.9,,0.44802883293790685,0.8904890503108563
100065,0,F,N,Y,0,110200.0,422100.0,22332.6,Secondary / secondary special,Single / not married,Commercial associate,-8027,-1452,,0.6203024563365129,0.8336736492236525,0.371176161429467
100066,0,F,Y,Y,1,173400.0,971500.0,53376.1,Secondary / secondary special,Married,Pensioner,-13145,365243,3.2,0.6818781070931504,0.6151273457170653,0.5461941301747388
100067,0,F,N,N,0,83000.0,174600.0,6630.3,Higher education,Married,Pensioner,-13406,365243,,0.6957086495823595,0.658387159725135,0.5551100626920232
100068,0,F,Y,Y,0,130000.0,814400.0,47786.7,Secondary / secondary special,Married,Working,-11047,-536,1.9,,0.5303936914784422,0.5663973983633183
100069,0,F,Y,Y,0,280800.0,676300.0,23925.4,Secondary / secondary special,Married,Working,-20132,-4420,4.0,0.7705596008507872,0.5365351990670754,
100070,0,F,N,Y,0,144600.0,352100.0,29150.8,Higher education,Married,Commercial associate,-17469,-422,,,0.7601667755345126,
100071,0,F,Y,N,0,132500.0,352000.0,23952.0,Secondary / secondary special,Married,Working,-23800,-1748,16.3,0.573964658967197,0.5431852962360625,0.7064754215355654
100072,0,F,Y,Y,0,145800.0,759000.0,51546.6,Secondary / secondary special,Married,Working,-21024,-10,10.9,,0.5933381367049395,0.7549582918554417
100073,0,M,N,N,1,157100.0,705700.0,46689.2,Secondary / secondary special,Civil marriage,State servant,-22153,-52,,0.74630159284214,0.7921809079382929,
100074,0,F,N,Y,0,157200.0,316800.0,14424.1,Incomplete higher,Married,Working,-23492,-637,,,0.6086066487121944,0.5957430021011896
100075,0,F,Y,N,0,268300.0,1574000.0,88473.0,Secondary / secondary special,Civil marriage,Working,-21807,-229,17.1,,0.5471990151569474,0.520376868989837
100076,0,F,Y,Y,0,106500.0,686400.0,35834.9,Higher education,Civil marriage,Working,-9741,-1692,8.8,,0.6227609512820191,0.44202325400914133
100077,0,F,N,Y,0,134200.0,535200.0,17974.7,Secondary / secondary special,Married,Pensioner,-10922,365243,,,0.4656372128814744,0.7140893564616309
100078,0,M,N,Y,0,153900.0,248200.0,9365.1,Higher education,Single / not married,Working,-14714,-836,,0.5213262470932777,0.7865481233202406,0.5385064887486175
100079,0,F,N,Y,0,98100.0,398300.0,21355.0,Secondary / secondary special,Married,Working,-13492,-652,,,0.5592871068402105,0.6849291576857051
100080,0,M,N,N,1,120400.0,529300.0,21200.7,Secondary / secondary special,Married,Commercial associate,-23193,-636,,0.7528485832218382,0.6585252228452885,0.5258476405897254
100081,0,M,N,Y,0,207900.0,515700.0,40978.6,Higher education,Single / not married,Working,-16860,-350,,,0.6648129424585546,0.630178418304716
100082,0,F,N,Y,1,101600.0,169800.0,10324.3,Higher education,Married,Working,-23027,-1631,,0.4715193784281816,0.4320888196911851,0.9449171761980864
100083,0,M,Y,Y,0,513100.0,2019600.0,70473.6,Secondary / secondary special,Married,Commercial associate,-14457,-4276,3.1,0.7139027101577611,0.47461260987807374,0.5221468352972256
100084,0,F,N,N,0,307600.0,1803600.0,60975.1,Secondary / secondary special,Separated,Commercial associate,-23563,-538,,,0.7496726752148912,0.47722988026949364
100085,0,F,N,Y,0,159500.0,437100.0,16064.2,Secondary / secondary special,Single / not married,Working,-8927,-281,,0.47643561094852127,0.7265488138622507,
100086,0,F,N,N,0,190800.0,638400.0,27889.6,Secondary / secondary special,Married,Working,-15481,-3565,,,0.42181153225499746,
100087,0,M,N,N,1,208300.0,1254300.0,47812.7,Secondary / secondary special,Married,Commercial associate,-23468,-1606,,0.9266612950713434,0.9153813305001489,
100088,0,F,Y,Y,1,189500.0,862100.0,67122.5,Incomplete higher,Civil marriage,Working,-15553,-2010,11.3,0.6920084037609441,0.8584560321879934,0.8150452436972334
100089,1,F,N,N,1,153700.0,668100.0,37002.6,Secondary / secondary special,Widow,Unemployed,-20515,365243,,,0.2695000517052759,0.5652933138355121
100090,0,F,N,Y,0,508100.0,1596200.0,72749.1,Secondary / secondary special,Married,Working,-13997,-926,,0.7260453989322416,0.44198292440972886,0.29038276964762066
100091,0,F,N,Y,1,106600.0,672900.0,30730.4,Secondary / secondary special,Single / not married,Working,-22207,-513,,,0.5905865529382439,
100092,0,M,N,Y,0,123700.0,617500.0,39973.0,Secondary / secondary special,Married,Commercial associate,-18740,-3851,,,0.6135396576012004,0.47533630347852884
100093,0,F,N,Y,1,152200.0,306100.0,13527.9,Secondary / secondary special,Married,Commercial associate,-21903,-1128,,0.4578126368541376,0.8203953136059688,0.7597696402779067
100094,0,F,Y,Y,0,196900.0,341500.0,21775.7,Higher education,Separated,Working,-17075,-288,11.2,,0.5017105042520058,0.6436495597913819
100095,0,F,N,Y,0,364100.0,1668700.0,66601.7,Secondary / secondary special,Single / not married,Working,-18848,-922,,0.6177926167680189,0.6622260295868274,0.8495512180077671
100096,0,F,N,N,0,147200.0,418900.0,21398.9,Secondary / secondary special,Married,State servant,-16938,-429,,0.6389772835346911,0.8003734655371986,0.36230037363312667
100097,0,F,N,Y,0,191100.0,390000.0,18738.8,Higher education,Single / not married,Working,-17616,-3985,,,0.47906738060506615,0.7255815095096543
100098,0,F,N,Y,0,175200.0,903600.0,31284.6,Secondary / secondary special,Married,Working,-19752,-2207,,,0.33608830965042924,0.8388136802279637
100099,1,F,N,Y,0,141900.0,827000.0,28008.2,Secondary / secondary special,Married,Working,-9788,-111,,0.8279520519022634,0.3641419714666418,0.5306089408161704
100100,0,M,N,Y,0,257500.0,964700.0,36939.9,Secondary / secondary special,Single / not married,Working,-21144,-880,,,0.6837667755662264,0.7364059927830084
100101,0,M,N,N,0,178600.0,538100.0,28784.5,Secondary / secondary special,Married,Working,-13897,-1398,,,0.76714125041791,0.8838271812893088
100102,0,M,Y,Y,0,229800.0,501000.0,26344.8,Secondary / secondary special,Married,Pensioner,-7890,365243,4.2,,,0.727544377226057
100103,0,F,N,Y,2,129100.0,631100.0,31047.9,Secondary / secondary special,Married,State servant,-18955,-463,,,0.7695707394837078,0.802516567844182
100104,0,M,N,Y,0,115500.0,181300.0,7144.7,Secondary / secondary special,Married,State servant,-18428,-4029,,,0.3419827103918192,
100105,0,M,N,N,0,126200.0,619500.0,25171.9,Secondary / secondary special,Separated,Working,-20395,-24,,,0.6941730209530128,0.6836598088078135
100106,0,M,N,Y,0,168500.0,1058300.0,67998.2,Secondary / secondary special,Married,Working,-25172,-937,,,0.6071586694476078,
100107,0,F,Y,N,0,243500.0,839700.0,43990.3,Secondary / secondary special,Married,Working,-15760,-1065,9.6,0.5186885312611964,0.6950051769482071,0.548091588179109
100108,0,F,N,Y,0,378300.0,1943300.0,82543.7,Secondary / secondary special,Single / not married,Working,-24734,-213,,0.7067166473846657,0.9126832550402358,0.857122352870618
100109,0,F,N,Y,0,159300.0,283900.0,24687.7,Secondary / secondary special,Civil marriage,Commercial associate,-17799,-1748,,0.522635620151532,0.6504046882849824,
100110,0,M,N,Y,0,340600.0,1091900.0,89930.2,Secondary / secondary special,Single / not married,Working,-13944,-707,,,0.8219696519268264,
100111,0,F,Y,Y,1,195200.0,738700.0,27891.8,Secondary / secondary special,Widow,Working,-19553,-442,4.6,,0.4793922057371835,0.41581236406418864
100112,0,F,N,Y,2,109000.0,515000.0,18014.4,Secondary / secondary special,Single / not married,Pensioner,-11114,365243,,0.5709645492210459,,0.6942707777122236
100113,0,F,Y,Y,1,155400.0,466100.0,34327.3,Lower secondary,Single / not married,Pensioner,-24611,365243,9.3,0.6903434624258536,0.6597438331351998,0.6198811737122426
100114,0,F,N,Y,0,208200.0,986500.0,34815.8,Secondary / secondary special,Married,Pensioner,-15402,365243,,0.7960523418182278,0.6525042949283486,0.4084956523806441
100115,0,F,N,Y,0,215600.0,1103300.0,40697.1,Secondary / secondary special,Married,Working,-7856,-1282,,0.860544234796327,0.6671268736425024,0.7489971768535674
100116,0,M,Y,Y,1,118700.0,270100.0,20880.5,Secondary / secondary special,Married,Pensioner,-19159,365243,12.2,,0.6421061512839078,0.4977689744673523
100117,0,M,N,Y,0,125500.0,717200.0,55479.6,Secondary / secondary special,Single / not married,Working,-9779,-769,,0.7511110698056219,0.8026538491624258,
100118,0,M,N,Y,0,126600.0,623700.0,31472.6,Higher education,Single / not married,Working,-9229,-424,,,0.6103640425146024,0.28542209268540086
100119,1,F,N,Y,0,134700.0,868900.0,33756.0,Higher education,Single / not married,Working,-8083,-1015,,,0.5960291272453029,0.3082873642257266
100120,0,F,Y,Y,0,169000.0,910000.0,45899.5,Incomplete higher,Married,Commercial associate,-23150,-1694,2.5,,0.7829657503492644,0.7567636049655192
100121,0,F,N,N,1,344400.0,1827600.0,69125.5,Secondary / secondary special,Single / not married,Working,-8260,-1686,,,0.6619778407061304,0.5814129183950729
100122,0,F,Y,Y,0,121800.0,194100.0,15337.5,Secondary / secondary special,Married,Pensioner,-17088,365243,0.9,,0.6574996635471618,
100123,0,F,N,Y,0,70400.0,254300.0,17013.8,Higher education,Married,Working,-16251,-1056,,0.7198591684782191,0.45270947874008366,0.5833457505698748
100124,0,F,N,Y,0,68400.0,208000.0,8465.2,Secondary / secondary special,Married,Pensioner,-23642,365243,,,0.5703417001785365,0.5097335669311136
100125,0,F,Y,N,1,212700.0,1141800.0,56576.0,Secondary / secondary special,Married,Working,-23644,-660,10.6,,0.7838664913119713,
100126,0,F,N,Y,0,115200.0,551900.0,30333.1,Secondary / secondary special,Separated,Commercial associate,-23815,-2819,,0.7016408293674289,0.3021169201389634,0.4023151618126047
100127,0,F,N,Y,0,166300.0,674200.0,25237.1,Secondary / secondary special,Married,Pensioner,-14683,365243,,,0.6220598918652138,0.49040884698766324
100128,0,F,N,Y,2,107100.0,355000.0,27738.3,Higher education,Married,Commercial associate,-15971,-293,,,0.883373266268938,0.5162769456900312
100129,0,F,Y,Y,0,137800.0,275700.0,15178.8,Higher education,Single / not married,Pensioner,-22145,365243,3.7,0.856019346943073,0.3803438946319689,0.6779328721237967
100130,0,F,Y,N,0,127200.0,389900.0,13891.9,Secondary / secondary special,Married,Commercial associate,-9776,-61,17.3,,0.6833500607896127,0.49640101564797406
100131,0,F,N,Y,2,108100.0,488200.0,17308.5,Secondary / secondary special,Married,Working,-9676,-3101,,,0.9279246903533577,
100132,0,M,Y,Y,1,256900.0,763200.0,44010.7,Higher education,Married,Commercial associate,-23829,-1547,14.8,,0.6600196933706378,0.8453590019598693
100133,0,F,N,Y,0,265500.0,552100.0,29790.5,Secondary / secondary special,Married,Commercial associate,-8186,365243,,,0.7231830169555347,
100134,0,F,Y,N,0,196400.0,309900.0,26891.6,Higher education,Single / not married,Working,-14382,-386,8.0,,0.6166091316665299,
100135,0,F,Y,N,0,369400.0,2231400.0,156249.1,Secondary / secondary special,Married,Working,-11088,-1024,8.5,0.5830157900541098,0.796958155672471,0.3549790311101671
100136,0,F,N,N,0,81500.0,213200.0,20592.3,Incomplete higher,Married,Working,-9142,-2568,,,0.7676539302220515,0.41262767606319245
100137,0,M,Y,N,0,133900.0,825200.0,39925.6,Secondary / secondary special,Married,Working,-24744,-2012,16.5,,0.4778622114821872,0.6062049523270048
100138,0,F,N,N,2,125900.0,203000.0,6820.0,Secondary / secondary special,Married,State servant,-10579,-1554,,,0.8184550746085288,
100139,0,M,Y,Y,0,202600.0,736100.0,56934.4,Higher education,Married,State servant,-15243,-1675,4.9,,0.36241269732083536,0.6344954469847304
100140,0,F,N,Y,1,83500.0,331700.0,11437.5,Higher education,Married,Commercial associate,-12161,-1168,,0.7653927664212533,0.6942598118832269,0.6725698895813734
100141,0,F,N,Y,1,198900.0,690700.0,38070.6,Higher education,Single / not married,Working,-16281,-1300,,0.8205307517569571,0.3446446355911504,0.6274893172547905
100142,0,F,N,Y,0,76900.0,153000.0,13901.2,Secondary / secondary special,Married,Working,-21115,-2253,,0.5516406805160539,0.5605257654711036,
100143,0,M,N,N,1,206200.0,1212500.0,91809.9,Secondary / secondary special,Separated,Working,-19236,-1405,,,0.7669739741185928,
100144,0,F,N,Y,0,247600.0,1508800.0,79149.1,Secondary / secondary special,Civil marriage,Working,-17694,-2240,,,0.713335994877119,0.49436488003813667
100145,0,F,N,Y,0,88500.0,466500.0,33094.7,Secondary / secondary special,Married,Pensioner,-16623,365243,,,0.6179936118266193,0.5120073109567329
100146,0,F,Y,Y,2,124800.0,254600.0,10893.1,Secondary / secondary special,Married,Working,-9981,-1250,5.7,,0.5957312751552822,
100147,0,F,N,Y,0,251600.0,694200.0,47124.9,Secondary / secondary special,Single / not married,Working,-14726,-878,,0.3505105708308926,0.4922953717903955,
100148,0,F,Y,Y,0,275500.0,818500.0,32100.9,Higher education,Married,Working,-23541,-2693,13.7,,0.7754352706971547,0.71480382331406
100149,0,F,N,Y,0,77500.0,482100.0,33976.0,Higher education,Civil marriage,Pensioner,-22055,365243,,0.6591464650998579,0.7205546586871174,
100150,0,F,Y,N,0,174500.0,959500.0,44122.1,Secondary / secondary special,Married,Working,-8805,-1616,16.1,,0.7481535596019023,0.7022571750328666
100151,0,M,N,Y,0,197600.0,727200.0,35558.2,Secondary / secondary special,Married,Working,-22404,-983,,,,0.875978095317022
100152,0,M,N,Y,0,146700.0,589900.0,22627.6,Secondary / secondary special,Civil marriage,Working,-22187,-608,,0.8570313277293454,0.5200743080250506,0.6524852805371297
100153,0,F,N,Y,0,281000.0,1542300.0,69593.6,Secondary / secondary special,Civil marriage,Working,-21730,-203,,0.584577552892772,0.33153384020948456,0.706190154185663
100154,1,F,N,N,0,115100.0,208500.0,10269.7,Secondary / secondary special,Married,Commercial associate,-21955,-1632,,,0.3442396804111185,
100155,0,F,Y,Y,0,122200.0,423100.0,15052.0,Higher education,Single / not married,Commercial associate,-24904,-1694,6.4,0.617071314285001,0.36767780653504456,0.47137152330677107
100156,0,M,Y,Y,0,109500.0,192500.0,6968.0,Secondary / secondary special,Married,Commercial associate,-8638,-588,4.0,0.6509525122294243,0.5111298943331841,0.6547122959225977
100157,1,F,N,N,0,164500.0,997500.0,36080.6,Secondary / secondary special,Married,Working,-14399,-920,,0.6250657380351592,0.6589594240026266,0.7625337533800953
100158,0,M,N,N,0,130500.0,483900.0,32835.4,Higher education,Civil marriage,State servant,-24648,365243,,0.5510880186436491,0.7688068363839065,0.8427154043101229
100159,0,M,Y,Y,0,218100.0,522900.0,21457.3,Secondary / secondary special,Married,Commercial associate,-17359,-1358,15.3,0.40945035000160074,0.6411400527179394,0.8053336255467743
100160,0,M,N,Y,0,125900.0,805300.0,35315.2,Secondary / secondary special,Married,Pensioner,-19632,365243,,0.7217904537069791,0.7914140806900045,0.2232809797582241
100161,0,F,N,Y,0,136700.0,805000.0,29836.2,Secondary / secondary special,Married,Working,-14014,-1150,,,0.6790138543065465,0.5590889070844636
100162,0,M,Y,N,0,165000.0,666800.0,29455.3,Secondary / secondary special,Separated,State servant,-11385,-372,12.5,0.46733935921977277,0.4159189751170703,
100163,0,F,N,Y,0,103800.0,635500.0,45919.6,Secondary / secondary special,Married,Commercial associate,-24824,-4437,,,0.8570722215822953,0.7393131536762375
100164,0,F,Y,N,0,238300.0,575000.0,36521.7,Higher education,Single / not married,Working,-14010,-1822,11.0,,,0.6421297420145581
100165,0,F,Y,N,0,205400.0,1093400.0,55515.4,Secondary / secondary special,Single / not married,Working,-17503,-2649,15.1,,0.8425624388625582,
100166,0,F,N,Y,0,202400.0,1086100.0,51544.7,Higher education,Civil marriage,Working,-11944,-260,,0.6174319247471473,0.6996314808795466,0.7472272380885704
100167,0,M,Y,Y,0,95300.0,425200.0,22935.8,Higher education,Married,Pensioner,-24622,365243,13.0,0.6737675499210228,0.6480494484693146,0.5435582907367935
100168,0,M,N,N,0,302400.0,1053300.0,38673.2,Higher education,Married,Working,-12200,-1008,,,0.8599989875955444,0.7638185845808737
100169,0,F,N,N,0,65600.0,190600.0,7047.6,Incomplete higher,Widow,Commercial associate,-23693,-1344,,0.7912947587753807,0.8309735693674298,0.7938683913071982
100170,0,M,N,N,1,210500.0,993100.0,39750.7,Higher education,Married,Commercial associate,-12786,-142,,,0.42223991055293797,0.49907868629993246
100171,0,F,N,Y,1,160700.0,500400.0,26465.6,Higher education,Married,Pensioner,-24271,365243,,0.26783492489123073,,0.7523791196986233
100172,0,F,N,N,2,203800.0,438300.0,17361.0,Secondary / secondary special,Married,Working,-14110,-3755,,0.5050032539894526,0.5114636488010647,0.8213441285511388
100173,0,F,N,N,0,137000.0,789600.0,29054.8,Secondary / secondary special,Civil marriage,Pensioner,-22959,365243,,,0.4922007915771528,0.8650383481442683
100174,0,M,N,N,0,156800.0,861900.0,38965.8,Higher education,Separated,Working,-18186,-383,,,0.8017996728671369,0.6853114367179098
100175,0,F,N,Y,0,206900.0,618300.0,27957.2,Higher education,Married,Pensioner,-9665,365243,,,,0.5446812074170586
100176,0,F,N,Y,0,150900.0,232300.0,15809.2,Higher education,Married,Working,-12853,-81,,,0.7116058504464967,0.8631364675393149
100177,0,F,Y,Y,1,166400.0,447700.0,26178.6,Secondary / secondary special,Single / not married,Working,-21010,-4291,18.7,0.6694702091992224,0.7348234455791441,0.5124642820428409
100178,0,M,N,N,2,168800.0,731200.0,30847.6,Higher education,Married,Working,-19373,-887,,0.6310785931862497,0.6740917681276137,0.5799361409110043
100179,0,M,N,N,1,405400.0,2001800.0,71387.8,Secondary / secondary special,Separated,Pensioner,-13913,-2115,,,0.5528448099568998,0.7807206912958974
100180,0,M,N,Y,1,73600.0,259000.0,10906.0,Secondary / secondary special,Married,Commercial associate,-11095,-2712,,0.7486961749650412,0.6913272311687715,0.44865182577039947
100181,1,M,N,Y,0,270700.0,1566600.0,93020.6,Secondary / secondary special,Married,Working,-22201,365243,,0.6365450188136729,0.8452312740296635,0.4262402899610429
100182,0,M,N,Y,0,185200.0,520200.0,20217.0,Secondary / secondary special,Married,Working,-18581,-3976,,,0.28130205892940136,0.7708412204220534
100183,0,F,Y,Y,0,175100.0,1088700.0,55495.7,Secondary / secondary special,Married,Commercial associate,-19626,-1049,11.8,0.6188347732310587,0.7691561365724408,
100184,0,F,N,N,1,85200.0,403600.0,23465.8,Secondary / secondary special,Married,Working,-16069,-3200,,,0.7915012297930604,
100185,0,M,N,Y,0,253700.0,1331100.0,78121.4,Secondary / secondary special,Single / not married,Working,-13812,-2481,,0.5772865873271985,0.8080705163939681,0.9150415332942545
100186,0,M,Y,Y,0,90700.0,380900.0,14652.8,Secondary / secondary special,Married,Commercial associate,-14371,-2499,9.1,,0.6377183921342271,
100187,0,F,Y,N,0,293000.0,1904400.0,70235.5,Higher education,Single / not married,Working,-8215,-748,14.8,,0.919807727784023,0.6926517498698328
100188,0,F,Y,Y,0,118300.0,274800.0,16616.3,Secondary / secondary special,Married,Working,-24216,-707,18.9,,0.6819548713446972,0.5971565187580691
100189,0,M,N,Y,1,293000.0,1104900.0,78321.7,Secondary / secondary special,Married,Working,-14096,-1995,,,0.5560255508990303,
100190,0,F,N,Y,0,109700.0,309300.0,14920.1,Secondary / secondary special,Married,Commercial associate,-16137,-558,,,0.6168087828408101,0.40571116499176063
100191,0,M,N,Y,0,99200.0,282900.0,10527.3,Higher education,Married,Commercial associate,-13931,-2303,,,0.7539262636570693,0.6833094173639148
100192,0,F,Y,Y,0,144500.0,803500.0,66278.3,Secondary / secondary special,Married,Working,-13897,-1002,12.5,,0.8661700549954477,0.6665336949859098
100193,0,F,N,Y,0,108000.0,471400.0,23864.8,Secondary / secondary special,Civil marriage,Working,-19690,-1253,,0.6463220635214441,0.6197458938397211,0.7100917272899367
100194,0,M,N,Y,2,135700.0,273900.0,27365.1,Secondary / secondary special,Married,Working,-19422,-1234,,,0.8409478511365265,0.5993724716812278
100195,0,F,N,Y,0,322200.0,1980500.0,90658.9,Secondary / secondary special,Married,Working,-21875,-961,,,0.16642216677506935,0.7002575927273034
100196,0,F,Y,Y,0,117600.0,261000.0,17197.3,Secondary / secondary special,Married,Working,-8928,-2354,1.4,0.5798759901836027,0.6646053049913345,
100197,0,F,Y,Y,2,163100.0,824400.0,47252.9,Higher education,Single / not married,Working,-22994,-1815,0.8,,0.22441268712282428,0.5537462595612943
100198,0,M,N,Y,1,308700.0,1510000.0,91945.7,Higher education,Married,Commercial associate,-24442,-963,,,0.39313387328003,
100199,0,F,N,Y,0,167900.0,945500.0,47670.7,Secondary / secondary special,Married,Working,-25011,-912,,,0.6403902858505925,0.5152602587830576
100200,0,F,Y,Y,3,250300.0,1173800.0,49715.2,Higher education,Married,State servant,-9928,-130,8.2,,0.7046559989811604,0.5991525566365516
100201,0,M,N,N,0,193700.0,659700.0,54997.8,Secondary / secondary special,Married,Unemployed,-16203,365243,,0.4743001928925875,0.6948672395400636,0.3555010680181757
100202,1,M,Y,Y,1,236400.0,594200.0,25739.0,Secondary / secondary special,Married,Working,-24133,-1530,18.4,0.2836701291273856,0.6088627030279267,0.4493204944275623
100203,1,F,Y,Y,0,146300.0,614300.0,39449.8,Secondary / secondary special,Single / not married,Commercial associate,-20975,-135,19.9,,0.7862885630250989,0.7486043713130329
100204,0,F,N,Y,0,196000.0,326200.0,13047.3,Secondary / secondary special,Single / not married,Commercial associate,-8725,-520,,,0.5768452961676582,0.5996247137713497
100205,0,F,N,Y,0,340300.0,1401200.0,115489.1,Secondary / secondary special,Married,Working,-22928,-1973,,0.7832542564100811,0.6139898448033746,0.5567226648581776
100206,0,F,N,Y,0,129900.0,307100.0,11843.1,Higher education,Married,Working,-22371,-2488,,0.6187872177370117,0.5503851524104642,0.23483575023245848
100207,0,F,N,Y,1,182000.0,859900.0,36100.2,Secondary / secondary special,Married,State servant,-21348,-894,,0.6916103605822272,0.524220033484135,0.34558060135823
100208,0,M,N,Y,0,111100.0,395400.0,33054.3,Incomplete higher,Widow,Working,-14890,-48,,,0.6013963244128895,0.6410024316012284
100209,1,F,Y,N,0,240400.0,1273200.0,45884.4,Secondary / secondary special,Single / not married,Commercial associate,-18755,-593,17.3,0.6823043459893916,0.6646716710218865,0.6377252353905085
100210,0,F,N,Y,0,71100.0,316500.0,27515.6,Secondary / secondary special,Married,Commercial associate,-20221,-1104,,,0.6226881943439712,0.8387813567232313
100211,0,M,N,Y,0,131900.0,526800.0,41355.7,Secondary / secondary special,Widow,Working,-14624,-2452,,0.6441843005747011,0.5129917270009755,
100212,0,F,N,N,0,237100.0,1135500.0,82596.3,Secondary / secondary special,Married,Commercial associate,-21415,-2075,,0.7540254342827314,0.6474548828118454,0.6006826393690308
100213,1,F,N,Y,1,140700.0,367100.0,26563.2,Secondary / secondary special,Married,Pensioner,-12461,365243,,0.5742097262393039,0.4331328484012992,0.43393458436679716
100214,0,M,N,Y,0,67300.0,411600.0,14537.7,Secondary / secondary special,Separated,Working,-10889,-2998,,0.5206278461306639,0.6106653661985594,
100215,0,M,Y,Y,0,106600.0,197600.0,10862.7,Higher education,Single / not married,Working,-22728,-1087,12.1,,0.9189298989574056,0.901413343605476
100216,0,M,Y,Y,0,110800.0,356500.0,26956.1,Secondary / secondary special,Married,Working,-13619,-2153,12.2,0.5208621509931569,0.4948794694977751,
100217,0,F,N,N,0,305900.0,546500.0,26072.7,Secondary / secondary special,Married,Pensioner,-8665,365243,,0.7210910404581051,0.6257799508511295,0.6958680271362195
100218,0,F,N,Y,1,215000.0,952500.0,38303.9,Secondary / secondary special,Widow,Commercial associate,-22269,-1646,,,0.7564326935137275,0.37856401443871857
100219,0,M,Y,Y,0,225100.0,766100.0,25909.0,Secondary / secondary special,Married,Working,-21678,-2763,14.2,0.6775409342978508,0.4339992800772868,
100220,0,F,Y,N,0,86500.0,154400.0,7030.1,Secondary / secondary special,Married,Pensioner,-21737,365243,4.7,,0.5722224016158651,0.6158657637152424
100221,0,F,N,Y,0,150900.0,729500.0,58980.0,Secondary / secondary special,Married,State servant,-13646,-855,,0.5891997558651865,0.7181675156170227,
100222,0,F,Y,Y,0,303300.0,1908000.0,152309.2,Higher education,Widow,Working,-18246,-1088,19.2,,0.6122592787621487,0.622376418531314
100223,1,M,Y,Y,0,225400.0,458600.0,16079.9,Incomplete higher,Married,Pensioner,-7914,365243,5.4,0.3958226101509044,0.7528335203178438,0.8053674961048661
100224,0,M,N,Y,0,119800.0,311800.0,12313.8,Secondary / secondary special,Married,Working,-7710,-695,,,0.8507579378234467,0.7724096959021562
100225,0,F,N,Y,0,214400.0,613900.0,47379.7,Higher education,Married,Working,-12215,-1348,,0.5216990926201522,0.8445040564561693,0.7261987661298852
100226,0,M,N,Y,1,84500.0,414100.0,16027.0,Higher education,Married,Working,-16879,-60,,0.6803771697256371,0.5840985075931571,0.6615201201200751
100227,0,F,N,Y,1,102400.0,351400.0,29411.9,Secondary / secondary special,Single / not married,Working,-18194,-196,,0.566750520022303,0.5078167960247548,0.7141180320389209
100228,0,F,Y,N,0,64500.0,340100.0,19446.2,Higher education,Married,Pensioner,-10009,365243,18.5,,0.6616057268174512,0.6257991687492639
100229,0,F,N,Y,0,143100.0,545900.0,52383.0,Secondary / secondary special,Civil marriage,Working,-22882,-767,,,0.767741912735003,0.6610894570631981
100230,0,F,Y,N,0,200200.0,323800.0,10976.9,Secondary / secondary special,Single / not married,Commercial associate,-24493,-155,14.2,,0.689271330422829,0.747810278140767
100231,0,F,Y,Y,3,97600.0,231300.0,13769.4,Secondary / secondary special,Married,Working,-9760,-3185,17.1,,0.40807843569925795,0.42399584664389334
100232,0,F,N,N,1,144400.0,447700.0,35834.1,Higher education,Civil marriage,Working,-22114,-742,,0.49799332860996115,0.6613433465080881,0.8208342079478417
100233,0,M,N,Y,1,103200.0,482100.0,18381.1,Higher education,Married,State servant,-18439,-337,,,0.5406113781379149,0.7480562859631106
100234,0,F,N,N,1,115400.0,565900.0,30845.4,Higher education,Married,Pensioner,-16478,-514,,0.6991369401421073,0.6826673865334962,0.5364171639032838
100235,0,M,Y,N,0,94000.0,441800.0,19712.4,Secondary / secondary special,Married,Working,-16244,-1294,17.6,,0.6059503748120911,
100236,0,M,N,Y,2,263200.0,476000.0,17474.4,Incomplete higher,Married,Working,-20816,-560,,,0.8822166927207725,
100237,0,F,N,Y,0,110300.0,369000.0,24255.4,Secondary / secondary special,Married,Working,-11332,-603,,,0.3899336028891951,0.715801999544893
100238,0,M,N,N,0,134600.0,629400.0,30309.1,Higher education,Married,State servant,-18346,-1943,,,0.7955389826031606,0.6009861831225276
100239,0,F,N,N,1,118800.0,558100.0,41905.8,Higher education,Married,Working,-12252,-604,,0.7290930754285649,0.7587571345373769,0.712454283774273
100240,0,F,N,Y,1,173500.0,763000.0,28239.7,Secondary / secondary special,Single / not married,Working,-9163,-819,,,0.8074329583937437,0.4737424668889608
100241,0,M,N,N,0,461700.0,1676100.0,102146.4,Secondary / secondary special,Married,Commercial associate,-17363,-147,,0.337148157209153,0.6808939128266117,0.7756347438026457
100242,0,M,N,Y,1,527400.0,814800.0,41274.2,Higher education,Married,State servant,-12379,-2274,,0.7109637912337262,0.5362016514747402,0.6212680131793886
100243,0,F,N,Y,2,136400.0,586000.0,23935.7,Higher education,Widow,Working,-20690,-417,,0.8102050061618349,0.8516079464148516,0.6628657950270181
100244,0,F,N,Y,0,181700.0,510200.0,18173.5,Higher education,Married,Pensioner,-19073,365243,,0.5288824892336117,0.28621197333676796,0.5325637390511498
100245,0,F,N,N,0,232200.0,757500.0,44666.8,Secondary / secondary special,Widow,Working,-11603,-144,,0.4706271338266945,0.3068750673116921,0.8219720505571162
100246,0,M,Y,Y,0,265100.0,1189500.0,101679.5,Secondary / secondary special,Single / not married,Commercial associate,-22775,-1494,7.5,0.2891632653048735,0.48310147339673454,0.4402398684202687
100247,1,F,Y,Y,1,200600.0,780800.0,38134.7,Secondary / secondary special,Married,Working,-13753,-2828,9.8,,0.5579892864388546,0.5542360439662364
100248,0,F,N,Y,0,247900.0,907800.0,88444.7,Secondary / secondary special,Married,Pensioner,-20101,365243,,0.47866034656125817,0.6494597696008942,0.5288979276300412
100249,0,F,N,Y,0,181400.0,640000.0,35851.7,Higher education,Civil marriage,Commercial associate,-12356,-1254,,,0.7666345653255873,
100250,0,F,N,Y,0,113500.0,604300.0,33269.2,Secondary / secondary special,Separated,State servant,-11117,-539,,,0.42979260094721355,0.5677007414590834
100251,1,M,Y,Y,1,247200.0,982400.0,50850.2,Secondary / secondary special,Single / not married,Working,-22752,-1056,5.7,,0.6884072841030404,0.4030951073051813
100252,0,M,N,N,0,160400.0,737500.0,40595.4,Secondary / secondary special,Single / not married,Pensioner,-23776,365243,,0.5559696418639855,0.5817844536597652,0.5596444694533038
100253,0,F,N,Y,0,175200.0,345100.0,13936.6,Higher education,Married,Commercial associate,-13842,-2437,,,0.516248941268944,
100254,0,F,N,Y,0,81900.0,372700.0,25287.1,Secondary / secondary special,Married,Working,-13192,-3887,,0.6037901615230328,0.6016925562427806,0.8194933865510992
100255,0,F,Y,Y,0,106700.0,190500.0,9344.2,Secondary / secondary special,Widow,Working,-19987,-1853,3.2,,0.6231532741856475,0.6225791730312966
100256,0,M,N,Y,1,126800.0,679400.0,41177.7,Secondary / secondary special,Married,Pensioner,-11656,365243,,,0.6944307943993225,
100257,0,M,Y,Y,0,191200.0,296800.0,13235.0,Secondary / secondary special,Married,Working,-22821,365243,16.4,0.6954196014404884,0.7505659940261498,0.7612840685103734
100258,0,F,N,Y,0,338300.0,1766900.0,95823.0,Secondary / secondary special,Married,Commercial associate,-7819,-309,,0.6695685690649885,0.45702961141210996,0.8739166413747108
100259,0,F,Y,Y,1,214100.0,887700.0,62843.6,Higher education,Single / not married,Commercial associate,-10161,-3587,4.9,,0.6970805448773998,0.4918376840015697
100260,0,F,Y,Y,0,138900.0,699400.0,31971.5,Secondary / secondary special,Single / not married,Pensioner,-9786,-141,12.9,,0.6726589056377202,0.4082989420465149
100261,1,F,Y,Y,1,96700.0,263300.0,17606.1,Secondary / secondary special,Married,Commercial associate,-13242,-1609,18.1,,0.6645613534953423,
100262,0,M,N,N,1,264300.0,1091000.0,60850.2,Secondary / secondary special,Married,Commercial associate,-22855,365243,,0.6311288570301361,0.8310772837317866,0.5521290797577937
100263,0,F,N,Y,1,174000.0,995500.0,54353.7,Secondary / secondary special,Married,Commercial associate,-18890,-788,,,0.7412145370727796,0.47678414586499696
100264,0,F,N,Y,0,35700.0,91500.0,3271.6,Secondary / secondary special,Married,Commercial associate,-9554,-1840,,0.7780423558024492,0.4708917729988151,0.5163215732426564
100265,0,M,N,Y,1,241000.0,392600.0,15838.9,Secondary / secondary special,Widow,Working,-9053,-291,,,0.7773245374584291,0.984565031099556
100266,0,F,N,Y,0,178400.0,939300.0,41586.0,Secondary / secondary special,Married,Pensioner,-12727,365243,,0.87146060425346,0.7253279672885388,
100267,0,F,N,Y,0,57300.0,287500.0,23473.4,Secondary / secondary special,Widow,Pensioner,-18537,365243,,,0.5541667478331331,0.852674310259021
100268,1,F,N,Y,0,199500.0,449000.0,27746.7,Higher education,Married,Working,-18080,-1855,,,0.4246161194269264,0.2533797801351941
100269,0,F,N,Y,0,156600.0,502600.0,45710.8,Higher education,Civil marriage,Working,-9672,-1169,,0.7488853581613499,0.5092688588812442,0.8730217998599649
100270,1,F,N,Y,1,83400.0,299100.0,14392.7,Secondary / secondary special,Married,Working,-21008,-630,,0.7145551456434465,0.3746894361393512,
100271,0,F,N,Y,0,377300.0,639400.0,51746.5,Secondary / secondary special,Civil marriage,Pensioner,-18755,365243,,,0.7361569463632134,0.8912435644551947
100272,0,F,N,Y,1,183600.0,625200.0,59087.0,Higher education,Married,Pensioner,-24905,365243,,0.5938606717063586,0.7095486442146353,
100273,0,F,Y,N,0,121200.0,238700.0,13930.5,Secondary / secondary special,Single / not married,Working,-17358,-1217,2.6,0.7591405607622898,0.8264884719302172,0.6038921442946401
100274,0,F,N,Y,0,105900.0,684900.0,27526.0,Incomplete higher,Single / not married,State servant,-13408,-29,,,0.7162274265737344,0.6054845386622486
100275,0,M,Y,Y,0,138200.0,885600.0,47830.4,Higher education,Married,Working,-9762,-813,8.3,,0.4275437626708668,0.7198628956682118
100276,0,F,Y,Y,0,140300.0,607900.0,51814.3,Secondary / secondary special,Separated,Pensioner,-23783,365243,18.6,,0.584128672102101,0.9584249776595374
100277,0,F,N,Y,0,195200.0,760700.0,36572.4,Secondary / secondary special,Single / not married,State servant,-8330,-729,,0.4805340881995332,0.7375739149895496,0.4128276659451552
100278,0,F,N,Y,0,135200.0,855800.0,45066.0,Incomplete higher,Married,Working,-13784,-2926,,,0.5708844276225824,0.8210451437602203
100279,0,M,N,Y,0,125000.0,604700.0,20695.4,Secondary / secondary special,Married,State servant,-16975,-1253,,,0.597059409620321,0.4935158653352047
100280,0,M,Y,Y,0,161700.0,349500.0,27423.2,Secondary / secondary special,Married,Commercial associate,-17659,-979,7.0,0.7105193520335802,0.8365139490187642,
100281,0,F,N,Y,0,123700.0,316800.0,13391.9,Secondary / secondary special,Civil marriage,Working,-17879,-1517,,,0.8161643974003785,0.636996758429739
100282,0,F,N,Y,0,142900.0,682700.0,27966.6,Secondary / secondary special,Civil marriage,Pensioner,-20242,365243,,0.6365286124694952,0.6082290516255437,
100283,0,F,N,Y,0,280400.0,1749400.0,64865.3,Higher education,Married,Working,-9919,-753,,,0.43748204986299594,
100284,0,F,N,Y,1,121100.0,382900.0,14217.1,Secondary / secondary special,Single / not married,Working,-20281,-1607,,0.63598055878941,0.7551252618086008,0.5604531629260505
100285,0,F,Y,N,0,139100.0,290000.0,16035.4,Secondary / secondary special,Married,Working,-23265,-2345,8.7,,,0.5884814065235536
100286,0,F,N,Y,1,104400.0,552800.0,22156.3,Secondary / secondary special,Married,Commercial associate,-8204,-1629,,0.44648123141829593,0.6514576946665964,
100287,0,F,N,N,0,242200.0,612100.0,34324.6,Secondary / secondary special,Civil marriage,Commercial associate,-8298,-965,,0.7150466829535168,0.5251258430537651,0.6916884680904293
100288,1,F,N,N,0,68900.0,136500.0,4893.5,Secondary / secondary special,Married,Pensioner,-25051,365243,,,0.6628020051543931,0.3090399877624706
100289,1,F,N,Y,0,101300.0,501300.0,20801.8,Higher education,Married,Pensioner,-13139,365243,,,0.2991653951317563,0.5845275019243036
100290,0,F,N,Y,0,203000.0,858900.0,79187.6,Secondary / secondary special,Married,Pensioner,-15648,365243,,0.7393213533674509,0.7291850554736459,0.6780564525766378
100291,1,M,N,N,1,137600.0,508700.0,36944.1,Secondary / secondary special,Married,Commercial associate,-13106,-293,,,0.6226509479418447,0.759033890261387
100292,0,F,N,Y,2,219100.0,387100.0,13784.1,Incomplete higher,Married,Pensioner,-17426,365243,,,0.5607713739769358,0.3891963944500771
100293,0,M,Y,Y,0,135000.0,211300.0,9935.6,Secondary / secondary special,Married,Working,-20143,-1905,17.1,,0.7523694987966931,0.7140554604510203
100294,0,F,Y,Y,0,108800.0,389800.0,15261.2,Secondary / secondary special,Married,Commercial associate,-20993,-17,11.9,,0.8748129447459131,0.6964670937250381
100295,0,M,N,Y,0,139400.0,629100.0,23283.1,Secondary / secondary special,Separated,Working,-13900,-1193,,0.5768633473696674,0.4840555771938104,0.5966403177427572
100296,0,M,N,N,1,82400.0,484800.0,44248.1,Secondary / secondary special,Married,Working,-12238,-39,,,0.8415271264420341,0.4839432735600502
100297,0,M,N,N,0,101600.0,455500.0,37388.6,Secondary / secondary special,Civil marriage,Working,-17253,-442,,0.7382949663372447,0.3352112593583695,0.5350263552228253
100298,0,M,N,N,0,222000.0,874000.0,30398.1,Secondary / secondary special,Single / not married,Working,-14407,-638,,0.6162195744965717,0.5867277827019081,
100299,0,M,N,N,1,131100.0,311900.0,14066.5,Higher education,Married,State servant,-18577,-700,,,0.4333149948838639,0.5904586893051051
100300,1,F,N,Y,1,145300.0,332300.0,13625.5,Secondary / secondary special,Married,Working,-18392,-1935,,,0.6854813724356285,
100301,0,M,N,Y,0,155800.0,709900.0,39675.8,Secondary / secondary special,Married,Pensioner,-23351,365243,,,0.4563167054229032,0.5065613095843695
100302,0,F,N,N,0,72700.0,238000.0,16039.6,Secondary / secondary special,Single / not married,Working,-7737,-1163,,,0.3694009396234178,0.8044731158024842
100303,0,F,N,N,1,73000.0,166400.0,13869.4,Higher education,Single / not married,Commercial associate,-9455,-69,,,0.677205793695778,0.5332809833965756
100304,0,F,N,N,0,174900.0,610700.0,42760.1,Secondary / secondary special,Married,Working,-21463,-4514,,,0.5148062823979728,0.7434514642256355
100305,0,M,N,N,0,122400.0,634000.0,52597.9,Academic degree,Married,State servant,-17901,-1065,,,0.8795107847703045,0.5487760978366535
100306,0,F,N,Y,0,133400.0,252000.0,8826.0,Secondary / secondary special,Married,Working,-8766,-322,,,0.6724706889313589,0.5850585308974601
100307,0,F,N,Y,0,194200.0,420500.0,15332.5,Secondary / secondary special,Married,Commercial associate,-24195,-2219,,,0.47733771955669485,0.5110503763514266
100308,0,F,N,N,0,96700.0,428100.0,17059.9,Secondary / secondary special,Married,State servant,-19073,-181,,,0.512951158824492,0.5809829582804525
100309,0,F,Y,Y,0,114100.0,485200.0,46465.9,Secondary / secondary special,Married,Pensioner,-16190,365243,6.5,,0.651227285076526,0.797269583359398
100310,0,F,N,Y,1,125700.0,285700.0,13983.8,Secondary / secondary special,Married,Pensioner,-21337,365243,,0.5309627557694304,0.8154991149601628,0.7061775189975456
100311,0,F,N,Y,1,171400.0,772700.0,52229.2,Secondary / secondary special,Single / not married,Working,-18119,-1923,,0.6914128136064239,0.9238359099065597,0.645517749263373
100312,0,F,Y,Y,2,125300.0,584000.0,50745.7,Secondary / secondary special,Married,Working,-14214,-681,14.0,0.7035764998382252,0.6914785866377907,0.29337994376125465
100313,0,F,N,Y,0,110800.0,212200.0,20367.4,Higher education,Married,Working,-12870,-3416,,0.5974335241222068,0.39070135532124145,0.7903322444692362
100314,0,F,N,Y,0,315600.0,1618500.0,66508.1,Higher education,Married,Working,-15619,-8,,0.7905244955737823,0.3975270870332696,0.5766442126614668
100315,0,F,N,Y,1,149900.0,309200.0,17588.2,Secondary / secondary special,Civil marriage,Working,-16002,-5373,,,0.5463578648015056,0.7229254218163126
100316,0,F,N,Y,0,197700.0,1046200.0,48045.1,Secondary / secondary special,Married,Pensioner,-20153,365243,,0.4913083277848388,0.5630277619769758,0.5514820591905752
100317,0,F,Y,Y,0,65200.0,176600.0,6928.5,Higher education,Married,State servant,-15962,-1005,5.9,,0.47117322709456455,0.740304913245838
100318,0,M,Y,Y,0,82500.0,216700.0,11425.8,Secondary / secondary special,Married,Commercial associate,-7991,-1417,4.2,0.4150010898081455,0.803458977917907,
100319,0,F,N,N,0,191700.0,929800.0,73885.1,Secondary / secondary special,Single / not married,Pensioner,-19673,365243,,,0.6560566883467138,0.6425340603377457
100320,0,M,N,Y,1,132100.0,635500.0,22014.7,Secondary / secondary special,Married,Working,-8890,-560,,,0.6942229519444304,0.5932862303148686
100321,0,M,N,Y,1,123800.0,352800.0,15381.7,Secondary / secondary special,Single / not married,Working,-22508,-2736,,0.83418281922421,0.7242261888556838,0.4836505902350808
100322,0,F,N,Y,1,96000.0,607500.0,43454.3,Secondary / secondary special,Single / not married,Commercial associate,-20087,-8045,,0.8662115132684671,0.622193779146694,
100323,0,F,N,Y,0,228300.0,785700.0,33214.7,Secondary / secondary special,Civil marriage,Working,-18151,-1872,,0.8219170192719876,0.6708652233914237,
100324,0,F,Y,N,4,197700.0,696800.0,37529.3,Secondary / secondary special,Civil marriage,Working,-15632,-356,19.8,,0.41393622636851934,0.502905268094341
100325,0,M,N,Y,0,143000.0,357900.0,13845.4,Secondary / secondary special,Married,Pensioner,-10687,365243,,0.1614568156806626,0.6647067753319491,
100326,0,M,Y,Y,0,164500.0,294600.0,12073.5,Higher education,Married,Working,-19153,-1579,13.6,0.8153986706357715,0.5505034920805261,
100327,0,M,N,N,3,128400.0,718600.0,47206.5,Secondary / secondary special,Separated,Working,-9589,-706,,,0.4674820662517121,0.688040020870789
100328,0,F,Y,Y,0,108300.0,343600.0,13848.5,Secondary / secondary special,Single / not married,Working,-18269,-1388,1.0,0.5210282107730768,0.5832131918702919,
100329,0,F,N,N,0,116600.0,460700.0,21928.5,Secondary / secondary special,Widow,Commercial associate,-10884,-381,,,0.8669790150547558,0.4904312408576415
100330,0,F,N,N,0,207700.0,1125800.0,47996.4,Secondary / secondary special,Married,Working,-18134,-1458,,0.8431646914737644,0.6109060785086093,0.7208371722091425
100331,0,M,N,Y,0,123300.0,251100.0,14024.3,Higher education,Widow,Commercial associate,-10320,-1206,,,0.7354878437350453,0.5614163989335054
100332,0,F,Y,N,1,151100.0,693700.0,57469.0,Secondary / secondary special,Married,Working,-9326,-816,1.7,,0.4998318346498218,0.7085679389359626
100333,0,M,Y,Y,1,121400.0,402600.0,37559.1,Secondary / secondary special,Married,Pensioner,-15925,365243,10.2,,0.7855519335780642,0.8265725154058768
100334,0,M,N,Y,0,224800.0,1276100.0,49391.1,Incomplete higher,Married,Pensioner,-20113,365243,,,0.4600703931601032,0.5834955957065683
100335,0,F,N,Y,1,109900.0,378700.0,24243.4,Secondary / secondary special,Married,Working,-11850,-389,,0.45025876850955754,0.33926006876107195,0.43084898337398797
100336,0,F,Y,Y,1,292800.0,1835500.0,84257.9,Secondary / secondary special,Married,Pensioner,-16396,365243,19.2,0.4259496232170776,0.6255674138828939,0.6335591522283496
100337,0,F,N,Y,0,113800.0,383200.0,14287.7,Secondary / secondary special,Married,Working,-21676,-597,,0.7226193390691377,0.5096378574938946,0.7172125541669516
100338,0,M,N,Y,0,113800.0,188600.0,6502.5,Secondary / secondary special,Married,Working,-17302,-880,,,0.774836132534804,
100339,0,F,N,Y,0,362800.0,1536900.0,52279.0,Secondary / secondary special,Separated,Working,-18139,-2085,,,0.7694733039945687,0.8429563579755025
100340,0,M,Y,Y,2,91100.0,195600.0,7490.8,Secondary / secondary special,Widow,Working,-11530,-2794,11.4,,0.5691487558876704,0.5322927163273415
100341,0,F,N,Y,0,144800.0,318000.0,15557.7,Secondary / secondary special,Separated,State servant,-9852,-1399,,,0.43113827753792033,0.7244320934989146
100342,0,M,Y,Y,1,232200.0,907800.0,59237.8,Secondary / secondary special,Widow,Pensioner,-10283,365243,13.6,,0.7926372086983069,0.5277654108962077
100343,0,M,Y,Y,0,73500.0,215900.0,20863.4,Secondary / secondary special,Civil marriage,Pensioner,-24725,365243,16.0,,0.53066133940745,
100344,0,F,N,Y,2,165400.0,697300.0,48047.3,Secondary / secondary special,Separated,Working,-9188,-1343,,0.6773903748525993,0.561510627796719,0.6359447226751838
100345,0,M,N,N,1,73700.0,353500.0,23999.0,Secondary / secondary special,Married,Commercial associate,-10326,-1306,,0.515194020916074,0.45766643811058844,
100346,0,M,N,Y,0,149700.0,898200.0,43763.9,Secondary / secondary special,Married,Commercial associate,-11276,-1004,,,0.686618609553563,0.6278258779571536
100347,0,M,N,N,0,368100.0,1081200.0,47950.0,Secondary / secondary special,Civil marriage,Working,-21484,-36,,,0.4338474525158765,0.3989369899226432
100348,0,F,Y,Y,0,51100.0,207100.0,6996.0,Secondary / secondary special,Married,Pensioner,-14647,365243,14.5,,0.5230297753560033,0.40840136807092
100349,0,F,Y,Y,0,142300.0,755100.0,42388.3,Secondary / secondary special,Single / not married,Pensioner,-21536,365243,10.7,0.4691407846223638,0.8454292664696585,0.6921074706397616
100350,0,F,N,N,0,120000.0,529600.0,18408.5,Secondary / secondary special,Married,Pensioner,-15014,365243,,,0.5883212594457037,0.6270069148930478
100351,0,F,N,Y,0,93600.0,309400.0,11834.1,Higher education,Married,State servant,-21603,-698,,0.44822961925924876,0.8808756033953895,0.37349673296000474
100352,0,F,N,Y,0,74000.0,142900.0,5919.8,Secondary / secondary special,Married,Working,-23369,-252,,,0.7160430877363918,0.7897573201486414
100353,0,F,Y,Y,1,241500.0,591700.0,43831.2,Higher education,Single / not married,Pensioner,-15512,365243,7.6,,0.7422295903045935,0.6634592091149502
100354,0,F,Y,Y,0,161000.0,271200.0,12129.3,Secondary / secondary special,Married,State servant,-24963,-1902,1.2,,0.4622286386677164,0.7171566156723781
100355,0,F,Y,Y,0,63800.0,291800.0,13350.2,Secondary / secondary special,Married,Commercial associate,-24026,365243,13.7,0.5085360261955633,0.39783761566150383,0.8430649595566244
100356,0,F,N,Y,1,96400.0,388400.0,15049.2,Secondary / secondary special,Married,Working,-7939,-872,,0.4822028565581324,0.7732848801501372,0.7334665895255629
100357,0,M,N,Y,0,115000.0,344700.0,15970.1,Secondary / secondary special,Married,Working,-17560,-4471,,0.6307543030441436,0.9059370792379319,0.5902611931046202
100358,0,M,N,N,2,72600.0,453600.0,15497.4,Higher education,Married,Working,-19190,-587,,0.64545750073181,0.9731000189518882,0.7771608114073913
100359,0,F,N,Y,0,153200.0,613600.0,43887.6,Secondary / secondary special,Single / not married,Working,-22452,-846,,,0.7216447349317902,0.933816710259507
100360,0,F,Y,Y,0,165200.0,1065400.0,80044.9,Secondary / secondary special,Married,Pensioner,-19475,365243,1.3,,0.7070040547434194,0.8302700254367449
100361,0,M,N,N,0,164100.0,547900.0,22334.5,Higher education,Separated,State servant,-19736,-56,,,0.7970827921136202,0.5295648522327925
100362,0,F,Y,Y,0,365600.0,1686000.0,56359.7,Secondary / secondary special,Married,Pensioner,-12748,365243,0.2,0.5000624498054996,0.7800528705323045,0.8225052854051237
100363,0,F,N,N,1,96400.0,294000.0,19919.9,Secondary / secondary special,Widow,Working,-22055,-1559,,0.5305757927076584,0.9113507898492311,0.8553820593989913
100364,0,F,N,Y,0,119000.0,733100.0,66183.4,Secondary / secondary special,Civil marriage,Commercial associate,-8779,-2205,,,0.5555062551690623,
100365,0,M,N,Y,1,116200.0,323400.0,13971.9,Incomplete higher,Separated,Working,-19195,-128,,,0.5937170753137765,
100366,0,F,Y,N,0,216300.0,536800.0,21518.7,Secondary / secondary special,Single / not married,Working,-11212,-4637,3.6,,0.6096792210291502,
100367,0,M,N,Y,0,205900.0,964400.0,47723.1,Higher education,Married,Working,-21092,-2675,,0.5806154422367401,0.5099498287271593,0.6175156733870989
100368,1,M,N,N,0,88500.0,276800.0,19014.2,Secondary / secondary special,Married,State servant,-21524,-3720,,0.4337039055020572,0.5459374621066457,0.4851352069352827
100369,0,F,Y,Y,0,282200.0,1653700.0,82996.8,Incomplete higher,Married,Pensioner,-10734,365243,7.7,0.659008289176579,0.4457559970668747,
100370,0,M,Y,N,1,97900.0,206300.0,12771.4,Lower secondary,Married,Pensioner,-21582,365243,9.5,,0.8548609399871433,0.765022725278669
100371,0,M,N,Y,1,216300.0,390700.0,27220.1,Higher education,Married,Working,-22353,-845,,0.6525422768558818,0.6544017892140434,0.7863300200550399
100372,0,F,Y,Y,1,210500.0,344600.0,17210.0,Secondary / secondary special,Married,Working,-8600,-27,18.9,0.7109368722550583,0.6915538406516248,0.6254150640526633
100373,0,F,Y,Y,0,176200.0,531500.0,48518.7,Secondary / secondary special,Single / not married,Commercial associate,-15209,-917,16.1,,0.578813684165857,0.6194727913709362
100374,0,F,Y,N,0,127000.0,702300.0,28857.5,Higher education,Married,Commercial associate,-11048,-1667,7.0,0.5498839483681021,0.4873171073629234,0.873627979120086
100375,0,F,Y,Y,0,128000.0,782200.0,30902.2,Secondary / secondary special,Married,Pensioner,-9886,-19,0.4,,0.5319371757894221,0.45630585285935954
100376,0,F,N,Y,0,182900.0,1100400.0,37044.0,Higher education,Married,Working,-21758,-371,,,0.5058292387789017,0.7294438484217342
100377,0,M,N,N,0,186600.0,1148800.0,41661.3,Higher education,Married,Working,-12810,-2845,,,0.5898370106101836,
100378,0,F,Y,Y,1,202700.0,606800.0,38178.6,Secondary / secondary special,Married,Pensioner,-18960,365243,6.4,,,0.7853463544369342
100379,1,F,N,Y,0,202700.0,863800.0,53705.4,Secondary / secondary special,Civil marriage,Working,-7734,-1160,,0.5206379540608261,0.589620755109537,0.3820631006700896
100380,1,M,Y,Y,1,171800.0,558800.0,29602.4,Secondary / secondary special,Married,Commercial associate,-9063,-1352,1.8,,0.4522486373223294,
100381,0,F,Y,Y,0,278200.0,1399000.0,57138.4,Secondary / secondary special,Separated,Pensioner,-18368,365243,6.9,,0.897364024238332,0.6763246689355767
100382,0,M,Y,Y,1,112400.0,679300.0,62784.8,Secondary / secondary special,Married,Commercial associate,-14161,-2682,10.0,,0.7642363487893317,0.5550574781801355
100383,0,M,N,Y,0,150100.0,348900.0,11934.4,Secondary / secondary special,Married,Commercial associate,-23093,-1308,,,0.725323136346895,0.6723606345382336
100384,0,F,N,Y,0,114600.0,447900.0,18621.3,Higher education,Married,Working,-9112,-941,,0.7451355843216756,0.7789868543853724,0.6415874143499486
100385,0,F,N,Y,0,442200.0,1655500.0,61285.5,Secondary / secondary special,Married,Commercial associate,-18605,-2113,,,0.6894855257745001,0.8008322340104198
100386,0,M,Y,Y,0,207700.0,1254300.0,52698.2,Secondary / secondary special,Married,Working,-19993,-2169,13.3,,0.7706201165171865,
100387,0,M,Y,Y,2,232400.0,1378000.0,48492.6,Secondary / secondary special,Married,Commercial associate,-18386,-695,19.3,,0.7403713215568481,
100388,0,M,Y,N,0,180000.0,1045100.0,39676.2,Secondary / secondary special,Single / not married,Commercial associate,-19604,-796,19.7,,0.6814262624568943,0.21127394432089325
100389,0,F,N,Y,1,143600.0,751000.0,40119.3,Secondary / secondary special,Single / not married,Working,-12041,-278,,,0.6029611538757979,0.4948724664295783
100390,0,M,Y,Y,1,489800.0,2980500.0,123276.0,Higher education,Married,Working,-21120,365243,15.3,,0.6374145037286929,0.6724533455844314
100391,0,F,N,Y,0,254500.0,1650400.0,57221.4,Higher education,Separated,Working,-17394,-1555,,,0.8446094868543563,
100392,0,F,N,Y,2,127500.0,274200.0,9487.8,Secondary / secondary special,Single / not married,Working,-21486,-268,,,0.686831715466144,0.515773328093227
100393,0,F,N,N,1,130300.0,789500.0,28192.1,Incomplete higher,Married,Working,-9805,-494,,,0.7966759533653269,0.6549469110591986
100394,0,M,N,Y,0,162700.0,693300.0,27729.7,Secondary / secondary special,Married,Pensioner,-9897,365243,,0.5703835179398056,0.7610357940005684,0.6732498274811377
100395,0,F,Y,N,0,115500.0,328400.0,14470.7,Secondary / secondary special,Married,Working,-14604,-129,0.6,,0.46967213479776954,0.5493785193561256
100396,0,F,N,Y,0,125900.0,547200.0,26061.0,Secondary / secondary special,Civil marriage,Working,-14505,-847,,,0.8070689884848591,0.8610582946891475
100397,0,M,Y,N,1,74300.0,295800.0,21431.4,Higher education,Married,Commercial associate,-9922,-1482,11.2,0.6536485536475969,0.5455494025448943,0.5737572563737191
100398,1,F,N,N,0,50100.0,210600.0,10984.1,Secondary / secondary special,Married,Commercial associate,-9093,-1879,,0.4560769168283308,0.6264451476730595,
100399,0,F,N,Y,0,358500.0,1205000.0,94920.4,Higher education,Married,Working,-9086,-2511,,0.713021858168087,0.3697155317995428,0.33123060190666925
100400,0,F,Y,N,2,117300.0,554800.0,42442.9,Secondary / secondary special,Married,Working,-8588,-1218,7.2,0.7552172858643281,0.7350651498219372,0.5133842769398846
100401,0,F,N,N,0,128400.0,627400.0,47694.3,Higher education,Married,Working,-8251,365243,,,0.66116292333211,0.7838796617906703
100402,0,M,Y,Y,1,151900.0,274900.0,14129.7,Secondary / secondary special,Married,Working,-21831,-2114,6.9,,0.35729898861201237,
100403,0,M,Y,Y,1,201400.0,1077800.0,91807.8,Higher education,Widow,Working,-24062,-655,5.5,0.43480907744070973,0.6638154624443162,0.22651470369473165
100404,1,F,N,Y,1,208800.0,882200.0,32454.1,Secondary / secondary special,Married,Commercial associate,-15133,-991,,,0.368316431516963,
100405,1,M,N,Y,0,234000.0,1373600.0,48830.0,Secondary / secondary special,Married,Commercial associate,-10944,-860,,0.340890562693945,0.5247785284664609,0.43168197517466655
100406,0,M,N,Y,0,190700.0,906600.0,38547.7,Higher education,Married,Working,-13427,-3002,,0.8650425829340829,0.29523052045631654,0.2581597811405109
100407,0,F,N,Y,0,130500.0,844100.0,41449.6,Secondary / secondary special,Married,Commercial associate,-22020,-5361,,,0.621357871692033,0.3318094618144654
100408,0,M,N,Y,0,260200.0,1356100.0,46640.3,Higher education,Single / not married,Working,-23961,-298,,0.5407732931781183,0.572023834684513,0.49649701275264735
100409,0,F,Y,Y,1,135900.0,504600.0,30701.8,Higher education,Widow,Pensioner,-11854,365243,13.0,,0.7287580687303147,0.6600200011767133
100410,0,M,Y,Y,0,234300.0,631200.0,28585.1,Higher education,Single / not married,Commercial associate,-8206,-1101,2.6,0.8586591232537703,0.7285428876071611,0.16074717051974857
100411,0,M,N,Y,0,73600.0,343400.0,13226.5,Secondary / secondary special,Married,Commercial associate,-13080,-516,,0.7385785746132585,0.5354814710101808,0.4325532183221369
100412,0,M,Y,Y,0,264500.0,1054500.0,42646.9,Secondary / secondary special,Separated,Working,-14426,-4075,12.9,,0.7063890705460494,
100413,1,F,N,N,0,98600.0,361000.0,13431.0,Secondary / secondary special,Civil marriage,Working,-7722,-208,,,0.3957035880237245,
100414,0,M,Y,Y,0,76700.0,432700.0,29515.0,Secondary / secondary special,Married,Working,-19616,-47,19.2,,0.30215838295102354,0.3348777764744734
100415,0,F,Y,N,1,82100.0,499700.0,19193.4,Secondary / secondary special,Separated,State servant,-9853,-638,5.4,,0.4188132094678888,0.6191273418113066
100416,0,F,N,N,0,161300.0,610500.0,57010.5,Academic degree,Single / not married,Working,-9105,-2530,,,0.48561532669468793,
100417,0,F,N,N,1,412000.0,681700.0,32418.7,Incomplete higher,Single / not married,Working,-20278,-616,,0.6717105728995172,0.5935477952779155,0.5946004771989055
100418,0,M,N,Y,0,134800.0,794800.0,77975.5,Secondary / secondary special,Married,Pensioner,-21183,365243,,,0.34876532414322514,0.8038965369101424
100419,0,F,N,N,2,140000.0,240500.0,14158.6,Higher education,Married,Commercial associate,-10896,-444,,,0.9106401463129099,0.6907275061417216
100420,0,M,Y,N,0,208100.0,779600.0,36115.3,Secondary / secondary special,Civil marriage,Commercial associate,-21143,-2644,13.9,0.19826131776155076,0.791409963052407,0.5709778105211891
100421,0,M,N,N,0,113700.0,359200.0,14838.2,Secondary / secondary special,Married,Pensioner,-12885,365243,,,0.3923004725243777,0.6352091374457455
100422,0,F,Y,Y,0,137700.0,455000.0,22794.0,Secondary / secondary special,Widow,Working,-13072,-178,17.2,,0.6869273434041777,
100423,0,F,N,Y,1,125900.0,591400.0,20419.3,Higher education,Married,Working,-9816,-190,,0.5703906635304368,0.5627176782693363,0.4596001661325643
100424,0,F,Y,Y,1,356900.0,2062400.0,101959.0,Higher education,Married,Pensioner,-11641,365243,13.0,,0.6851377444511704,0.6653320968281392
100425,0,F,N,Y,0,152400.0,777300.0,67981.3,Secondary / secondary special,Single / not married,Working,-8349,-1775,,,0.4140587924042076,0.912815511980266
100426,0,M,Y,N,1,206300.0,758800.0,55664.8,Secondary / secondary special,Married,Pensioner,-19451,-981,10.7,0.32754375492228827,0.6312947296080639,0.46074282651052634
100427,0,F,N,N,0,106900.0,572500.0,21277.3,Secondary / secondary special,Married,Working,-22596,-1921,,,0.7947319783375161,0.5713848212866255
100428,0,M,N,Y,0,88200.0,417300.0,14437.5,Secondary / secondary special,Single / not married,Working,-8517,-1943,,0.7277409408126178,,0.33964759304298553
100429,0,F,N,Y,2,198500.0,785100.0,33578.3,Secondary / secondary special,Single / not married,Working,-12148,-2140,,0.5402072358055214,0.6276240720007168,0.6641096433538013
100430,0,M,Y,N,0,165000.0,523100.0,21023.1,Higher education,Married,Pensioner,-13739,365243,18.1,,0.3838428874399062,0.3209397108676839
100431,0,M,N,Y,2,234100.0,922000.0,41200.0,Higher education,Married,Working,-14552,-963,,,0.8972507638302135,0.5260194580023577
100432,0,M,Y,Y,0,98800.0,536700.0,23567.9,Secondary / secondary special,Married,Working,-22120,-431,13.9,0.5264561800288391,0.3816352545933334,
100433,0,M,Y,N,1,141300.0,696300.0,24610.9,Higher education,Married,Working,-8421,-1062,6.9,0.49801574328658843,0.5354336282731545,0.647599829826203
100434,0,M,Y,N,0,82500.0,457100.0,24425.1,Secondary / secondary special,Civil marriage,Working,-18436,-1475,3.8,,0.6931682071047293,0.6045714408679098
100435,0,F,Y,Y,0,117900.0,757300.0,32445.9,Secondary / secondary special,Single / not married,Working,-17001,-211,18.9,,0.5878382576625347,0.6670097123078729
100436,0,F,N,Y,0,76800.0,487800.0,20780.8,Higher education,Married,Pensioner,-22370,365243,,,0.8244445639970887,0.652016242998337
100437,0,F,Y,Y,1,129600.0,789700.0,44057.4,Secondary / secondary special,Married,Commercial associate,-13032,-588,9.6,,0.8765773537220053,0.7725739477929766
100438,0,F,N,Y,1,265300.0,1398600.0,73712.1,Secondary / secondary special,Married,Working,-9455,-2001,,,0.7837645476649013,0.49811777101717375
100439,0,M,N,N,1,100100.0,647300.0,39456.0,Secondary / secondary special,Married,Working,-9959,-3042,,0.3785641397532119,0.7571564826065431,
100440,0,F,N,N,0,99500.0,385500.0,13258.4,Higher education,Married,Working,-18725,-70,,0.8845899348568813,0.6390717554135888,0.8086620883803408
100441,1,M,N,Y,2,136600.0,302900.0,23975.8,Secondary / secondary special,Civil marriage,Working,-17238,-13,,,0.313317566976335,0.745247861471587
100442,0,F,N,Y,0,135600.0,750700.0,49802.2,Secondary / secondary special,Separated,Working,-18054,-10163,,,0.5695332567064196,
100443,0,M,Y,Y,0,208300.0,492700.0,19357.4,Secondary / secondary special,Married,Pensioner,-10073,365243,7.6,0.5812433975834933,0.6222144535315505,
100444,1,F,N,Y,1,82100.0,333700.0,19799.0,Secondary / secondary special,Single / not married,Working,-8415,-236,,,0.7764764236755514,0.607192743495136
100445,0,F,Y,Y,1,47700.0,286600.0,12012.5,Secondary / secondary special,Married,Working,-17602,-5090,9.3,,,0.6604712686239889
100446,0,M,Y,Y,1,151500.0,821500.0,33479.1,Secondary / secondary special,Married,Commercial associate,-9091,-1246,6.9,0.7079691571059213,0.46950262005726523,0.48024257701423234
100447,0,M,Y,N,0,315100.0,970000.0,46065.7,Higher education,Married,Working,-23968,-25,5.8,0.5979804383937808,0.6998176437818745,
100448,0,F,N,Y,1,135000.0,360100.0,19818.1,Secondary / secondary special,Married,Pensioner,-21754,365243,,,0.750020255820833,0.7975899441910356
100449,0,F,N,N,1,176000.0,799500.0,33280.1,Secondary / secondary special,Married,Commercial associate,-10825,-3283,,,0.6130756026574479,0.4222776631677834
100450,0,F,N,Y,0,142100.0,750500.0,73541.6,Higher education,Separated,Working,-18151,-3864,,0.7621171151548252,0.7310495856885157,0.8763616432512458
100451,0,F,N,N,1,206000.0,1096400.0,45364.0,Higher education,Married,Pensioner,-9984,365243,,,0.3385555655382889,0.7204879843282993
100452,1,M,N,N,0,129000.0,687500.0,31940.6,Secondary / secondary special,Married,Working,-24083,-667,,,0.49823487265452393,
100453,0,M,N,Y,0,142500.0,215800.0,8030.9,Secondary / secondary special,Married,Working,-18004,-1111,,0.7769460930673486,0.5881727044152312,0.8435179761390449
100454,0,F,Y,Y,0,307800.0,1540500.0,62071.8,Secondary / secondary special,Separated,Commercial associate,-13241,-590,17.7,0.6984700093232895,0.6835378015655335,0.6140700823596705
100455,0,F,N,N,1,246400.0,1179600.0,55541.8,Secondary / secondary special,Married,Commercial associate,-19599,-827,,0.5718518199581895,0.7611068859514677,0.5353960715404472
100456,0,F,N,Y,0,107900.0,378300.0,14766.9,Higher education,Widow,Working,-7714,-1140,,,0.7398126507279373,0.8097175502023047
100457,0,M,N,Y,0,109100.0,708400.0,52876.5,Secondary / secondary special,Widow,Working,-12716,-123,,,0.5050492583006481,0.5867090705918325
100458,0,F,Y,Y,1,112600.0,421600.0,23516.1,Secondary / secondary special,Married,Pensioner,-11775,365243,0.1,,0.4322084482914101,0.7636706110058664
100459,0,M,N,N,1,88800.0,164400.0,7967.7,Secondary / secondary special,Married,Commercial associate,-13739,-262,,,0.22771014730652728,0.7130093387869002
100460,0,F,Y,Y,0,114900.0,206600.0,8124.3,Secondary / secondary special,Married,Commercial associate,-9165,-82,17.9,0.7243896002491365,0.6684481424736096,
100461,0,F,Y,Y,0,139400.0,506000.0,36262.5,Secondary / secondary special,Married,Working,-24641,-315,16.9,,0.46295624234616417,0.8635358723488742
100462,0,F,Y,Y,1,104000.0,476300.0,19752.4,Higher education,Married,Commercial associate,-15873,-764,6.5,0.7055950949727494,0.738415013986427,0.6648155698148347
100463,1,M,N,Y,0,185400.0,1204200.0,77584.1,Secondary / secondary special,Single / not married,Commercial associate,-22684,-312,,,0.5392436082890156,0.5885724103952116
100464,0,F,Y,Y,0,69300.0,254900.0,18244.5,Secondary / secondary special,Separated,Working,-8713,-77,3.0,,0.5819646676456639,0.7697036329004792
100465,0,F,N,N,1,86600.0,378200.0,21033.6,Higher education,Married,Working,-22481,-746,,0.44906522864548887,0.7071409068382614,
100466,0,M,Y,N,0,198100.0,1132300.0,81254.5,Secondary / secondary special,Married,Commercial associate,-19119,-213,20.0,,0.5265125355716035,
100467,0,F,N,Y,2,346400.0,1748900.0,93389.3,Secondary / secondary special,Married,Commercial associate,-19570,-510,,0.7736357221293741,0.44212383198272515,0.4080278230399897
100468,1,M,Y,Y,1,165000.0,999100.0,47928.8,Secondary / secondary special,Married,Commercial associate,-21807,-1471,12.7,0.3039599530776662,0.7156851126576824,0.7389663870327701
100469,0,F,N,N,0,101200.0,475300.0,27272.7,Secondary / secondary special,Married,Commercial associate,-16893,-2319,,,0.8083985558326181,
100470,1,F,N,N,0,89200.0,552100.0,19163.6,Secondary / secondary special,Separated,Commercial associate,-18785,-376,,,0.6401410592527358,0.6648358848853646
100471,0,F,N,Y,1,124400.0,585400.0,24931.0,Secondary / secondary special,Married,Working,-23445,-2779,,0.7987854683479702,0.4675271184659103,0.718097298358701
100472,0,F,Y,Y,0,260400.0,557300.0,30834.2,Higher education,Married,Pensioner,-9863,365243,1.7,,0.2604546300420339,0.7109419866819834
100473,0,F,N,Y,0,185600.0,597200.0,20639.5,Secondary / secondary special,Single / not married,Pensioner,-8646,365243,,,,0.6668005552184084
100474,0,F,N,Y,1,84400.0,322200.0,19701.5,Secondary / secondary special,Married,Pensioner,-24898,365243,,,0.943187197467357,0.7095667169946844
100475,0,F,N,Y,1,173300.0,953900.0,41862.0,Secondary / secondary special,Separated,Pensioner,-23124,365243,,0.7990975440245146,0.4465074106665619,
100476,1,F,Y,Y,0,280900.0,838600.0,43213.0,Higher education,Separated,Pensioner,-16681,365243,14.5,0.5062426644966879,0.7340595405237924,
100477,0,F,N,Y,0,250500.0,993000.0,36171.7,Secondary / secondary special,Married,Working,-21358,-1096,,,0.7220972128551892,0.5438909968100235
100478,0,F,N,N,0,268000.0,702500.0,37425.4,Secondary / secondary special,Married,Working,-23132,-2608,,,0.27152875376119784,0.7460075591666185
100479,0,F,Y,N,0,211100.0,711900.0,65972.0,Secondary / secondary special,Civil marriage,Commercial associate,-15855,-1231,18.1,0.6113460048348355,0.412821435646745,0.6650101137139214
100480,0,F,N,N,0,82700.0,239900.0,14848.1,Secondary / secondary special,Married,Working,-9387,-2700,,,0.5613179327371587,0.632209348324972
100481,0,F,N,Y,1,102400.0,634600.0,38895.0,Higher education,Married,Pensioner,-16096,365243,,0.8084336224754396,0.8050867881236458,0.7002618718364179
100482,0,F,N,Y,0,322200.0,1940300.0,108405.3,Secondary / secondary special,Widow,Working,-13830,-1168,,,0.607465556499447,0.7601504677162942
100483,1,F,N,Y,1,126400.0,651200.0,26455.8,Higher education,Married,Working,-8075,365243,,,0.6158560475126997,
100484,0,F,Y,N,1,62700.0,132500.0,5483.7,Secondary / secondary special,Married,Working,-24484,-4507,6.9,,0.8071085880592688,0.7817585877354574
100485,0,F,N,Y,0,193500.0,1202000.0,98786.2,Secondary / secondary special,Married,Working,-20219,-1359,,,0.6663565057877158,0.7135546381515214
100486,0,F,N,Y,0,237500.0,542400.0,48731.2,Secondary / secondary special,Married,Working,-21447,-1306,,,0.2555785310937212,0.8155104467864368
100487,0,F,Y,N,0,142000.0,251700.0,18252.9,Incomplete higher,Civil marriage,Working,-18132,-266,5.3,,0.3920804722732199,
100488,0,F,N,N,1,188600.0,324500.0,17089.3,Secondary / secondary special,Single / not married,Working,-12389,-340,,,0.6341110971480427,0.4162014516702056
100489,0,F,N,Y,0,101400.0,294000.0,13668.2,Secondary / secondary special,Married,Working,-17921,-145,,0.9285507597710484,0.6355417444704204,0.638442931369755
100490,0,F,N,N,0,119500.0,275500.0,14351.9,Higher education,Married,Commercial associate,-19596,-1639,,,0.6256700816266394,0.6164227656128816
100491,0,M,Y,Y,0,65300.0,153700.0,5857.4,Secondary / secondary special,Civil marriage,Commercial associate,-18142,-3198,0.4,0.6576146539274645,0.6145006074692237,
100492,0,F,N,Y,0,90800.0,265100.0,13152.1,Secondary / secondary special,Married,Working,-9899,-1702,,,0.31255574184398,0.3344239668417683
100493,0,M,N,Y,0,281100.0,1661400.0,66998.7,Secondary / secondary special,Married,State servant,-21933,-458,,0.7446820690629519,0.8461090541044358,
100494,0,F,N,Y,0,33100.0,199400.0,6697.7,Higher education,Married,Working,-12886,-1118,,0.6219724371305522,0.8703719294305835,
100495,0,M,N,N,1,123700.0,746000.0,32249.4,Secondary / secondary special,Married,Commercial associate,-14625,-270,,,0.7821363051341739,0.6168129946096704
100496,0,F,N,Y,0,115800.0,626700.0,28019.3,Secondary / secondary special,Married,Pensioner,-17325,365243,,0.7866340250237094,0.8556718525887246,0.8788734993926134
100497,0,F,N,Y,0,192400.0,923200.0,36503.4,Higher education,Married,Pensioner,-24810,365243,,,0.41113051596639844,0.3438974043215991
100498,0,F,N,N,2,56400.0,250800.0,12482.0,Secondary / secondary special,Married,Working,-13149,-1693,,,0.6501093656103542,
100499,0,F,N,Y,0,104400.0,675400.0,23825.0,Secondary / secondary special,Married,Working,-8404,-1553,,0.7148199934188573,0.5298593007828036,0.9474836786955121
100500,0,F,N,Y,0,113000.0,345900.0,15265.4,Secondary / secondary special,Single / not married,Pensioner,-24719,365243,,,0.7059429757239757,
100501,0,M,N,Y,0,176700.0,913700.0,32610.2,Secondary / secondary special,Married,Commercial associate,-24456,-1255,,,0.3637283590817454,
100502,0,M,Y,Y,2,146600.0,267500.0,13549.0,Secondary / secondary special,Civil marriage,Pensioner,-11146,365243,6.7,,0.8151973284048817,0.6734087360146848
100503,0,M,N,Y,1,69900.0,135500.0,9277.1,Secondary / secondary special,Married,Working,-22205,-2317,,0.5056032941295551,0.6629573648056185,0.2571647980051762
100504,0,F,Y,Y,1,126400.0,559400.0,20845.5,Secondary / secondary special,Married,Pensioner,-23792,365243,17.2,0.6539652781293152,0.5524959377742854,0.6807643062800888
100505,0,F,Y,N,0,103800.0,600500.0,44145.5,Higher education,Married,Pensioner,-7898,365243,16.2,,0.8334590167152784,0.6530006176866898
100506,0,M,N,Y,1,181400.0,1090200.0,37271.3,Secondary / secondary special,Married,Commercial associate,-20902,-4591,,0.8190062773092607,0.819874657931766,0.8211280965663957
100507,0,F,N,Y,0,131800.0,215800.0,7623.3,Secondary / secondary special,Married,State servant,-10824,-984,,,0.2901872118108054,0.6172380589898169
100508,0,M,N,Y,0,323500.0,945100.0,53635.0,Secondary / secondary special,Married,Working,-22172,-202,,0.833920844341947,0.6968402413900108,0.566430904571867
100509,0,F,N,N,1,109200.0,630900.0,23130.0,Higher education,Married,Working,-8037,-1272,,0.5052719296061366,0.6298709934644339,0.6558990103478053
100510,0,F,N,Y,0,114100.0,485300.0,17213.9,Higher education,Married,Commercial associate,-19789,-4753,,,0.5703101474105038,0.520975568117069
100511,0,F,N,Y,1,115900.0,269800.0,15376.9,Higher education,Married,Commercial associate,-21989,-4627,,0.4493646797147803,0.6098257543979784,0.5972972297729339
100512,0,M,N,N,0,135000.0,510700.0,18380.5,Incomplete higher,Single / not married,Working,-8295,-1720,,,0.6657161359768273,0.6108582967412375
100513,0,F,Y,Y,0,215100.0,1171100.0,50059.8,Higher education,Married,Working,-20943,365243,13.2,,0.627971599991175,0.19058147240133103
100514,0,F,N,Y,1,120700.0,650100.0,39842.2,Incomplete higher,Widow,Commercial associate,-9752,-1861,,,0.8604049072782695,0.8759431398458706
100515,0,F,Y,Y,0,123300.0,714500.0,37067.7,Secondary / secondary special,Married,Working,-9056,-397,3.7,,0.7695701694854042,0.6000399439386794
100516,0,F,Y,Y,0,172900.0,277900.0,9796.3,Secondary / secondary special,Married,Pensioner,-23811,365243,17.7,,0.6304467756992259,0.6686871272558659
100517,0,F,Y,N,2,96200.0,292700.0,12848.9,Secondary / secondary special,Married,Pensioner,-23852,365243,18.2,0.7992225243288674,0.43945262420451864,0.7209427340146903
100518,0,M,N,Y,2,195600.0,589900.0,25692.1,Secondary / secondary special,Civil marriage,Working,-20663,-2387,,,0.532394192259937,0.4812388929115115
100519,0,F,N,Y,0,124200.0,347200.0,14152.9,Secondary / secondary special,Married,Pensioner,-23277,365243,,0.4957300562808028,0.775284145522494,0.4630418172184743
100520,0,M,N,Y,0,98100.0,361300.0,14487.9,Secondary / secondary special,Widow,Working,-7963,-1035,,0.7707441267656467,0.5215851133911179,0.621285067771545
100521,0,M,N,Y,1,64400.0,230100.0,13749.3,Secondary / secondary special,Single / not married,Working,-16640,-109,,0.8566157142847812,0.6721344368725016,0.6449189476076139
100522,0,F,N,Y,0,89700.0,313900.0,11627.1,Secondary / secondary special,Married,Pensioner,-22951,365243,,0.4868857404760891,0.8396807292360127,0.5021602376375452
100523,0,F,Y,N,0,134200.0,493800.0,22696.9,Secondary / secondary special,Married,Working,-23322,-64,7.9,0.5291567802732604,0.5848588318135312,0.5277249194418193
100524,0,F,N,Y,0,141300.0,432500.0,14669.7,Secondary / secondary special,Married,Working,-14104,-4,,0.7693842255108777,0.5102556631228634,0.5879215237842087
100525,0,F,N,N,0,129600.0,830200.0,39366.2,Higher education,Married,State servant,-13361,-568,,,0.4258285709014698,0.6310111558207201
100526,0,F,N,N,0,75700.0,329500.0,23733.6,Secondary / secondary special,Separated,Working,-19942,-597,,0.5659968295515448,0.8719180713459237,0.8327808628032478
100527,0,M,Y,Y,0,133900.0,511200.0,44913.7,Secondary / secondary special,Civil marriage,Working,-8725,-2150,1.8,,0.7535684843995737,0.742473963321487
100528,0,M,Y,N,1,73200.0,197500.0,8313.1,Secondary / secondary special,Married,Working,-21354,-2923,8.6,,0.6604571909132025,0.8606962026210686
100529,0,M,N,N,0,83200.0,231100.0,10869.3,Secondary / secondary special,Married,Working,-12047,-883,,,0.44126460148714375,0.7627589945059375
100530,1,F,Y,Y,0,240000.0,1271200.0,46459.2,Higher education,Married,Working,-16814,-2752,3.7,,0.35171717072901004,0.7310544338937527
100531,0,M,N,Y,0,138600.0,495800.0,18355.3,Secondary / secondary special,Single / not married,Pensioner,-11046,365243,,0.7469632882789498,0.752274218704736,0.46219543950039665
100532,0,M,N,Y,1,178100.0,557100.0,31703.9,Higher education,Married,Working,-20545,365243,,0.4849409708435049,0.576879836004483,
100533,0,F,Y,Y,2,276500.0,672000.0,22501.9,Secondary / secondary special,Single / not married,Working,-24439,-445,5.4,,0.433543268921275,
100534,1,F,Y,N,1,141500.0,915600.0,33948.9,Higher education,Married,Commercial associate,-17152,-29,16.7,,0.7520644170903421,
100535,0,F,N,Y,0,223700.0,740300.0,64819.3,Secondary / secondary special,Separated,Working,-24338,-1523,,0.7901948156865691,0.6766667646333537,0.4331465830780752
100536,0,F,N,Y,0,172800.0,425700.0,25407.9,Secondary / secondary special,Married,Working,-14719,-277,,0.5587190921413412,0.925327372038548,0.5614233198469947
100537,0,F,N,Y,0,105000.0,544700.0,23679.0,Secondary / secondary special,Married,Unemployed,-12691,365243,,,0.7855254069172959,0.6607227998907224
100538,0,F,Y,Y,1,136000.0,818100.0,75147.6,Secondary / secondary special,Separated,Pensioner,-22372,365243,11.0,,0.4727270129572773,0.6836258197879405
100539,0,F,Y,N,0,103500.0,546800.0,34650.5,Lower secondary,Single / not married,Commercial associate,-8335,-99,4.8,,0.8003765027807829,
100540,1,M,N,N,0,191100.0,642300.0,30531.9,Higher education,Married,Commercial associate,-12599,-2581,,,0.5686767967624978,0.47368986219152287
100541,0,M,N,N,0,227300.0,1173600.0,40245.5,Secondary / secondary special,Civil marriage,Pensioner,-19775,365243,,,0.42944290820141956,0.49266589465829885
100542,0,F,Y,Y,1,78400.0,242700.0,8863.6,Higher education,Married,Commercial associate,-10982,-4407,19.8,,0.7139397998115038,0.4530241001942435
100543,0,M,N,Y,0,97700.0,384800.0,35942.5,Secondary / secondary special,Married,Working,-23281,-669,,,0.6555450964851055,0.4638851745607217
100544,0,M,N,N,0,123500.0,248500.0,9613.8,Higher education,Married,Working,-16123,-1227,,,0.5771772747364935,
100545,0,F,N,Y,1,100500.0,294200.0,22719.7,Secondary / secondary special,Married,Working,-11981,-127,,,0.8616286120387441,0.6222069771789801
100546,0,F,N,N,0,130600.0,527800.0,18560.7,Secondary / secondary special,Single / not married,State servant,-14179,-772,,,0.6126354134260099,0.5837869117986422
100547,0,F,N,Y,0,170800.0,318900.0,13685.5,Secondary / secondary special,Married,Commercial associate,-12644,-728,,,0.5757304897767938,0.8027720170941549
100548,0,F,Y,Y,0,258800.0,1337900.0,103800.4,Secondary / secondary special,Married,Working,-19958,-1377,8.4,,0.38815199653939375,0.6967052005093638
100549,0,M,Y,Y,0,115600.0,412000.0,13877.5,Higher education,Single / not married,Working,-9597,-3022,18.2,0.47808985830301104,0.6200225875041078,0.7172683025018733
100550,0,F,N,Y,0,113200.0,469800.0,38614.0,Secondary / secondary special,Married,Pensioner,-22636,365243,,,0.45067540144516643,0.7561013223811595
100551,0,F,N,Y,0,171500.0,651300.0,46674.7,Secondary / secondary special,Married,Working,-10279,-149,,0.61055261332558,0.6714730095165774,
100552,0,F,N,N,1,141700.0,716200.0,62254.1,Higher education,Married,Pensioner,-12622,365243,,0.624909086573456,0.7082029535455119,0.6046618701786414
100553,0,F,N,Y,0,71900.0,336500.0,19261.0,Secondary / secondary special,Single / not married,Pensioner,-18657,365243,,0.5259437603402716,0.5713636688450728,0.7572589958078911
100554,0,M,Y,Y,0,98400.0,494500.0,36674.5,Secondary / secondary special,Married,Pensioner,-13880,365243,6.8,0.6383932867717129,0.3884244511065561,0.7209347012627635
100555,0,F,Y,N,0,123800.0,329500.0,11042.8,Secondary / secondary special,Widow,Working,-16612,-2887,3.8,0.6812873808087762,0.3908900669357821,0.4724319126471066
100556,0,F,Y,Y,2,205600.0,953800.0,46082.4,Secondary / secondary special,Civil marriage,Pensioner,-17647,365243,9.2,,0.7419518576513211,0.5900726038082978
100557,0,F,Y,Y,1,238700.0,979900.0,38378.8,Higher education,Civil marriage,Working,-12211,-216,9.6,,0.5340418844857703,0.5536156879893569
100558,0,F,N,N,0,89800.0,168100.0,10540.1,Secondary / secondary special,Single / not married,State servant,-17042,-210,,,0.4703505918259606,0.7422184261857914
100559,1,F,N,N,1,102400.0,182000.0,11931.0,Secondary / secondary special,Married,Working,-24139,-2366,,,0.7309542631391625,0.7472234746973244
100560,0,F,N,Y,0,213500.0,940400.0,47362.2,Secondary / secondary special,Separated,Commercial associate,-7713,-301,,,0.38549078235051976,0.6666567443755396
100561,0,F,N,N,0,117600.0,519800.0,20346.1,Secondary / secondary special,Married,Working,-18123,-174,,0.4567252043844292,0.5944957507309507,
100562,0,F,N,Y,0,170000.0,911800.0,40351.9,Secondary / secondary special,Married,Pensioner,-13284,365243,,,,0.5350094410916937
100563,0,M,Y,Y,1,132800.0,707100.0,36082.4,Secondary / secondary special,Married,Working,-22783,-5013,17.3,,0.4114703862136513,0.5902109236651053
100564,0,F,N,Y,0,146800.0,554700.0,43134.8,Higher education,Civil marriage,Working,-9363,-717,,,0.8382407117582068,0.703440533192318
100565,0,F,Y,Y,1,120000.0,437300.0,21941.1,Secondary / secondary special,Married,Pensioner,-8733,-1517,4.1,,0.40540763497224835,0.5023754537498648
100566,0,M,N,Y,0,239100.0,823100.0,36074.2,Higher education,Civil marriage,Working,-14768,-3460,,,0.6306061644062023,
100567,0,M,N,Y,0,72000.0,447300.0,39602.2,Secondary / secondary special,Widow,Working,-19482,-1878,,0.6858157433374245,0.5004995521209323,0.3918179288635613
100568,0,F,Y,N,0,121000.0,598600.0,26597.0,Higher education,Married,Working,-7783,-462,3.5,,0.5982165480211398,0.4377476615681767
100569,0,F,Y,Y,0,229200.0,743700.0,25450.8,Secondary / secondary special,Married,Pensioner,-21892,365243,15.6,,0.46228101030165986,0.6218469825020457
100570,0,F,Y,Y,0,131400.0,659200.0,46703.3,Higher education,Married,Commercial associate,-13570,-705,16.4,,0.3313056212493284,0.6972761316746305
100571,0,F,N,N,0,137200.0,576300.0,39469.7,Secondary / secondary special,Married,Commercial associate,-23804,-2375,,0.6417094083946199,0.7365186008916912,0.8379995415213033
100572,0,M,Y,N,0,222000.0,972200.0,51439.5,Secondary / secondary special,Single / not married,Pensioner,-23550,365243,9.3,,0.41337001772422827,0.7863586565645498
100573,0,F,Y,Y,2,177500.0,1078200.0,44244.1,Secondary / secondary special,Married,Pensioner,-21061,365243,10.7,,0.7401208032246078,0.6471218571335527
100574,0,M,Y,N,3,210700.0,954900.0,48478.5,Higher education,Married,Working,-20591,-3929,4.8,,0.6605065672825178,0.7105686000270112
100575,0,M,N,N,0,246700.0,1487900.0,114606.6,Higher education,Married,Working,-18203,-55,,0.681323216125958,0.716480255294584,0.3697404460051098
100576,0,F,N,Y,0,75200.0,312100.0,12711.6,Higher education,Married,Commercial associate,-21599,-165,,,0.6178152889022646,0.783760465917006
100577,0,M,N,Y,1,117100.0,624200.0,30292.1,Secondary / secondary special,Married,Commercial associate,-10792,-1695,,0.7902922485186626,0.5172965763784285,0.5866230843437527
100578,0,F,N,Y,1,99300.0,411100.0,16215.1,Secondary / secondary special,Married,Working,-21995,-48,,0.6379122045970749,0.5688986045846356,0.5475440218411722
100579,0,M,Y,Y,0,166300.0,719700.0,47237.4,Secondary / secondary special,Civil marriage,Pensioner,-17579,365243,9.5,0.7369857316742975,0.8327317553126137,
100580,0,F,N,Y,0,229300.0,837200.0,28227.1,Secondary / secondary special,Married,Working,-21379,-113,,0.4284872559302256,0.6659097393479223,0.7295785790721138
100581,1,F,Y,Y,1,46600.0,223100.0,16898.0,Secondary / secondary special,Married,Working,-16327,-3694,3.3,0.8372828800017265,0.8224231259844441,0.442428398282284
100582,0,F,Y,N,2,70400.0,129400.0,4416.2,Higher education,Married,Working,-18732,-10347,1.5,0.5589916501496037,0.445901984496877,0.3648715021291335
100583,0,F,N,Y,0,56400.0,277300.0,23571.0,Secondary / secondary special,Single / not married,Pensioner,-13659,365243,,0.5312428683838284,0.7032027547102758,0.31955353324446395
100584,0,F,Y,Y,0,97200.0,399500.0,26177.5,Secondary / secondary special,Single / not married,Working,-15111,-406,4.7,0.7443461099219117,0.7597799956691915,
100585,1,M,Y,N,1,145100.0,743600.0,58030.0,Secondary / secondary special,Married,Working,-14065,-388,12.2,0.5515371551179756,0.437232475089972,0.6875064174421858
100586,0,F,N,N,0,294400.0,457100.0,17257.8,Secondary / secondary special,Married,Working,-20654,-179,,,0.6547834295377944,0.4039683884692086
100587,0,F,N,N,0,78800.0,233000.0,9740.0,Secondary / secondary special,Single / not married,Unemployed,-11186,365243,,,0.7813691974764364,0.32511609246535433
100588,0,F,Y,Y,0,416200.0,1804300.0,89360.1,Secondary / secondary special,Civil marriage,Working,-23984,-871,17.8,0.7184314728894273,0.6495713066766516,0.6304486864380853
100589,0,F,N,Y,0,179300.0,684900.0,23796.6,Secondary / secondary special,Married,Working,-22209,-320,,0.21478468809199447,0.6079491770396631,0.37812612285969827
100590,0,F,N,Y,0,182300.0,373100.0,27511.7,Secondary / secondary special,Single / not married,State servant,-22778,-102,,,0.823158866848688,0.37914389215685707
100591,0,M,Y,Y,1,195200.0,345300.0,20011.1,Secondary / secondary special,Married,Commercial associate,-23694,-4228,7.2,,0.3708315421942292,0.6795579511640544
100592,0,F,Y,Y,2,74900.0,263500.0,25854.5,Higher education,Married,Working,-15314,-3093,15.9,0.5586550344388714,0.8176362004997262,0.5516809012941758
100593,1,F,N,N,0,108300.0,387900.0,21043.6,Secondary / secondary special,Civil marriage,Working,-23307,-2437,,0.440057490190616,0.7322172788410318,0.21867879421250935
100594,0,F,N,Y,0,89200.0,303200.0,27510.0,Lower secondary,Married,Commercial associate,-15456,-1098,,0.45273024757874597,0.3283117359395222,0.6398323059947935
100595,1,F,N,Y,0,188700.0,1169200.0,81829.0,Higher education,Married,Working,-9451,-1058,,,0.7239478754317127,0.4178648220554146
100596,0,F,N,Y,0,93800.0,237200.0,17046.9,Secondary / secondary special,Single / not married,Working,-8539,-732,,0.6888209377962856,0.21175321708998676,
100597,0,M,Y,Y,0,128000.0,650000.0,30501.4,Secondary / secondary special,Separated,Working,-8784,-823,8.8,0.40383670205135025,0.4347588919898718,0.5518996180842486
100598,0,F,N,Y,0,104400.0,251400.0,15929.6,Higher education,Married,State servant,-10966,-879,,,0.8017976052974288,
100599,0,M,N,N,0,267800.0,461600.0,39654.3,Secondary / secondary special,Civil marriage,Commercial associate,-13978,-705,,0.8122418481407617,0.45499977161096694,0.7087299684090439
100600,0,F,Y,Y,0,107000.0,492900.0,21062.6,Secondary / secondary special,Married,Commercial associate,-24838,-2080,15.2,0.7440307705895254,0.6523869020530633,0.48477172873297864
100601,0,F,N,N,0,85800.0,490500.0,36777.2,Higher education,Civil marriage,Working,-11898,-624,,,0.581658980577402,0.8314813036242279
100602,0,M,Y,Y,0,174800.0,550800.0,37828.9,Higher education,Civil marriage,Working,-23676,-5271,11.1,0.7371642431834622,0.6745979866695123,0.6241887447331789
100603,0,M,N,Y,0,136800.0,576700.0,27324.3,Higher education,Single / not married,Unemployed,-21878,365243,,,0.4876854330732402,0.7995103857813258
100604,0,M,N,N,0,264700.0,1231300.0,41669.8,Higher education,Separated,Commercial associate,-22767,-240,,,0.538432301695416,0.5224482316917347
100605,0,M,N,Y,0,161600.0,782800.0,29598.6,Secondary / secondary special,Widow,Working,-21428,-1135,,,0.6112474423808605,0.7140806157378327
100606,0,M,N,Y,0,159200.0,719200.0,27301.6,Secondary / secondary special,Separated,Commercial associate,-24730,-1976,,,0.7914325756027314,0.47348358784111017
100607,0,M,N,Y,0,209000.0,1250700.0,54195.2,Higher education,Married,Working,-9770,-1287,,0.7282633167427397,0.7468880238745065,0.6592114423067797
100608,0,F,Y,Y,0,173200.0,418200.0,26228.3,Secondary / secondary special,Married,Working,-16067,-1845,18.4,,0.4064149121712541,0.2884608668059838
100609,1,M,N,Y,0,201100.0,1047200.0,48104.6,Secondary / secondary special,Married,Working,-13680,-1379,,0.20600704845565437,0.6669759904504752,0.42371582574058897
100610,0,F,N,Y,1,193600.0,1207000.0,46497.5,Secondary / secondary special,Married,Pensioner,-12653,365243,,0.6153936094499941,0.7627676079039009,0.23813189632577308
100611,0,F,Y,Y,0,121500.0,394600.0,29045.0,Higher education,Single / not married,Commercial associate,-15503,-1111,0.4,,0.817342060662782,0.7323557096046294
100612,0,M,N,Y,0,82000.0,442100.0,15185.6,Secondary / secondary special,Married,Working,-16101,-545,,0.27636877726128,0.8422487197874735,0.6183328155895491
100613,0,M,Y,Y,2,130000.0,594100.0,22646.6,Higher education,Separated,Working,-24955,-4303,15.5,0.5344131565478296,0.6078389019392223,
100614,0,M,N,N,0,57100.0,164500.0,7657.8,Secondary / secondary special,Married,Pensioner,-12310,365243,,0.6060277965490782,0.8305824264187787,0.3912576631884144
100615,0,F,N,N,0,101100.0,356300.0,18017.6,Secondary / secondary special,Married,Working,-23653,-892,,,0.44532522376968753,0.5108579631477955
100616,0,M,N,Y,1,117900.0,693600.0,27792.8,Secondary / secondary special,Married,Working,-10597,-1637,,,0.7158946710713985,0.5804723714059483
100617,0,M,N,Y,1,252500.0,985900.0,33803.9,Higher education,Married,Pensioner,-19329,365243,,,0.24775517635962255,
100618,0,F,Y,Y,0,131500.0,390000.0,25929.8,Secondary / secondary special,Married,Pensioner,-13024,365243,6.4,,0.546352162480019,0.5358269261318191
100619,0,F,N,Y,0,310100.0,2010200.0,170051.3,Higher education,Married,Working,-24507,-817,,,0.7103374767909574,0.7615117394379938
100620,1,F,Y,Y,0,174100.0,523900.0,23031.5,Secondary / secondary special,Married,Working,-18796,-676,12.6,,0.702705898227951,
100621,0,M,Y,N,0,67600.0,115600.0,6802.4,Secondary / secondary special,Civil marriage,Commercial associate,-8796,-1654,5.1,0.3067983412514766,0.6033801688251824,0.8759654460260013
100622,0,F,N,Y,1,236000.0,589200.0,37432.9,Secondary / secondary special,Married,Working,-23861,-729,,0.338734485651092,0.9028015306602655,0.5746386589808701
100623,0,M,N,Y,0,225300.0,1426600.0,76244.8,Higher education,Single / not married,Commercial associate,-12821,-798,,0.7058306192938588,0.6081570530405009,
100624,0,F,N,Y,2,66200.0,202200.0,9035.5,Secondary / secondary special,Single / not married,Commercial associate,-23929,-1396,,0.6909711085271428,0.6988459720167419,0.43135096799943035
100625,0,M,Y,N,1,195300.0,1133700.0,82052.9,Higher education,Married,Commercial associate,-7906,-296,2.5,0.6868427299110138,0.30202753621011014,0.6946493288418211
100626,0,F,Y,Y,1,269900.0,1581600.0,81702.0,Secondary / secondary special,Married,Working,-11504,-738,0.4,0.5761756357607625,0.845824558098854,
100627,0,M,Y,Y,2,53700.0,86400.0,4467.4,Secondary / secondary special,Civil marriage,Pensioner,-12551,-896,11.7,0.4285742736000969,0.5889090571216582,0.23947964290525348
100628,0,F,Y,N,0,86800.0,448900.0,30960.6,Secondary / secondary special,Single / not married,Pensioner,-19732,365243,3.4,,0.2990497607529252,0.09845314689206913
100629,0,F,N,Y,1,216200.0,911700.0,90924.5,Secondary / secondary special,Married,Commercial associate,-21659,-644,,,0.6666566075748246,0.6507602207177063
100630,0,M,Y,Y,0,130200.0,602000.0,42655.6,Secondary / secondary special,Single / not married,Working,-18716,-1039,12.1,,0.8320209066826271,
100631,0,M,Y,Y,1,274900.0,1013100.0,96306.7,Secondary / secondary special,Married,Unemployed,-8757,365243,6.5,,0.6950819735444042,0.5893753793809308
100632,0,M,N,Y,0,216600.0,460800.0,43061.0,Secondary / secondary special,Married,Working,-15272,-1276,,,0.5502639500476415,0.591450652068401
100633,0,F,N,Y,0,205900.0,451500.0,21019.3,Secondary / secondary special,Married,Working,-16330,-321,,0.742741851835773,0.6441943190364952,
100634,0,F,Y,Y,0,239900.0,391100.0,13123.4,Secondary / secondary special,Single / not married,Working,-13959,-2552,13.6,,0.5260956499927698,0.8609362569455283
100635,0,F,Y,Y,0,98100.0,275400.0,16593.5,Secondary / secondary special,Married,Working,-15025,-569,6.2,0.5809619904846057,0.45506537952423975,0.7671282843531831
100636,0,F,Y,Y,1,123400.0,589400.0,22091.0,Secondary / secondary special,Married,Working,-16131,-33,10.0,0.3472859416557369,0.7964488505497771,0.8961463063905708
100637,1,M,N,N,2,340600.0,990000.0,55243.9,Secondary / secondary special,Married,Pensioner,-17383,365243,,0.45840710683249014,0.4830825828151362,0.7763128135717144
100638,0,M,Y,N,1,121200.0,411800.0,17759.4,Secondary / secondary special,Married,Working,-18732,-1247,1.0,,0.736387926189291,0.5577729742276499
100639,0,M,Y,N,0,232100.0,1031300.0,52780.5,Secondary / secondary special,Married,Working,-11354,-3716,7.2,,0.15179338822717497,0.7381269942288883
100640,0,M,N,N,0,129800.0,606900.0,20474.7,Secondary / secondary special,Married,Pensioner,-23478,365243,,,0.6238887069854308,0.7329745001523114
100641,0,M,Y,N,0,100500.0,583300.0,25697.5,Secondary / secondary special,Civil marriage,Working,-22184,-499,3.4,,0.3400202363050271,0.7181573616736742
100642,0,M,Y,Y,0,91000.0,300500.0,14158.1,Secondary / secondary special,Single / not married,Commercial associate,-21461,-37,6.7,,0.8736255126560183,0.6217226559935374
100643,0,F,Y,Y,0,182000.0,936400.0,55144.2,Secondary / secondary special,Married,State servant,-21798,-39,19.9,0.5252153614548751,0.9265589667438281,0.7559837887528966
100644,0,F,N,Y,0,255200.0,823300.0,31314.4,Higher education,Married,Working,-16882,-864,,0.8411286419818272,0.2869148668231087,0.6339891360848193
100645,0,F,N,Y,2,176800.0,893300.0,29860.5,Higher education,Married,Working,-24379,-787,,,0.4738614135088196,0.48888967554670165
100646,0,M,N,Y,1,159100.0,979700.0,63268.0,Secondary / secondary special,Civil marriage,Working,-14086,-761,,0.5991819414858653,0.5901623007848588,0.7673726559791724
100647,0,F,N,Y,0,84600.0,269000.0,21305.2,Secondary / secondary special,Married,Commercial associate,-15033,-174,,0.5755817465777283,0.3977751907740566,0.6530155206605321
100648,0,F,Y,Y,0,142000.0,564600.0,19184.4,Secondary / secondary special,Civil marriage,Working,-21981,-600,5.5,0.6517721565354602,0.7439786587620182,0.3897528653465871
100649,0,M,N,Y,0,153900.0,422100.0,17466.2,Secondary / secondary special,Married,State servant,-22905,-4034,,,0.7904149661361229,0.8578786107693099
100650,0,F,N,N,0,95500.0,392800.0,35146.9,Lower secondary,Married,Commercial associate,-15541,-2802,,0.8294411921319536,0.7199185435426312,
100651,0,F,N,Y,1,172600.0,705500.0,50147.2,Secondary / secondary special,Married,Commercial associate,-22537,-1361,,0.9394975485596005,0.7145773523478618,0.5682196582920797
100652,0,M,N,Y,0,104100.0,578800.0,22992.0,Secondary / secondary special,Married,Pensioner,-18772,365243,,,0.8129167617756756,
100653,0,M,N,Y,0,119000.0,643400.0,22748.0,Higher education,Married,Working,-14473,-1096,,,0.6293461570891266,0.4088563819492869
100654,0,F,Y,Y,0,201100.0,718300.0,63611.8,Higher education,Married,Pensioner,-23545,365243,17.1,,0.8717894334875,
100655,0,M,N,Y,0,291600.0,687900.0,55818.5,Secondary / secondary special,Married,Commercial associate,-16492,-94,,0.6860367580047386,0.4742604072115995,0.8868633413238795
100656,1,F,Y,Y,0,280400.0,775700.0,61504.4,Secondary / secondary special,Widow,Commercial associate,-22557,-1938,13.8,0.6621163725185807,0.24609945753511406,0.37337698802031183
100657,0,M,N,Y,2,133300.0,534600.0,18684.6,Higher education,Married,Commercial associate,-21913,-828,,,0.5740491796015145,0.35401330085839633
100658,0,F,Y,Y,0,181900.0,1155000.0,40359.1,Higher education,Single / not married,Working,-9364,-2316,6.3,,0.612754940088033,0.5133366344021215
100659,1,F,Y,Y,0,189100.0,925600.0,41173.5,Secondary / secondary special,Separated,Pensioner,-22942,365243,1.2,0.2006095116191891,0.5626021454014856,
100660,0,F,N,N,0,188600.0,535300.0,29325.6,Higher education,Married,Commercial associate,-10517,-3398,,,,0.6469685609435409
100661,0,F,N,N,0,150600.0,973200.0,45918.4,Secondary / secondary special,Married,Pensioner,-21938,365243,,0.7399584689255254,0.7759439971267783,0.6276292642694109
100662,0,M,N,Y,0,254800.0,1446700.0,63166.3,Secondary / secondary special,Married,Pensioner,-20916,365243,,0.966388100177339,0.7430796761210966,0.40107118817836485
100663,0,F,N,Y,0,108000.0,401100.0,14874.3,Secondary / secondary special,Single / not married,Commercial associate,-20594,-285,,0.586407228130262,0.5700552668469088,0.6964691563887758
100664,0,F,N,Y,0,85100.0,418700.0,17885.6,Secondary / secondary special,Separated,State servant,-23815,-1891,,,0.8465780654474999,0.5786207221642323
100665,0,F,N,N,0,166900.0,346500.0,14666.7,Secondary / secondary special,Widow,Working,-18199,-3218,,0.2775142489909606,0.6316838907690717,0.5665244539516907
100666,0,M,N,Y,1,123700.0,793500.0,26944.2,Secondary / secondary special,Married,Working,-13606,-844,,0.7717963606521403,0.82557011743135,0.591318107204901
100667,0,M,N,N,0,337200.0,777500.0,58391.6,Secondary / secondary special,Separated,Working,-18070,-545,,0.6642600698139092,0.7044896674808396,0.4384000418771522
100668,0,M,N,N,0,115400.0,665100.0,26528.4,Higher education,Married,Working,-19874,-747,,0.835085058089202,0.7640861273602182,0.531095130330713
100669,0,F,N,Y,1,226700.0,880300.0,30471.8,Secondary / secondary special,Married,Commercial associate,-14062,-638,,0.5130105776223067,,0.5632763042287606
100670,0,F,N,Y,0,176200.0,923700.0,67706.9,Secondary / secondary special,Married,Working,-12128,-3253,,0.5326206955257753,0.6586650482677662,0.7594161025643431
100671,0,F,N,Y,0,75800.0,238500.0,13631.3,Higher education,Married,Commercial associate,-16255,-103,,,0.526011451081792,0.7754536042534085
100672,0,F,N,Y,1,186000.0,752200.0,43152.9,Secondary / secondary special,Married,State servant,-23419,-3804,,,0.37296977249218716,0.4112704336800232
100673,0,M,N,Y,0,106200.0,475800.0,17516.2,Higher education,Married,Pensioner,-18723,365243,,0.5422081913157236,0.7913974328896373,0.8491281753217594
100674,0,M,N,N,0,419800.0,1496200.0,68314.3,Secondary / secondary special,Widow,Working,-23400,-1171,,0.34563026392040924,0.5160437538856902,
100675,0,F,N,Y,0,99800.0,382100.0,16930.2,Secondary / secondary special,Married,State servant,-15999,-607,,0.6975846715762615,0.36006378200986033,0.7302440293977419
100676,0,F,N,Y,0,94000.0,599600.0,27226.0,Secondary / secondary special,Civil marriage,Pensioner,-24272,365243,,,0.7724565664774484,
100677,0,M,N,Y,0,53300.0,200800.0,10690.4,Secondary / secondary special,Married,Pensioner,-21547,-9,,0.5043129025234466,0.8097400801923204,0.36107368480459934
100678,0,F,N,N,0,100900.0,232400.0,17038.3,Secondary / secondary special,Married,Working,-13886,-461,,,0.45294136830645426,0.83302922522056
100679,0,F,N,Y,0,197500.0,776600.0,71190.7,Secondary / secondary special,Married,Commercial associate,-15528,-1279,,0.367306840029984,0.6970778044736795,
100680,0,F,N,Y,1,89500.0,539300.0,34584.9,Secondary / secondary special,Single / not married,Working,-25163,-335,,,0.7791981726550284,
100681,0,F,Y,Y,0,179600.0,496300.0,16765.8,Secondary / secondary special,Civil marriage,Working,-24390,-890,11.2,0.75728763161462,0.7675963614116124,0.7190094652648673
100682,0,F,N,Y,2,160000.0,484300.0,18399.6,Secondary / secondary special,Married,Working,-14862,365243,,0.44294511626200483,,0.6517059113285953
100683,0,F,N,N,0,91800.0,261400.0,18441.4,Secondary / secondary special,Married,Commercial associate,-22284,-1548,,,0.5624191068819087,0.7332591384087338
100684,0,F,N,N,0,135000.0,453600.0,28960.7,Higher education,Married,Working,-23619,-333,,0.2634758912208968,0.47992942354563817,0.6605932086489273
100685,0,F,Y,N,1,93200.0,360000.0,17581.5,Higher education,Married,Working,-12083,-1558,18.9,0.6552764464832095,0.8182420250996267,0.7799361091264161
100686,0,F,N,N,1,209700.0,665400.0,28586.9,Secondary / secondary special,Single / not married,Commercial associate,-16744,-661,,,0.7641643413867564,0.4600737024170227
100687,0,F,N,Y,0,62700.0,152500.0,13370.3,Higher education,Civil marriage,Working,-20943,-4836,,0.6823114685923476,0.8149898045793442,0.4629597786827242
100688,0,M,Y,Y,0,198500.0,634900.0,56152.9,Higher education,Married,Working,-9017,-836,7.6,0.3943085484451443,0.6549542010253037,0.671045181072902
100689,0,M,N,Y,0,102900.0,367900.0,16094.5,Secondary / secondary special,Married,Pensioner,-21795,365243,,0.7404078063095691,0.694179997733813,0.9023856622254447
100690,0,F,N,Y,0,150100.0,592500.0,26803.0,Secondary / secondary special,Married,Pensioner,-11370,365243,,0.517365459913352,0.37806814413501433,
100691,0,F,N,Y,1,175700.0,839300.0,40005.6,Secondary / secondary special,Separated,Pensioner,-16067,365243,,0.4392070239752291,0.7281665967159073,0.9531555933036533
100692,0,M,Y,N,1,151800.0,788600.0,48157.5,Higher education,Married,Commercial associate,-14248,-7542,14.5,0.5817813790096292,0.3031572110588686,0.6482435011459005
100693,0,F,Y,Y,0,360200.0,2027800.0,102570.9,Secondary / secondary special,Married,Working,-20646,-1344,4.9,,0.4822769684748786,
100694,0,F,N,Y,0,118000.0,325100.0,13970.7,Secondary / secondary special,Single / not married,Working,-11758,365243,,0.7580480706225061,0.8926902573605523,0.5830506281565413
100695,1,M,Y,Y,0,76900.0,351900.0,24056.4,Higher education,Married,Working,-15846,-1871,16.7,0.6171392341118929,0.4309420902589679,0.21241468002888375
100696,0,F,N,N,0,378700.0,916300.0,86193.3,Secondary / secondary special,Married,Pensioner,-12326,365243,,,,0.516556486623764
100697,0,M,N,N,1,168400.0,774600.0,39021.5,Secondary / secondary special,Married,Working,-8631,-1023,,0.8697409255024012,0.8304625999309841,0.8711350481327825
100698,0,F,Y,Y,0,152700.0,930700.0,38682.2,Secondary / secondary special,Single / not married,Working,-22458,365243,4.0,,0.8932871541390791,
100699,0,M,N,N,0,390900.0,2289100.0,164250.1,Higher education,Single / not married,Pensioner,-11606,-1173,,,0.6669824502640095,0.5147241052386515
100700,0,F,N,N,0,79200.0,359600.0,20842.5,Secondary / secondary special,Married,Commercial associate,-11744,-1872,,,0.5372517048354535,0.609406828695969
100701,0,F,N,Y,0,137500.0,396400.0,24161.7,Secondary / secondary special,Married,Working,-8490,-233,,0.43382604558349874,0.4998755495746769,0.5909626320933088
100702,0,F,N,N,0,87600.0,192300.0,7246.3,Secondary / secondary special,Married,Pensioner,-16483,365243,,0.4551905808916066,0.5411683317559537,0.6868208881175496
100703,0,F,N,Y,0,136000.0,507200.0,17175.2,Secondary / secondary special,Single / not married,Commercial associate,-12385,-2207,,0.6100531801552707,0.7657711188138414,0.6039687853876551
100704,0,M,Y,Y,1,75100.0,262300.0,13056.9,Academic degree,Married,Pensioner,-17584,365243,15.9,0.8669051980787813,0.8485194728203675,0.3376193327825138
100705,0,F,Y,Y,0,149000.0,726200.0,40461.5,Secondary / secondary special,Married,Working,-20355,-185,13.4,,0.6379113386372836,
100706,0,F,N,Y,0,144200.0,293000.0,13019.0,Secondary / secondary special,Married,Working,-8475,-1900,,0.7059147231293526,0.5294432309536653,0.9051179227173364
100707,0,M,N,Y,0,140900.0,243800.0,8247.9,Higher education,Widow,Working,-11185,-390,,0.508751330003458,,0.5840611129056918
100708,1,M,Y,Y,1,51600.0,264600.0,10608.5,Secondary / secondary special,Married,Working,-14523,-872,9.9,,0.4564496691302989,0.6543768674185513
100709,0,F,Y,Y,1,202400.0,912600.0,79971.2,Secondary / secondary special,Married,Working,-23094,-224,10.4,0.7634416950630412,0.42930287672788503,0.5598687161641779
100710,0,F,N,Y,0,129200.0,422500.0,22953.3,Incomplete higher,Married,Working,-9593,-439,,,0.6970209301814358,0.9069978358162911
100711,0,M,Y,Y,0,467800.0,2443100.0,175371.1,Higher education,Single / not married,Working,-20711,-1350,15.9,,0.7578703265468058,0.584782010916196
100712,0,M,N,Y,0,116100.0,431600.0,32900.6,Secondary / secondary special,Civil marriage,Working,-24388,-618,,,0.7466230152356838,0.6093302656470163
100713,0,M,N,Y,2,107800.0,588400.0,24905.2,Secondary / secondary special,Widow,Working,-9031,-792,,0.4990947606990651,0.5138908763266271,0.880643414788226
100714,0,M,N,Y,0,154300.0,877600.0,35372.3,Secondary / secondary special,Married,Working,-13508,-5587,,0.33209265179911596,0.6863177247935253,0.6865777694398648
100715,0,M,Y,N,0,82400.0,431200.0,21867.6,Secondary / secondary special,Married,Working,-21162,-3594,18.5,0.4246649276526831,0.65246677834578,0.36653652504128437
100716,0,F,Y,N,1,249300.0,1537100.0,80861.8,Secondary / secondary special,Married,Working,-24065,-193,5.0,,0.7659425548323741,0.6086026139733899
100717,0,F,N,Y,0,94400.0,175600.0,10174.7,Secondary / secondary special,Single / not married,Working,-11995,-853,,,0.45173938373556427,
100718,0,F,N,N,0,99100.0,211500.0,7300.8,Secondary / secondary special,Single / not married,State servant,-18923,-192,,,0.7652030354977498,
100719,0,M,Y,Y,0,210100.0,1146400.0,73454.4,Secondary / secondary special,Married,Working,-20496,-132,14.3,0.6997093253970456,0.46810075067874996,0.6114078852465786
100720,0,M,N,N,0,162000.0,833600.0,58338.7,Incomplete higher,Married,Pensioner,-14753,-367,,,0.6642642670649297,0.36499760633760525
100721,0,F,N,Y,0,160600.0,583100.0,20179.8,Lower secondary,Married,Working,-19408,-900,,,0.5667431021390242,0.6185787645279548
100722,0,F,Y,Y,1,79900.0,332700.0,15693.0,Higher education,Single / not married,Working,-17297,-446,14.0,,0.8683057129207186,0.8184913699623885
100723,0,F,N,Y,1,228000.0,574300.0,45532.7,Secondary / secondary special,Married,Working,-24100,-685,,,0.7092907218131507,0.3083309862718814
100724,0,M,Y,Y,0,92600.0,296700.0,11425.5,Secondary / secondary special,Married,Working,-17115,-508,5.2,,0.7176827559101253,0.6104101639904317
100725,0,F,N,Y,0,67800.0,128000.0,5725.9,Secondary / secondary special,Married,Pensioner,-16727,365243,,0.6619834069587042,0.5756250686116935,0.5953272859817126
100726,0,F,Y,Y,0,173900.0,290600.0,11149.7,Secondary / secondary special,Married,Pensioner,-19404,365243,10.4,0.5622620658514851,0.42828037193740687,0.665717017204322
100727,0,F,N,Y,0,133700.0,641000.0,29091.1,Higher education,Married,Working,-10340,-1036,,,0.8975145874822149,
100728,0,F,Y,N,0,132200.0,590100.0,21636.9,Secondary / secondary special,Single / not married,Working,-16979,-102,0.8,,0.4532990856605016,0.745157707432449
100729,1,F,N,N,0,199000.0,995700.0,40282.7,Secondary / secondary special,Single / not married,Commercial associate,-8558,-176,,0.6366050166249887,0.7621265546401672,
100730,0,F,N,Y,0,127500.0,436900.0,18477.5,Secondary / secondary special,Married,Commercial associate,-18663,-729,,,0.3002817161157246,0.7408966587642843
100731,0,F,N,N,1,67000.0,370200.0,13645.3,Secondary / secondary special,Married,Working,-17043,-1361,,,0.8799889787892347,0.6665023037071154
100732,0,F,N,Y,0,126400.0,427700.0,27449.6,Higher education,Civil marriage,Working,-22386,-759,,,0.8145695263913607,0.7478221801153541
100733,0,F,N,N,0,167600.0,509500.0,44031.5,Secondary / secondary special,Civil marriage,Working,-21655,-246,,,0.8350516418138992,0.6922696876562474
100734,0,F,Y,Y,0,159600.0,716800.0,65946.3,Secondary / secondary special,Married,Working,-15253,-1737,10.5,,0.6435191260053206,0.7526730410870098
100735,0,F,N,N,1,135900.0,574700.0,41670.7,Secondary / secondary special,Single / not married,Working,-19223,-2372,,,0.3191268037640964,0.789206217861348
100736,0,M,Y,N,2,435800.0,2227800.0,115816.2,Secondary / secondary special,Civil marriage,Working,-12987,-1601,12.8,0.2172238495343283,0.7550343113956064,
100737,0,F,N,N,0,310800.0,1178300.0,116079.5,Secondary / secondary special,Single / not married,Commercial associate,-14469,-1919,,0.6420969546108699,0.8584756362742848,
100738,0,F,N,N,1,85800.0,535200.0,22915.0,Secondary / secondary special,Married,Working,-9038,-290,,,0.5031346367087202,0.8210324738913753
100739,0,F,N,Y,0,79500.0,313900.0,10805.3,Higher education,Married,Working,-9435,-157,,0.6256091319153838,0.6814257488078426,0.6133048715867733
100740,0,F,N,N,0,267500.0,423000.0,22979.7,Higher education,Married,Working,-22024,-556,,0.9434846618652218,0.43532140666922425,0.40266737829419535
100741,1,F,N,Y,0,237900.0,1044300.0,49912.8,Secondary / secondary special,Civil marriage,Commercial associate,-24710,-480,,,0.6466025598668159,0.4613768668773318
100742,0,F,Y,Y,1,286600.0,1521800.0,52202.8,Higher education,Single / not married,Working,-16247,-528,8.1,,0.5861857121273397,0.651572680776789
100743,0,M,Y,N,0,120600.0,482200.0,38847.1,Secondary / secondary special,Widow,Working,-9913,-924,9.0,,0.4428201763285539,0.6704204646008105
100744,0,F,N,Y,0,137000.0,415900.0,23176.8,Secondary / secondary special,Married,Working,-9218,-115,,,0.8010742372943728,0.6592079599014133
100745,0,F,Y,Y,2,66200.0,281500.0,9464.9,Secondary / secondary special,Married,Working,-8466,-13,16.1,,0.7168569122232221,0.5362782398617518
100746,0,F,Y,N,0,157100.0,766200.0,59826.3,Higher education,Single / not married,Working,-23077,-2241,4.7,0.6624090516476008,0.8315155911501427,0.3434569223048963
100747,1,F,N,Y,0,110500.0,511800.0,18529.1,Higher education,Civil marriage,Commercial associate,-15422,-1784,,,0.4354101838843636,0.5836691799916441
100748,0,F,N,Y,0,103600.0,366500.0,20200.1,Secondary / secondary special,Civil marriage,Working,-23104,-865,,0.7619071573048674,0.6662560440828399,0.584708979969819
100749,0,M,N,Y,0,223200.0,760900.0,37409.2,Secondary / secondary special,Married,Working,-14031,-2558,,,0.6226583032335394,
100750,1,M,N,N,0,137300.0,762400.0,28784.3,Higher education,Widow,Working,-17980,-1196,,0.5418985133665298,0.4401583242336512,0.5948897359960964
100751,0,F,N,N,1,213500.0,599500.0,20185.2,Secondary / secondary special,Widow,Working,-19483,-204,,,0.7003793235254676,0.6453666454366583
100752,0,F,Y,Y,0,140300.0,480300.0,45597.7,Secondary / secondary special,Widow,Working,-8547,-393,12.7,,0.5254876713848414,0.45496335408763006
100753,1,F,N,Y,0,188500.0,907000.0,53483.6,Secondary / secondary special,Married,Unemployed,-19619,365243,,0.3633429105798974,0.5243674997273441,0.6720749113165233
100754,0,F,N,Y,0,81600.0,291600.0,18410.1,Secondary / secondary special,Civil marriage,Commercial associate,-21690,-1261,,,0.8775918924453564,
100755,0,M,N,Y,0,94500.0,329300.0,17144.5,Secondary / secondary special,Married,Commercial associate,-8057,-1482,,,0.7674601448699904,0.33335247636771703
100756,0,F,N,Y,0,180600.0,383600.0,29255.2,Secondary / secondary special,Married,Working,-8701,-356,,,0.8593880435813337,0.5743103597027475
100757,0,F,N,N,0,315400.0,1283500.0,78407.1,Higher education,Married,Pensioner,-16823,365243,,0.6874605408024981,0.48921203515866857,
100758,1,M,Y,Y,0,181700.0,1171100.0,52376.1,Secondary / secondary special,Married,Commercial associate,-24700,-6,11.5,0.36782316416559496,0.7239886256789885,
100759,0,F,N,Y,2,148300.0,857100.0,32896.9,Secondary / secondary special,Widow,Working,-24733,-242,,0.5963924822128873,0.5433727435147142,0.5723961689484816
100760,0,F,Y,Y,0,289500.0,1569100.0,53697.0,Secondary / secondary special,Single / not married,Commercial associate,-9591,-293,15.3,,0.5134065593294133,0.4865045191829177
100761,0,M,N,Y,0,133500.0,523900.0,34479.7,Secondary / secondary special,Married,Working,-21010,-1198,,,0.49586477046425737,0.5200357284701741
100762,0,F,Y,Y,2,102900.0,577600.0,19585.8,Secondary / secondary special,Civil marriage,State servant,-21578,-26,16.5,,0.9339021161074007,0.6625505557903196
100763,1,F,Y,Y,0,147700.0,895600.0,55779.1,Secondary / secondary special,Married,Working,-23045,-2515,7.3,0.6224494887603417,0.6699947432795722,
100764,0,F,N,Y,0,174200.0,451200.0,15809.9,Secondary / secondary special,Married,Pensioner,-8433,365243,,,0.7926144096162134,0.6816968029896978
100765,0,M,N,N,0,83300.0,331800.0,13295.4,Incomplete higher,Married,State servant,-24718,-1075,,0.4541627172058239,0.7780232064447374,
100766,0,F,N,Y,0,156100.0,902800.0,49492.8,Secondary / secondary special,Married,Working,-22076,-2362,,0.7281260093772269,0.6001157189611009,
100767,0,F,Y,Y,0,67800.0,380300.0,12903.2,Secondary / secondary special,Single / not married,Pensioner,-18324,365243,6.4,0.64599209140962,0.8147150623575005,0.7090595524820709
100768,0,F,N,N,1,128600.0,761000.0,71895.4,Higher education,Civil marriage,Working,-8841,-718,,,0.6397079856643851,0.518570443482253
100769,0,F,Y,Y,0,137200.0,863000.0,33590.3,Secondary / secondary special,Married,Commercial associate,-11880,-1423,6.0,,0.8516814226790635,0.9088965700253471
100770,0,F,Y,Y,0,145100.0,426000.0,18149.8,Secondary / secondary special,Married,Working,-13747,-417,11.9,,0.6753771793179654,0.6105890150680651
100771,0,F,N,Y,1,61000.0,270000.0,22864.0,Incomplete higher,Married,Working,-22701,-620,,0.8180919000375768,0.13271620297331058,
100772,0,F,Y,Y,0,154100.0,353900.0,22549.7,Secondary / secondary special,Separated,Working,-21014,-1892,0.4,0.6064721982756444,0.4564125810132681,0.4235770735578212
100773,0,F,N,Y,1,218200.0,900500.0,47474.3,Secondary / secondary special,Married,Commercial associate,-24162,-1514,,0.7208042169817043,0.37370419106704894,0.8685374807627148
100774,0,M,Y,Y,0,277500.0,517900.0,34888.6,Secondary / secondary special,Civil marriage,Commercial associate,-15078,-24,8.2,,0.5228506073480659,
100775,0,F,Y,Y,0,283200.0,1018900.0,35537.6,Higher education,Married,Working,-23743,-754,16.0,0.38342999591332166,0.37711140743242605,0.4358220784979155
100776,0,M,N,Y,0,149000.0,611400.0,46708.0,Secondary / secondary special,Married,Working,-23373,-2033,,,0.7114380197950749,0.7480500655243004
100777,0,F,Y,Y,1,449300.0,2238000.0,105649.5,Higher education,Married,Working,-7994,-24,15.8,0.7560829205236034,0.7248473787528523,0.608328576681876
100778,0,F,N,Y,0,104600.0,269200.0,12850.6,Secondary / secondary special,Married,Commercial associate,-11864,-5064,,0.7562994775228629,0.5682307414657732,0.6567951141389335
100779,0,M,N,Y,0,106100.0,624700.0,30201.9,Secondary / secondary special,Married,Working,-21693,-62,,,,
100780,0,M,Y,N,2,148500.0,243200.0,19051.9,Higher education,Married,Working,-19330,-813,13.2,0.934660401856545,0.3561203627211175,0.5392880658848096
100781,0,F,N,Y,0,213700.0,977300.0,49308.1,Lower secondary,Single / not married,State servant,-11577,-2051,,,0.559751470951673,0.6204195965165583
100782,0,M,Y,Y,0,196700.0,1192600.0,41972.7,Secondary / secondary special,Married,State servant,-21370,-952,13.0,0.8360398045514955,0.8292331161585623,0.756657852476987
100783,0,F,N,Y,1,50700.0,295500.0,20836.8,Secondary / secondary special,Married,Working,-13220,-2274,,0.5028280866431358,0.6631947032701947,
100784,0,F,Y,N,0,95400.0,393200.0,34231.9,Higher education,Married,Working,-18227,-55,10.8,0.919063249706891,0.5578994917562196,0.755359336357728
100785,0,M,N,Y,0,208000.0,460800.0,15900.6,Secondary / secondary special,Married,Commercial associate,-24056,-637,,,0.6292209425759998,0.7340103007482702
100786,0,F,N,Y,1,98700.0,196200.0,6896.7,Secondary / secondary special,Civil marriage,Working,-11871,-334,,,0.5336722531757684,
100787,0,M,N,Y,0,139000.0,703200.0,33256.2,Secondary / secondary special,Separated,Working,-8640,-318,,,0.5704173168963038,0.747220011577589
100788,0,F,N,Y,1,173100.0,367600.0,13253.5,Higher education,Single / not married,State servant,-19243,-717,,,0.6766532496585713,
100789,0,M,Y,N,0,183100.0,329300.0,11168.6,Secondary / secondary special,Married,Working,-20440,-909,16.5,0.3780343500549508,0.5090166841751921,0.7783931942465118
100790,0,F,N,Y,0,216900.0,811400.0,60240.8,Secondary / secondary special,Separated,Working,-13150,-142,,,0.2538603011261695,0.628643585784928
100791,1,F,N,N,0,260900.0,632600.0,44038.7,Secondary / secondary special,Civil marriage,Working,-15882,-1688,,0.7290104219375262,0.6291344024152471,0.655928417912685
100792,0,F,N,Y,0,195800.0,1083800.0,52396.8,Secondary / secondary special,Married,Pensioner,-16455,365243,,0.26260968778388416,0.6472768615708564,0.3017457086949543
100793,0,F,N,Y,0,84800.0,357000.0,14823.8,Secondary / secondary special,Married,Pensioner,-21975,365243,,0.8754238051312013,0.6820853337502216,
100794,0,F,N,Y,0,191700.0,1107200.0,42211.3,Secondary / secondary special,Married,Working,-19821,-1571,,0.466854296586907,0.9753493220072941,0.7027258318453332
100795,0,F,Y,Y,0,239600.0,826000.0,41616.9,Secondary / secondary special,Single / not married,Commercial associate,-12456,-3192,8.3,,0.5211429435804904,
100796,0,F,N,N,1,180600.0,1103400.0,105417.1,Secondary / secondary special,Married,Pensioner,-12456,365243,,,0.6737342969112267,0.4787361621632714
100797,0,F,N,Y,1,263100.0,1680200.0,146879.0,Secondary / secondary special,Married,Commercial associate,-13367,-146,,0.865594024621024,0.800872067319319,0.5807158953577775
100798,0,F,N,Y,0,163900.0,698500.0,26121.2,Higher education,Married,Working,-10229,-324,,,0.8107738699751765,0.49033465443463425
100799,0,M,Y,Y,0,139100.0,338800.0,15936.7,Secondary / secondary special,Married,Commercial associate,-10024,-16,12.0,,0.19072717199347297,0.6174939783968248
100800,0,M,N,Y,0,100600.0,177800.0,16058.7,Secondary / secondary special,Single / not married,Pensioner,-22001,365243,,,0.41354803848990085,0.7711000508251723
100801,0,M,Y,N,0,367900.0,2241000.0,93761.4,Secondary / secondary special,Married,Working,-22251,-1128,13.0,,0.543228925220385,0.695985414112145
100802,0,F,N,Y,0,92000.0,372200.0,16463.3,Secondary / secondary special,Married,Commercial associate,-12229,-656,,0.42950984311113305,0.6252140054832722,0.7306739499753037
100803,0,M,N,N,0,146900.0,368600.0,19910.5,Higher education,Married,Commercial associate,-22579,-715,,0.6841010158271009,0.6003830223653785,0.674930308825199
100804,0,F,Y,N,1,125500.0,423400.0,15578.8,Secondary / secondary special,Widow,Commercial associate,-17676,-339,6.5,0.3899008556792738,0.9095782157091903,
100805,0,F,N,Y,1,80800.0,497300.0,31358.6,Higher education,Married,Working,-20155,-495,,,0.6689199332824667,
100806,0,F,Y,Y,0,219600.0,1384400.0,55078.5,Secondary / secondary special,Married,Working,-23106,-2138,3.1,0.8797553276445746,0.755520669543199,0.6263231701819408
100807,1,M,N,Y,0,184300.0,466500.0,28097.2,Incomplete higher,Married,Commercial associate,-13076,-1767,,0.5077592331317355,0.524856465888373,0.9290607987375634
100808,0,F,N,Y,1,164400.0,662000.0,31308.7,Secondary / secondary special,Married,Working,-19280,-1918,,,0.7037962519857849,0.4113402714728574
100809,0,F,N,Y,2,111000.0,613900.0,20519.0,Secondary / secondary special,Civil marriage,Working,-13079,-930,,,0.4369432848102503,0.4737997232838907
100810,0,M,N,N,3,189800.0,970200.0,43590.0,Secondary / secondary special,Separated,Working,-23500,-5426,,0.7346753414504658,0.5411286555954808,0.5679337877326345
100811,0,F,Y,N,1,130900.0,625400.0,29424.8,Secondary / secondary special,Married,Working,-12922,-2234,0.2,,0.5800300384543471,
100812,0,F,N,Y,2,182900.0,1032100.0,48182.6,Secondary / secondary special,Married,Working,-18633,-1134,,0.5481160193469004,0.6770952376812702,
100813,0,M,N,N,0,281000.0,1566300.0,65497.5,Secondary / secondary special,Married,Unemployed,-11019,365243,,,0.5903276460761911,0.8440316420866423
100814,0,F,Y,N,0,49000.0,221700.0,8512.9,Higher education,Married,Working,-14153,-756,18.8,0.9054806097343218,0.7240554198024145,0.7664673344784168
100815,0,F,N,Y,2,231200.0,914500.0,35314.1,Higher education,Married,Working,-13830,-3520,,,0.5404868981026072,
100816,0,M,N,N,1,428500.0,2396600.0,94807.0,Secondary / secondary special,Married,Working,-20824,-2211,,,0.322357463327605,0.8038903086281194
100817,0,M,N,Y,1,319500.0,1699300.0,101356.2,Secondary / secondary special,Married,Working,-12694,-1130,,0.5702080905766761,0.6799610839133119,
100818,0,F,N,Y,0,208500.0,517100.0,34858.9,Secondary / secondary special,Single / not married,Working,-13410,-259,,0.7292616750481354,0.6132372057636389,0.3599023148980417
100819,0,F,N,Y,0,255400.0,1027700.0,56942.0,Higher education,Separated,Pensioner,-7835,365243,,0.7735499665391848,0.7321861494123582,0.8827759238115395
100820,0,F,N,Y,0,100500.0,448200.0,21977.2,Secondary / secondary special,Married,Commercial associate,-13207,-1484,,,0.5655415117520537,0.5518283978136812
100821,0,F,Y,N,0,164100.0,1038400.0,39566.3,Secondary / secondary special,Single / not married,Working,-12441,-1835,6.2,,0.3096296605518975,0.8475474076755495
100822,0,F,N,Y,1,137700.0,535600.0,26154.2,Secondary / secondary special,Civil marriage,Working,-17218,-1914,,0.6673280823859232,0.45359606038546385,0.6988737764029755
100823,1,F,N,N,1,119300.0,342100.0,19719.2,Secondary / secondary special,Married,Commercial associate,-14714,-2037,,0.3811757415633559,0.6529110596843734,0.539767916288762
100824,0,M,Y,Y,1,229700.0,564500.0,27212.2,Secondary / secondary special,Separated,Working,-24859,-2322,8.3,,0.7027153743075274,
100825,1,M,N,N,1,134700.0,829600.0,72321.9,Secondary / secondary special,Married,Working,-17245,-2058,,,0.641072770595452,0.3986454805788511
100826,0,F,Y,Y,0,63900.0,271400.0,13071.4,Higher education,Married,Working,-8945,-206,18.7,0.22269499199675793,0.751827347012005,0.5462969454692626
100827,0,F,N,Y,0,179400.0,494600.0,24302.4,Lower secondary,Single / not married,Working,-21862,-909,,,0.5914045349608067,0.8220723795482178
100828,0,F,N,Y,0,145400.0,524600.0,24055.9,Secondary / secondary special,Married,Commercial associate,-8604,-856,,,0.6671223024809947,0.786830826088678
100829,0,M,N,Y,0,201200.0,331600.0,12151.4,Secondary / secondary special,Married,Pensioner,-22348,365243,,,0.978599676233676,0.5243752294083253
100830,0,F,Y,Y,0,122500.0,186000.0,8703.2,Higher education,Married,Working,-14778,-4502,7.1,,0.632275888528164,0.27179526211385946
100831,0,F,N,Y,0,67800.0,217900.0,10253.6,Secondary / secondary special,Single / not married,Pensioner,-8751,365243,,0.6221229839412645,0.7418611725639354,0.5510321937150895
100832,1,F,N,Y,1,95000.0,478600.0,20279.7,Secondary / secondary special,Separated,Commercial associate,-24805,-2940,,0.565193552821848,0.5580273738835279,0.6887990817736952
100833,1,F,N,Y,0,97500.0,503500.0,17118.9,Secondary / secondary special,Married,Commercial associate,-16356,-182,,0.6139579012711552,0.6624467436927749,
100834,0,M,N,Y,0,92700.0,141300.0,5763.5,Secondary / secondary special,Married,Commercial associate,-22656,-1184,,,0.8440713011913527,
100835,0,M,N,Y,0,114300.0,562000.0,40409.1,Secondary / secondary special,Married,Pensioner,-15043,365243,,,0.4684794387144382,0.780855843804324
100836,0,F,N,N,0,204300.0,1081500.0,57919.6,Secondary / secondary special,Separated,Commercial associate,-15763,-36,,0.358818423884411,0.9013818749789572,0.5402492098841898
100837,0,M,N,Y,0,79100.0,210300.0,16563.6,Secondary / secondary special,Married,Working,-14023,-827,,,0.8842802826683702,0.5394304031646102
100838,0,M,Y,N,0,219100.0,496300.0,46554.6,Secondary / secondary special,Separated,Working,-14138,-1147,9.9,,0.6287732327317752,0.7314786027972479
100839,0,F,Y,Y,0,83200.0,418500.0,15861.6,Secondary / secondary special,Married,State servant,-21581,-94,15.1,0.7118178336546522,0.5774612406389783,0.8886426469266976
100840,1,F,N,Y,0,124100.0,538300.0,31454.8,Secondary / secondary special,Married,Working,-8209,-1635,,,0.29727178310813734,
100841,0,F,N,N,0,144900.0,504800.0,32929.9,Higher education,Married,Pensioner,-16258,365243,,0.31331952370899685,0.7898612805144078,0.7547562592970422
100842,0,M,N,N,1,128700.0,565400.0,28703.2,Higher education,Married,Pensioner,-12325,-485,,,0.7528754194264436,0.6769464470098888
100843,1,F,N,Y,1,194800.0,1081400.0,76697.3,Higher education,Married,Working,-17430,-535,,,0.8299123978066139,0.6157452935251992
100844,0,F,N,Y,0,140300.0,275800.0,25198.7,Higher education,Separated,Pensioner,-11443,365243,,0.6189159991254498,0.7659481235456661,0.4094533757628165
100845,0,F,Y,Y,0,137200.0,557300.0,23837.6,Secondary / secondary special,Married,Working,-13784,-3526,8.5,0.8557431630462172,0.45739749211479963,0.38935673709895524
100846,1,M,N,Y,1,50500.0,145600.0,10119.5,Secondary / secondary special,Married,Working,-17019,-1238,,,0.4686021231381641,0.6588155282947759
100847,0,F,N,N,0,176400.0,515600.0,48967.7,Secondary / secondary special,Married,Commercial associate,-20675,-639,,0.7993092990028484,0.5854629643010344,0.549202990172364
100848,1,M,N,Y,1,343000.0,1840600.0,74337.3,Secondary / secondary special,Married,Pensioner,-24254,365243,,0.5324843723515944,0.7324692204811412,0.39577481330097036
100849,0,F,N,Y,0,118000.0,560200.0,19351.7,Higher education,Single / not married,Working,-11932,-218,,,0.5000260439554843,0.6948218516517001
100850,0,M,N,Y,0,198200.0,1176900.0,95472.8,Secondary / secondary special,Single / not married,Working,-16136,-1864,,0.560460945253247,0.5376107155263601,
100851,0,F,N,Y,0,101600.0,338400.0,17528.4,Higher education,Widow,Commercial associate,-13782,-66,,,0.7155646628051997,0.10848943341599371
100852,0,F,N,Y,1,229400.0,923500.0,65161.2,Secondary / secondary special,Married,Commercial associate,-18295,-650,,,0.6900684836040148,0.5092937714936413
100853,0,M,N,Y,0,186000.0,413100.0,38058.1,Secondary / secondary special,Married,Commercial associate,-14095,-2295,,,0.7245003536604866,0.9520559699529443
100854,1,M,N,N,0,124900.0,719900.0,40326.8,Higher education,Married,Working,-9370,-1051,,0.37785615089454255,0.6731409704755965,0.41943593673781404
100855,0,F,Y,Y,1,121200.0,556700.0,21379.0,Secondary / secondary special,Married,Working,-18441,-790,1.5,0.7558315665927934,0.8954163344699106,0.4894032200980596
100856,0,F,N,Y,0,196900.0,1191800.0,73611.2,Higher education,Married,Commercial associate,-8293,-1719,,0.6049177981715111,0.815538835978236,0.7981734959767576
100857,0,M,Y,Y,1,150000.0,699100.0,58686.6,Higher education,Married,Working,-8424,-1850,7.2,,0.5469753185882801,0.3768323496294034
100858,0,M,N,Y,1,84600.0,183600.0,8324.6,Higher education,Married,Pensioner,-23172,365243,,,0.7400730726039579,
100859,0,F,N,Y,0,74000.0,319400.0,11912.5,Higher education,Widow,Working,-22928,-1337,,,0.8273102292070649,0.5081936163376606
100860,0,F,N,Y,2,191900.0,1198900.0,70919.4,Secondary / secondary special,Separated,Working,-17535,-714,,0.6302969970717964,0.7388233771212369,
100861,0,M,N,N,0,104500.0,244400.0,12883.4,Secondary / secondary special,Married,Pensioner,-7985,365243,,,0.7887969063976347,0.3380421430230374
100862,0,M,N,N,1,149600.0,469900.0,35117.2,Higher education,Widow,Commercial associate,-13685,-494,,,0.6956666812808024,
100863,0,M,N,N,0,191900.0,907400.0,30423.9,Secondary / secondary special,Civil marriage,Pensioner,-13741,365243,,,0.7151076977978795,0.4642804991506262
100864,0,F,Y,N,0,85700.0,372600.0,12708.1,Secondary / secondary special,Married,Working,-20308,-1917,2.5,0.7722132383787652,0.7133316484228748,0.5553017364826344
100865,0,F,N,Y,1,93300.0,225400.0,8660.4,Secondary / secondary special,Separated,Working,-21904,-3760,,,0.8417741395839202,
100866,0,M,N,Y,1,305600.0,704300.0,61512.7,Secondary / secondary special,Widow,Commercial associate,-13880,-387,,,0.6521962291839594,
100867,0,M,N,Y,1,122300.0,273300.0,17067.1,Secondary / secondary special,Married,Pensioner,-15064,365243,,0.7543102929233827,0.8889242357491411,
100868,0,M,Y,N,0,232900.0,973200.0,69838.9,Incomplete higher,Single / not married,Commercial associate,-11608,-472,17.7,0.8365609639115995,0.38136578551887707,0.49347281134925136
100869,0,F,N,Y,1,455100.0,2758300.0,223518.1,Secondary / secondary special,Married,Working,-20432,-2731,,,0.5754222845234805,
100870,1,F,N,Y,0,164000.0,657400.0,35692.1,Secondary / secondary special,Married,Working,-13791,-1804,,0.7113010442852122,0.43438311698640575,0.6095695590052844
100871,0,M,N,Y,0,99900.0,354500.0,19319.8,Secondary / secondary special,Single / not married,Pensioner,-20038,365243,,0.8061441582816459,0.47669325239614296,0.6267137327076696
100872,0,F,Y,Y,0,155900.0,397000.0,13604.4,Secondary / secondary special,Married,Commercial associate,-20063,-1712,1.5,0.6716085175686322,0.48985549255782423,0.8246533027647696
100873,0,M,N,Y,1,135300.0,802300.0,32694.2,Secondary / secondary special,Married,Working,-10408,-3834,,0.908912133607731,0.7858050433051366,0.6361233781746879
100874,0,F,N,Y,1,151800.0,976600.0,84359.9,Secondary / secondary special,Single / not married,Working,-23194,-209,,,0.7936833366411329,0.8694229616831306
100875,0,M,Y,Y,0,203400.0,1027400.0,93153.0,Secondary / secondary special,Civil marriage,Working,-22125,-2339,3.9,,0.5955204315570888,0.5682713728100927
100876,0,M,Y,Y,1,214100.0,873100.0,30110.4,Secondary / secondary special,Civil marriage,Working,-17891,-411,9.2,,0.6857799199283044,
100877,1,F,Y,N,2,59700.0,362200.0,13893.0,Secondary / secondary special,Married,Pensioner,-9183,365243,1.6,,0.255422683384689,
100878,0,F,N,Y,0,251600.0,1038000.0,96218.3,Secondary / secondary special,Married,Commercial associate,-10602,-362,,,0.6941175002940516,0.7226179561693061
100879,0,F,Y,Y,0,166600.0,537600.0,19794.9,Higher education,Married,Working,-9286,-345,10.1,,0.4898368767566252,
100880,0,F,N,Y,1,113800.0,277100.0,13981.3,Higher education,Married,Pensioner,-15798,365243,,0.7747382735037976,0.4864438692861828,0.778030389149865
100881,0,F,N,Y,2,204900.0,448400.0,18017.5,Higher education,Married,Unemployed,-12325,365243,,,0.5329876648117107,0.26637165743041674
100882,0,F,N,N,1,91800.0,343800.0,15867.0,Higher education,Separated,Pensioner,-22235,365243,,,0.3769698857290263,0.5600326177186497
100883,0,M,N,Y,0,93700.0,323000.0,13655.8,Secondary / secondary special,Married,Commercial associate,-15313,-347,,0.6706214793051569,0.6580574773116413,0.6961993845008742
100884,0,F,N,N,0,237200.0,601400.0,36395.0,Higher education,Married,State servant,-15596,-863,,,0.5705797458413192,0.6654498650662483
100885,0,F,Y,Y,1,151800.0,613600.0,30089.4,Secondary / secondary special,Single / not married,Working,-23833,-777,6.7,,0.7956129697324279,0.764209841511829
100886,0,F,N,Y,1,298200.0,1533800.0,109974.5,Higher education,Married,Pensioner,-17799,365243,,0.3046861156332865,0.3272708021150938,0.7410064353931818
100887,0,F,Y,N,0,108100.0,495000.0,27601.9,Secondary / secondary special,Married,Working,-14461,-2002,0.5,,0.7696870395976915,0.777412133952879
100888,0,F,Y,Y,2,167900.0,900900.0,75884.8,Secondary / secondary special,Married,Working,-24912,-180,3.7,0.3329365440559101,0.6035874734683521,0.6710422099075475
100889,0,F,N,N,0,175300.0,972200.0,41851.1,Secondary / secondary special,Married,Working,-15777,-1959,,0.6881342056859237,0.4862306269004406,0.678541214973579
100890,0,M,Y,Y,0,176800.0,385300.0,34423.7,Secondary / secondary special,Civil marriage,Working,-17833,-3932,7.8,0.6403847134114137,0.6073726389587217,0.8223380134867285
100891,0,F,Y,Y,0,194700.0,1257700.0,78971.1,Secondary / secondary special,Married,Pensioner,-14367,365243,9.1,0.7488823618409812,0.3868485051371183,0.6294257184432354
100892,0,M,N,Y,1,181100.0,419800.0,34902.4,Secondary / secondary special,Single / not married,Pensioner,-19402,365243,,0.7858692272503467,0.7218063601617799,0.9672371135391198
100893,0,F,Y,Y,0,148500.0,771200.0,33079.9,Incomplete higher,Married,Working,-21271,-7,5.9,0.5582147921701169,0.4457626849128981,
100894,0,F,Y,N,1,61500.0,267300.0,13800.8,Secondary / secondary special,Married,Pensioner,-18691,365243,6.8,,0.5489066671165415,0.8427896000812402
100895,0,M,N,Y,1,217300.0,889200.0,51423.4,Secondary / secondary special,Single / not married,Pensioner,-12025,365243,,0.5191300466160631,0.8561240866643431,0.5082025826158195
100896,0,M,N,Y,0,50600.0,304100.0,15605.5,Secondary / secondary special,Civil marriage,Working,-24190,-1186,,,0.6278072588769248,
100897,0,F,N,Y,0,84500.0,460300.0,34805.5,Secondary / secondary special,Separated,Commercial associate,-16641,-267,,,0.6654349025941428,0.6023410233339865
100898,0,F,Y,Y,0,107200.0,191300.0,6875.6,Secondary / secondary special,Married,Working,-22152,-1247,15.0,,0.8379054595868113,0.5344465549500937
100899,0,F,N,Y,1,221100.0,1025300.0,60556.5,Secondary / secondary special,Married,Working,-7824,-485,,,0.7644170795715346,0.8719664769068508
100900,0,F,N,N,0,133300.0,529700.0,22619.7,Secondary / secondary special,Married,Commercial associate,-16747,-1166,,,0.5453662998881559,0.5569429917788745
100901,0,F,Y,Y,0,342400.0,1221500.0,42246.7,Secondary / secondary special,Married,Pensioner,-24072,365243,10.5,,0.4923495009717473,0.6153378113640182
100902,0,F,Y,Y,0,78900.0,131700.0,10543.1,Secondary / secondary special,Separated,Working,-19735,-1753,8.1,,0.8614957961382937,
100903,0,F,Y,Y,0,89800.0,529000.0,22472.7,Secondary / secondary special,Married,Working,-9672,-51,12.4,,0.4984702434697112,0.9038065381457759
100904,0,F,N,Y,0,53500.0,167800.0,16522.0,Higher education,Married,Commercial associate,-20117,-1382,,0.7564906530696367,0.8799010215830909,0.7815112537023565
100905,0,M,Y,Y,0,87900.0,571000.0,19709.8,Higher education,Married,Commercial associate,-7933,-1359,3.0,0.7427451749874113,0.6052007991919595,0.8260187679038875
100906,0,M,N,N,1,110800.0,617700.0,36827.6,Secondary / secondary special,Married,Pensioner,-14133,365243,,,0.6736070822710823,
100907,0,F,N,Y,0,284700.0,1569900.0,99291.0,Secondary / secondary special,Single / not married,Working,-11820,-511,,,0.7668884242654308,0.7606118201105796
100908,0,F,Y,N,0,235800.0,1052200.0,65193.8,Higher education,Married,Pensioner,-12086,365243,14.0,,0.7670643140627671,0.7668974311323992
100909,0,F,N,Y,1,163900.0,925700.0,31064.1,Secondary / secondary special,Separated,Commercial associate,-8397,-89,,0.5601162197565333,0.5552992635441262,0.7217138339614845
100910,0,F,Y,Y,0,128000.0,352700.0,22146.2,Secondary / secondary special,Married,Working,-18489,-312,16.5,0.8583471670896518,0.7370542346864616,0.7443577274550004
100911,1,M,Y,N,0,207800.0,927400.0,32851.6,Secondary / secondary special,Civil marriage,Commercial associate,-20677,-581,15.0,,0.8934592772306894,0.5643753365218671
100912,0,M,N,N,0,261100.0,1153300.0,41225.6,Secondary / secondary special,Married,Working,-12786,-114,,0.9385212088655177,0.7822806613538249,0.7319468664476917
100913,0,M,N,N,0,110100.0,402400.0,14848.1,Higher education,Married,Commercial associate,-17958,-5791,,,0.3766281279627867,0.5597283581201078
100914,0,M,N,Y,0,115100.0,498900.0,37878.1,Higher education,Married,Working,-16390,-360,,,0.6532357452738201,0.6916134778478565
100915,0,M,N,N,1,121300.0,640400.0,27609.4,Secondary / secondary special,Married,Working,-25082,-33,,0.7774874527004688,0.4932704674157019,0.608129451287055
100916,0,M,Y,N,1,67500.0,164400.0,9342.0,Secondary / secondary special,Widow,State servant,-21912,-1066,9.5,0.7875367753637986,,0.4286307735498116
100917,0,F,N,N,0,254000.0,1620900.0,83309.8,Higher education,Civil marriage,Pensioner,-24256,365243,,0.757643081781204,0.4791523222558074,0.646263454791933
100918,0,F,Y,Y,0,113300.0,435600.0,33295.9,Secondary / secondary special,Married,Working,-22122,-31,16.8,,0.6712189119977348,0.8537124949006708
100919,0,F,N,N,0,129300.0,641900.0,21726.6,Secondary / secondary special,Married,Pensioner,-19200,365243,,,0.7761400691243686,0.7755474027569023
100920,1,F,N,Y,1,283600.0,1710900.0,111737.5,Secondary / secondary special,Married,State servant,-8917,-733,,0.5045265519302906,0.48872874780177983,0.5413099066221837
100921,1,F,N,N,1,115500.0,732600.0,26963.2,Higher education,Married,Working,-22710,-58,,0.4369525021983366,0.5151466347811307,0.6726526319905104
100922,0,M,N,N,0,260300.0,1154000.0,102992.1,Higher education,Married,Commercial associate,-21012,-1856,,,0.8206221447325653,0.6037817698890112
100923,0,F,N,N,0,67100.0,422600.0,16350.4,Secondary / secondary special,Married,Working,-12617,-1068,,,0.7615381157243893,
100924,0,F,N,N,1,189600.0,830200.0,32009.0,Higher education,Married,Pensioner,-12393,365243,,,0.38486569773780527,0.7036183084114199
100925,0,F,Y,Y,1,120500.0,334400.0,21972.8,Secondary / secondary special,Separated,Working,-16861,-129,6.8,,0.7351328914213598,0.7338214142871455
100926,0,F,Y,Y,0,72400.0,308300.0,14441.0,Secondary / secondary special,Married,Pensioner,-12631,365243,10.2,0.8098199488140462,0.7298722044361252,0.2813229870399576
100927,0,F,Y,Y,1,88300.0,184600.0,11571.2,Higher education,Single / not married,Working,-24687,-1820,5.2,,0.6507068773864657,
100928,0,M,N,N,1,156900.0,804800.0,56626.6,Higher education,Separated,Working,-11063,-2191,,0.6342096565413394,0.5969240692189376,
100929,0,F,N,N,1,95600.0,255500.0,11424.3,Secondary / secondary special,Married,Pensioner,-10359,365243,,0.8494929460311271,0.5766594380424712,0.7392156633614223
100930,0,M,Y,N,1,175000.0,625800.0,25535.9,Secondary / secondary special,Married,Working,-8433,-1858,17.2,,0.5258595374174008,0.7070657569331457
100931,0,F,N,N,1,105300.0,356200.0,14687.3,Incomplete higher,Married,Pensioner,-17358,365243,,0.6826320303137043,0.5597980722883213,0.35404543643341935
100932,0,F,N,Y,2,71100.0,190600.0,7120.0,Secondary / secondary special,Single / not married,Working,-20649,-365,,,0.6477051798075224,0.7896998872136107
100933,0,F,Y,Y,0,227800.0,1161800.0,47801.2,Secondary / secondary special,Married,Working,-17949,-693,13.6,0.4755165758166272,0.9110747796791515,0.4404850565938946
100934,0,M,N,Y,0,168100.0,520200.0,29474.8,Secondary / secondary special,Married,Commercial associate,-11321,-3870,,,0.9036435025531125,0.8885825117076744
100935,0,M,N,N,1,65400.0,406100.0,13727.0,Secondary / secondary special,Married,Working,-23859,-1343,,,0.7658877842146432,0.8163967728751913
100936,0,F,N,Y,0,197600.0,303000.0,10406.4,Secondary / secondary special,Single / not married,Commercial associate,-14320,-2405,,,0.6454194608396151,0.5402875576570981
100937,0,M,N,N,0,155600.0,586200.0,30790.2,Secondary / secondary special,Single / not married,Working,-10138,-1112,,0.5454936054812104,,
100938,0,F,Y,N,0,121300.0,463500.0,15752.9,Secondary / secondary special,Married,Commercial associate,-11019,-438,7.3,,0.33533991210775205,0.820126437168202
100939,0,M,N,Y,0,123500.0,546200.0,18413.8,Secondary / secondary special,Civil marriage,Commercial associate,-15352,-1193,,,0.9087476953914689,0.6859425924950358
100940,0,F,N,N,0,269200.0,565300.0,22729.4,Secondary / secondary special,Married,Working,-17214,-799,,,0.49742084623060484,
100941,0,F,N,Y,0,170000.0,986700.0,37730.9,Secondary / secondary special,Married,Working,-18214,-1875,,0.49558169424617643,0.731846880348244,0.7520749433505346
100942,0,M,N,Y,0,275200.0,718400.0,58488.9,Secondary / secondary special,Married,Working,-8954,-34,,,0.6621580121798015,
100943,0,F,N,Y,1,182400.0,622800.0,40426.8,Secondary / secondary special,Single / not married,State servant,-22879,-296,,0.5450751585161783,0.7548318030548457,
100944,0,F,N,Y,1,163700.0,707600.0,56841.8,Higher education,Single / not married,Working,-13568,-2584,,,0.7199814782975718,0.5514924289813806
100945,0,F,Y,Y,0,104700.0,159500.0,12208.7,Incomplete higher,Married,Working,-12217,-875,13.8,0.5021957826632321,0.8275345827301626,0.904442182909217
100946,0,F,Y,Y,0,158100.0,729300.0,28550.3,Secondary / secondary special,Married,Working,-19724,-191,5.9,0.7136330241276966,0.5985285579366185,0.7336023991871731
100947,0,M,N,Y,0,233200.0,587000.0,41648.8,Secondary / secondary special,Married,Pensioner,-18427,365243,,0.5584323781381667,0.4218475706055284,0.6878007207492031
100948,0,M,N,Y,1,152700.0,809700.0,46110.9,Higher education,Married,Commercial associate,-25076,-360,,,0.629172418843001,0.5881212870821241
100949,0,M,N,Y,0,352000.0,1034100.0,55212.8,Secondary / secondary special,Married,Working,-14864,-4167,,0.22148491205639773,0.6202241679515771,0.7890678936981463
100950,0,F,N,Y,0,233000.0,1050200.0,92385.4,Higher education,Married,Pensioner,-10882,365243,,,0.6224618293100098,
100951,0,F,Y,N,0,85900.0,343500.0,12616.6,Secondary / secondary special,Married,State servant,-24724,365243,10.6,,0.8881399382920799,0.6305233116015833
100952,1,F,Y,Y,1,118400.0,699200.0,25978.9,Secondary / secondary special,Married,Pensioner,-16120,365243,5.5,0.6269118787827223,0.5878004244913153,0.3383543745954541
100953,0,F,N,Y,0,199400.0,654000.0,62987.1,Secondary / secondary special,Married,Commercial associate,-19268,-1435,,,0.756070863131036,0.7608213870967188
100954,0,F,Y,N,0,74100.0,297300.0,13610.4,Secondary / secondary special,Married,Working,-8412,-1200,1.4,0.6432684344826043,0.5091156347281937,0.7925220645582444
100955,0,M,N,N,1,139700.0,583300.0,26549.5,Higher education,Married,Working,-13559,-3381,,0.651822400071067,0.4238018239955633,0.7294821598603454
100956,0,M,N,Y,0,96800.0,198800.0,8834.7,Higher education,Married,Working,-24978,-180,,,0.6868085543217195,0.5478929514199984
100957,1,M,N,N,1,150000.0,632300.0,41670.4,Secondary / secondary special,Single / not married,Commercial associate,-24577,-46,,,0.7109237641495884,0.4709334687698176
100958,0,F,N,Y,1,97100.0,383100.0,28626.3,Secondary / secondary special,Married,Working,-24924,-912,,0.6994237330423423,0.5630321005589556,0.671049100854814
100959,0,F,N,N,1,236600.0,557200.0,47493.8,Incomplete higher,Married,Working,-22115,-1054,,0.4695874157420224,0.35515640350828015,0.7258643669959389
100960,0,F,N,Y,0,117100.0,539700.0,22096.0,Higher education,Married,Commercial associate,-16445,-543,,0.722178621511699,0.3710868957694195,
100961,0,F,Y,Y,0,198600.0,805800.0,40600.9,Secondary / secondary special,Married,Commercial associate,-17698,-2741,8.5,0.837551056534221,0.6478850045472974,0.6964201634675781
100962,0,F,N,Y,0,75200.0,165900.0,7454.4,Secondary / secondary special,Single / not married,Working,-8982,-90,,0.7004540498316975,0.5553705033583825,
100963,0,F,N,N,0,128400.0,595900.0,28170.7,Secondary / secondary special,Married,Pensioner,-21577,365243,,0.36419624501222336,0.6271752323167189,0.6389595363125214
100964,0,F,Y,Y,0,82800.0,318600.0,13757.6,Secondary / secondary special,Married,Working,-20802,-849,12.1,0.7635563308855239,0.4556719809649106,0.6389004294511258
100965,0,M,N,Y,0,252000.0,1518900.0,63000.1,Higher education,Married,Commercial associate,-20088,-1872,,0.8339570133149554,0.7082108713209795,0.91168942671549
100966,0,F,N,Y,1,103900.0,435700.0,30612.2,Higher education,Married,State servant,-14377,-1637,,,0.601417523541602,0.48210818979482095
100967,0,M,Y,N,1,141600.0,384900.0,16199.9,Higher education,Separated,Working,-12331,-249,16.0,0.4338807655351981,0.788935994660212,0.573070740238668
100968,0,F,N,Y,0,172500.0,897800.0,57845.9,Secondary / secondary special,Widow,Pensioner,-21869,365243,,,0.91148952102736,0.33531358504452785
100969,0,F,N,Y,1,105300.0,381100.0,36109.9,Incomplete higher,Married,Pensioner,-24755,365243,,,0.7556646663143699,0.6869854036354515
100970,0,F,N,Y,1,85800.0,486800.0,18454.7,Incomplete higher,Married,Unemployed,-15094,365243,,,0.6084265447557524,0.46229173265715273
100971,0,F,N,N,0,160100.0,600800.0,24000.9,Secondary / secondary special,Married,Working,-8643,-2069,,0.6755856357726693,0.6693012596156235,
100972,0,F,N,Y,1,61700.0,157600.0,6291.3,Higher education,Married,Working,-23461,-284,,0.8936592440791132,0.7209607422508192,0.9284375095215494
100973,0,F,N,N,0,269400.0,1075500.0,61406.7,Secondary / secondary special,Married,Working,-19757,-55,,,0.8786931338291883,0.5910552413495954
100974,0,M,N,Y,0,138500.0,279300.0,10965.3,Secondary / secondary special,Married,Pensioner,-19441,365243,,,0.8498865690988665,
100975,0,F,Y,Y,1,75900.0,263500.0,16679.2,Secondary / secondary special,Married,Working,-24224,-2451,9.1,,0.556851226105769,0.4349297964985325
100976,0,F,Y,Y,2,130700.0,565700.0,35444.0,Secondary / secondary special,Married,Working,-19425,-4650,15.5,0.21283456420433117,0.8895361481592255,0.6440336583609979
100977,0,F,N,Y,0,191000.0,876000.0,50581.8,Secondary / secondary special,Married,State servant,-18496,-967,,,0.7131286578411813,0.7269476212977559
100978,0,F,N,Y,0,102000.0,344900.0,14094.5,Secondary / secondary special,Married,Working,-20119,-2613,,,0.6730406366602478,0.7336244442572233
100979,0,F,Y,Y,0,61500.0,140400.0,9381.3,Secondary / secondary special,Civil marriage,Working,-16154,-566,18.3,,,0.3058027512911845
100980,0,F,N,N,0,139300.0,431900.0,37599.7,Secondary / secondary special,Married,Pensioner,-12701,365243,,0.7875228585902291,0.6968190646019489,0.36096402613842893
100981,0,M,N,Y,1,207400.0,838800.0,55239.5,Secondary / secondary special,Single / not married,Working,-12084,-3143,,0.7148829517657516,0.9347959835624212,0.22855226801065084
100982,0,M,N,Y,0,163500.0,691700.0,36055.3,Secondary / secondary special,Married,Commercial associate,-20402,-2452,,,0.46451880008573004,
100983,0,M,N,Y,0,176500.0,1007000.0,61484.9,Higher education,Married,Working,-11923,-212,,,0.6291281957244349,0.5294536206736923
100984,0,F,N,Y,0,226500.0,399900.0,16393.1,Secondary / secondary special,Single / not married,Working,-23995,-5196,,,0.6792521090264084,0.5490435778662806
100985,0,F,N,Y,0,300200.0,1255300.0,108703.2,Higher education,Married,Working,-14735,-836,,,0.919847390246186,0.7493145394873826
100986,1,M,N,Y,0,43800.0,106300.0,4598.0,Incomplete higher,Separated,Pensioner,-18777,365243,,0.5172928518222417,0.48291541611351624,0.3940692406609766
100987,0,F,Y,Y,0,81100.0,479900.0,29484.9,Secondary / secondary special,Separated,Working,-8420,-729,5.4,,0.2616759038455066,0.6777249585498867
100988,0,F,N,Y,0,158800.0,782600.0,57221.0,Higher education,Married,Working,-15541,-377,,,0.3356478398648713,
100989,0,F,Y,N,1,166800.0,475900.0,32451.8,Secondary / secondary special,Married,Unemployed,-14675,365243,17.7,0.5867239563523049,0.5699909463186192,0.7289582729529944
100990,0,M,N,Y,1,73400.0,323400.0,23147.6,Incomplete higher,Married,Pensioner,-20900,365243,,,0.6611606779326945,0.561442297846986
100991,1,F,Y,N,0,103600.0,603900.0,22186.8,Secondary / secondary special,Separated,Commercial associate,-8641,-1014,2.4,,0.7458317612055709,0.3924720257990268
100992,0,M,N,Y,0,319600.0,712000.0,44754.4,Higher education,Married,State servant,-14724,-441,,0.5172072116009765,0.7708984278206841,0.7912297211407384
100993,0,M,N,N,1,125600.0,387800.0,14769.8,Secondary / secondary special,Single / not married,Working,-22715,-3051,,,0.5122001465843162,0.6044531210025662
100994,0,F,Y,Y,0,161900.0,629800.0,39853.6,Secondary / secondary special,Married,Commercial associate,-19390,-2116,9.4,,0.6961646341362204,
100995,1,M,N,Y,2,329700.0,904800.0,89806.6,Higher education,Married,Pensioner,-21300,365243,,,0.25614661704454517,0.7226361283525481
100996,0,F,Y,N,1,153600.0,332900.0,32840.9,Higher education,Married,Commercial associate,-21051,-15,13.0,0.3591459683762817,0.8307951851865055,0.5300320536537816
100997,0,F,N,Y,0,209900.0,515300.0,29692.3,Higher education,Civil marriage,Working,-19275,-1269,,0.4690750594198407,0.7939343863106514,0.7060615437308596
100998,0,F,N,Y,0,190400.0,601500.0,22208.7,Higher education,Single / not married,Pensioner,-14530,365243,,,0.7358858282063716,0.7610645790675927
100999,0,M,N,N,1,126600.0,670800.0,30722.2,Higher education,Married,Working,-14672,-1860,,0.7472524191886789,0.8411646990316788,0.8604997734685267
101000,0,F,N,Y,1,123400.0,791500.0,33552.2,Secondary / secondary special,Married,Working,-8567,-562,,0.7006048754339046,0.6906897029664342,
101001,0,F,N,Y,0,250600.0,645800.0,35302.1,Higher education,Married,Commercial associate,-11088,-156,,0.24543700122477446,0.639829165663274,0.7197842542061754
101002,0,F,Y,Y,0,146700.0,816600.0,52662.5,Secondary / secondary special,Married,Working,-17454,-3084,2.3,,0.43649199722007404,0.8426746255268107
101003,0,F,N,Y,2,93500.0,348600.0,15250.2,Secondary / secondary special,Civil marriage,Working,-23362,-716,,,0.7750709891169494,
101004,0,F,N,N,1,239700.0,500300.0,23173.8,Secondary / secondary special,Married,Working,-18403,-1085,,,0.6243042903565996,0.7699149974694697
101005,0,F,N,Y,1,40800.0,183200.0,17126.9,Secondary / secondary special,Separated,Working,-14455,-1518,,,0.7687912962945752,
101006,0,F,Y,Y,0,299600.0,1035400.0,49159.8,Secondary / secondary special,Married,Working,-22255,-1034,9.7,,,0.22736511983521399
101007,0,M,N,Y,0,135400.0,411100.0,18178.4,Higher education,Civil marriage,Commercial associate,-15538,-1739,,,0.5086644995350958,0.454310601745625
101008,0,F,Y,N,0,147800.0,496200.0,28569.1,Secondary / secondary special,Separated,Commercial associate,-12226,-3481,12.8,,0.6387748387600811,
101009,0,M,N,N,0,152900.0,620500.0,36848.8,Higher education,Married,Commercial associate,-9074,-489,,,0.5416528985906871,0.7329967785181144
101010,0,F,N,Y,0,268000.0,1070500.0,41575.3,Secondary / secondary special,Widow,Working,-22196,-2128,,0.5874307046576013,0.683216043382291,0.6635746886835697
101011,0,M,N,N,0,159300.0,554500.0,31835.7,Incomplete higher,Married,Working,-18469,-4042,,0.6424741198968488,0.7132338668830105,
101012,0,F,Y,Y,2,145800.0,297400.0,18907.8,Secondary / secondary special,Single / not married,State servant,-17853,-629,4.8,0.6518507155758261,0.4812652322806501,0.5270129151347407
101013,1,F,Y,N,1,95900.0,391800.0,15248.6,Secondary / secondary special,Married,Working,-20305,-4612,15.6,0.7749554412631718,0.4573570068588937,0.7787187383434653
101014,0,M,N,Y,0,106800.0,640000.0,21551.1,Higher education,Married,Working,-18277,-777,,,0.8914344802080646,0.607541385291957
101015,0,F,Y,Y,1,196600.0,684000.0,49942.6,Secondary / secondary special,Married,Unemployed,-13815,365243,2.3,,0.6134492920450652,0.6333444896061274
101016,0,F,N,Y,1,162800.0,685200.0,39001.4,Secondary / secondary special,Civil marriage,Working,-18497,-842,,0.5395026859730464,0.797024059730466,0.49025870106459385
101017,0,M,N,N,0,314600.0,1469800.0,146212.9,Secondary / secondary special,Separated,Working,-10125,-639,,0.8948346613723358,0.40189370287924925,0.6283391055623894
101018,0,M,N,N,0,102100.0,371900.0,18864.1,Secondary / secondary special,Married,Working,-12862,-1640,,,0.47986916039384697,0.6871520717961456
101019,0,F,Y,Y,1,87600.0,479600.0,30632.3,Secondary / secondary special,Civil marriage,Commercial associate,-17090,-106,9.4,,0.514420936096033,0.5950342709335926
101020,0,F,Y,Y,0,168500.0,281200.0,10606.3,Secondary / secondary special,Civil marriage,Working,-8882,-324,15.8,0.2991297359236897,0.7689745790530719,0.6286234365060727
101021,0,M,N,Y,0,141700.0,295800.0,10446.6,Secondary / secondary special,Single / not married,Commercial associate,-22077,-998,,,0.726521775824229,0.5238530099962921
101022,0,M,N,Y,0,85900.0,140500.0,11401.1,Higher education,Married,Pensioner,-8452,365243,,0.4476882203662048,0.5475548145984507,0.6088410246162366
101023,0,M,Y,Y,0,116600.0,722000.0,26470.1,Secondary / secondary special,Married,Commercial associate,-14198,-384,11.7,,0.25150979879546953,0.5878054911844559
101024,0,F,Y,Y,1,202200.0,401400.0,28070.5,Secondary / secondary special,Married,Working,-15636,-3876,5.8,0.44202049530826437,0.7871971525529946,0.30031485792912505
101025,0,M,N,Y,0,81300.0,451300.0,27928.3,Higher education,Single / not married,Working,-19604,-944,,,0.8792206007345967,0.6239924368679218
101026,0,F,N,Y,0,88300.0,174500.0,6296.3,Higher education,Married,Pensioner,-10385,365243,,,0.583343711562154,0.6917729345589382
101027,1,M,Y,N,0,106100.0,391600.0,22629.4,Secondary / secondary special,Civil marriage,Pensioner,-22070,365243,12.7,,0.22717282320538104,0.2721764364872006
101028,0,F,Y,Y,1,107100.0,451800.0,43705.8,Higher education,Separated,Working,-15140,-961,6.6,0.4984752355930664,0.3892192030537771,0.7133214364134172
101029,0,M,N,Y,0,210400.0,1145100.0,103759.3,Incomplete higher,Married,Working,-12073,-1283,,0.6315216078479957,0.646471314906922,0.4712049683972533
101030,0,F,Y,Y,0,114700.0,261600.0,15614.7,Higher education,Civil marriage,Commercial associate,-9394,-290,8.3,0.5043894756911375,0.4002701021630203,0.3097438192106245
101031,0,F,Y,Y,0,306900.0,1457700.0,52646.6,Secondary / secondary special,Married,Pensioner,-23892,365243,15.5,,0.8072736844188236,0.8384656376413225
101032,0,M,N,Y,2,92100.0,538100.0,45704.4,Secondary / secondary special,Married,Pensioner,-14742,365243,,,0.8051537166925352,0.2833230741087761
101033,0,F,N,N,0,173500.0,1083200.0,77863.7,Secondary / secondary special,Married,Commercial associate,-14355,-467,,0.5989030125884084,0.41142043064871264,
101034,1,M,Y,Y,0,144600.0,927900.0,31618.5,Secondary / secondary special,Separated,Working,-10830,-129,16.4,0.15834685579210822,0.7457182045256515,0.7123435610365135
101035,0,F,N,Y,1,147500.0,905100.0,49650.5,Secondary / secondary special,Civil marriage,Pensioner,-16547,365243,,0.5132159499779826,0.6916883855946301,0.7227151002400696
101036,0,F,Y,N,1,48600.0,157400.0,5733.5,Secondary / secondary special,Single / not married,Pensioner,-13278,365243,15.9,,0.7790197800768109,0.705601515587519
101037,0,F,Y,Y,1,89900.0,223300.0,12638.9,Secondary / secondary special,Married,Working,-10579,-2111,16.0,,0.5936969639595805,0.749060844855414
101038,1,F,N,Y,0,136600.0,493200.0,24216.7,Higher education,Married,Working,-20869,-1045,,0.5747471422876913,0.5484364482531368,0.3914542378721716
101039,0,F,N,N,1,60700.0,155800.0,5383.8,Secondary / secondary special,Civil marriage,Working,-23418,-548,,,0.4316647760148793,0.4742730879293238
101040,0,F,N,Y,1,39500.0,242500.0,8325.4,Higher education,Separated,Working,-13846,-888,,,0.7527408206221824,0.9529027000951718
101041,1,F,N,Y,2,84500.0,321000.0,24115.9,Higher education,Widow,Pensioner,-12693,365243,,,0.30190516405770756,0.766022720620933
101042,0,M,Y,N,0,171400.0,522600.0,22205.1,Secondary / secondary special,Single / not married,Working,-14216,-446,10.6,,0.6846194848498139,0.7230491336434784
101043,0,M,N,N,0,182500.0,1113300.0,60229.4,Secondary / secondary special,Single / not married,Pensioner,-23884,365243,,0.5435681965788732,0.4919569355480572,0.7072110122365368
101044,0,M,N,Y,1,84900.0,254200.0,19561.0,Higher education,Married,Working,-17902,-4203,,0.7493419029235565,0.7595462548261597,
101045,0,F,Y,Y,0,134500.0,535800.0,50953.5,Secondary / secondary special,Single / not married,Working,-10579,-83,0.1,,0.7982364885083454,0.7399079864581696
101046,0,F,N,N,3,178200.0,675900.0,33533.6,Secondary / secondary special,Married,Commercial associate,-18758,-63,,,0.6430225628921225,
101047,0,F,Y,Y,2,267300.0,1521600.0,128138.0,Secondary / secondary special,Civil marriage,Working,-14705,-5073,9.0,0.5801299301168104,0.6210907526401703,0.7801109887517399
101048,0,M,N,Y,1,262700.0,1030800.0,35832.2,Secondary / secondary special,Married,Commercial associate,-7975,-1400,,,0.67765127454879,0.5759957551425505
101049,0,M,N,Y,2,221900.0,723500.0,48237.1,Secondary / secondary special,Separated,Working,-24675,-3728,,0.46125636226115224,0.6888180345336564,
101050,0,F,Y,N,0,115500.0,245100.0,13039.7,Higher education,Married,Commercial associate,-9684,-2693,17.4,,0.8619928178483546,0.8129230199855413
101051,0,M,N,Y,0,144000.0,604400.0,24641.7,Secondary / secondary special,Married,State servant,-14919,-808,,0.7317285797432836,0.7353509734074539,0.6336931060449051
101052,1,F,Y,Y,0,152100.0,734400.0,36440.5,Incomplete higher,Married,Working,-19199,-3010,1.6,0.5990376425854121,0.4675854328727068,0.8382866300393687
101053,0,F,N,Y,1,133600.0,373100.0,21262.7,Secondary / secondary special,Single / not married,Working,-17944,-285,,,0.63156794384471,
101054,0,F,Y,Y,0,79300.0,382300.0,16921.9,Higher education,Single / not married,Pensioner,-7744,365243,3.6,,0.6348665942059432,0.7885641357455505
101055,0,F,Y,N,0,281700.0,1073300.0,76918.5,Higher education,Single / not married,Working,-18327,-221,13.1,0.6593959056148698,0.475153201476309,0.3400530602232766
101056,0,M,N,Y,1,178900.0,307400.0,15513.5,Secondary / secondary special,Married,Working,-20420,-2194,,,0.6617598054009397,0.49939237462771574
101057,0,M,N,Y,0,217800.0,374600.0,12801.1,Higher education,Married,Pensioner,-22560,365243,,,0.7906718686770643,
101058,0,F,Y,N,0,198200.0,356100.0,13858.7,Higher education,Civil marriage,Working,-10895,-4320,17.0,,0.5965511627996342,0.605157834386419
101059,0,F,N,Y,0,121200.0,433500.0,25967.4,Secondary / secondary special,Widow,Commercial associate,-8314,-1740,,,0.3566815869965217,0.789939550025262
101060,0,M,Y,Y,0,75000.0,420000.0,14865.8,Higher education,Single / not married,Working,-24227,-1939,15.5,,0.45037914652131916,0.6684623647555987
101061,0,M,N,Y,1,206500.0,642500.0,23365.8,Secondary / secondary special,Married,Commercial associate,-19599,-979,,,0.6635515673896685,0.6868743913069548
101062,0,F,N,N,0,200600.0,931700.0,60385.0,Secondary / secondary special,Single / not married,Commercial associate,-15646,-1071,,,0.562302592120661,0.655653714984441
101063,0,F,Y,N,2,167800.0,960500.0,33485.6,Secondary / secondary special,Married,Working,-20381,-1931,7.2,,0.8709078054153988,0.6690699588912915
101064,0,F,N,N,1,387900.0,1667700.0,84624.6,Secondary / secondary special,Widow,Commercial associate,-10424,-73,,,0.8294080856900224,0.5447846264335757
101065,1,F,N,Y,1,114100.0,698000.0,24357.5,Secondary / secondary special,Married,Working,-24472,-578,,0.5801782567796763,0.5276239525344955,0.27671338025789677
101066,0,M,N,Y,0,127800.0,387400.0,18453.4,Secondary / secondary special,Married,Working,-19140,-3733,,,0.71170987384098,0.4720485914947179
101067,0,F,N,Y,0,161600.0,653600.0,54764.3,Incomplete higher,Married,Pensioner,-23044,365243,,,0.6039475841087607,0.47998552071849826
101068,0,M,N,N,1,117700.0,497300.0,38902.0,Secondary / secondary special,Single / not married,Pensioner,-17430,365243,,,0.5707609051035734,0.5060702957866765
101069,0,F,N,Y,0,132500.0,314800.0,15773.8,Higher education,Single / not married,Pensioner,-21709,365243,,,0.6242686868666493,0.7193826640874512
101070,0,F,N,Y,0,234400.0,937000.0,89266.3,Secondary / secondary special,Single / not married,Commercial associate,-13415,-1022,,,0.7235318398113068,0.9128479992773055
101071,0,M,N,N,0,110000.0,523900.0,20651.9,Secondary / secondary special,Married,Working,-10003,-3428,,,0.8071460316687281,0.5848840615006599
101072,0,F,N,Y,0,113500.0,226800.0,14040.3,Higher education,Civil marriage,Commercial associate,-13873,-493,,0.7076147312896717,0.5939749797729602,0.8190156427176308
101073,0,F,N,Y,1,191000.0,899300.0,84630.8,Secondary / secondary special,Married,Commercial associate,-23395,-2458,,,0.46300778145466154,0.7100373562259412
101074,0,M,N,Y,0,81300.0,335500.0,14604.1,Secondary / secondary special,Married,Working,-19909,-4401,,,0.49463689575035974,
101075,0,M,N,Y,0,141900.0,476200.0,21534.6,Lower secondary,Single / not married,Working,-15669,-548,,,0.7529645162324228,0.5962803859192537
101076,0,F,N,N,2,138600.0,472200.0,37680.9,Secondary / secondary special,Married,Working,-11793,-688,,0.5031440991098705,0.4519528368880343,
101077,0,F,N,Y,1,195200.0,1128100.0,82794.6,Secondary / secondary special,Married,Working,-18155,-1688,,0.5781708223429355,0.663040798280352,0.7977472547165734
101078,0,F,N,N,1,211400.0,1335300.0,53694.4,Secondary / secondary special,Married,Commercial associate,-18065,-1037,,,0.5846378369186059,0.7435482569590743
101079,0,F,N,Y,0,137000.0,447800.0,34388.0,Secondary / secondary special,Single / not married,Working,-16978,-1866,,,0.7381627173815091,0.40328533638043706
101080,0,F,N,Y,0,141700.0,537500.0,53065.7,Higher education,Married,Commercial associate,-20605,-1247,,,0.7430112766299211,0.8792421961079473
101081,0,F,N,N,0,145000.0,567100.0,18906.9,Secondary / secondary special,Married,State servant,-11927,-1043,,,0.6158707523823278,0.6589194016913469
101082,0,M,N,N,0,128200.0,611200.0,38675.0,Secondary / secondary special,Married,Pensioner,-16628,365243,,,0.827450911536661,0.5936739537339663
101083,0,M,N,Y,1,263400.0,712300.0,25602.9,Secondary / secondary special,Single / not married,Pensioner,-13077,365243,,0.4095085671079964,0.7197221318586285,0.6091665544227618
101084,0,M,Y,Y,1,184600.0,606000.0,33148.2,Secondary / secondary special,Married,Pensioner,-11274,365243,12.7,0.8638542569815233,0.6565473569473781,0.6059193136282086
101085,0,M,N,N,0,260400.0,572300.0,19562.1,Secondary / secondary special,Married,Working,-13504,-196,,,0.7426073966925316,0.8379065738051825
101086,0,M,Y,N,0,99300.0,153000.0,8226.8,Higher education,Married,Commercial associate,-21747,-734,10.6,0.5320561606956085,0.8770887065474701,0.8304027283642498
101087,0,M,Y,Y,0,258600.0,629900.0,25210.1,Higher education,Married,Commercial associate,-9666,-2420,11.3,,0.7003519868968492,0.402487124778078
101088,0,M,N,Y,1,155400.0,268100.0,9146.1,Secondary / secondary special,Married,State servant,-12499,-277,,0.46690280110016497,0.5586604956898641,0.48688834519576213
101089,0,F,N,Y,0,200400.0,543400.0,34730.3,Incomplete higher,Single / not married,Commercial associate,-17015,-2738,,,0.5210542176041278,0.6580484358881958
101090,0,F,N,Y,1,62400.0,206000.0,19445.0,Higher education,Married,Working,-14700,-249,,,0.5849861718929666,0.7399573721271209
101091,0,F,Y,Y,0,306200.0,557300.0,29373.6,Secondary / secondary special,Married,Pensioner,-22181,365243,18.4,,0.6149853035552288,0.6684499692319374
101092,0,F,N,Y,1,179600.0,1131700.0,44862.8,Secondary / secondary special,Married,Commercial associate,-21331,-64,,,0.5499026423029357,0.4084089931364876
101093,0,F,N,Y,0,340700.0,740800.0,34811.9,Secondary / secondary special,Married,Working,-19555,-1315,,0.18034598899890897,0.2765745331720651,0.8290991504429965
101094,0,F,N,Y,0,242900.0,1404300.0,52585.5,Secondary / secondary special,Single / not married,Commercial associate,-12623,-2295,,0.6442066447132113,0.7650945209940275,0.4239897364777188
101095,0,F,N,Y,0,58600.0,297200.0,19381.6,Secondary / secondary special,Single / not married,Commercial associate,-8042,-1467,,,0.6008491409314872,0.5075551414051234
101096,0,F,N,Y,0,292100.0,1561400.0,137463.0,Secondary / secondary special,Single / not married,Commercial associate,-13173,-488,,0.8670477784772448,0.438508108160709,0.7784299648591911
101097,0,F,Y,Y,1,160200.0,418200.0,29004.7,Incomplete higher,Married,State servant,-18206,-1693,16.7,0.5803300593336482,0.6577451027640918,0.7795396292531555
101098,0,M,Y,Y,1,196600.0,1218000.0,83568.5,Secondary / secondary special,Married,Commercial associate,-9448,-2874,19.1,,0.7998912060665955,0.4507522431671425
101099,0,M,Y,N,0,187900.0,498100.0,29817.0,Secondary / secondary special,Married,Pensioner,-22109,365243,19.4,,0.68476446001658,0.5701298203123313
101100,0,F,N,Y,0,140900.0,226800.0,13969.2,Incomplete higher,Married,Working,-24967,-1255,,,0.5892157280898735,0.6033793952367865
101101,0,F,Y,Y,0,122800.0,278900.0,18992.9,Secondary / secondary special,Civil marriage,Working,-20601,-2835,10.9,,0.5879631605372391,0.6481278149983613
101102,0,F,Y,Y,0,202300.0,657800.0,52892.3,Secondary / secondary special,Married,Working,-14939,-3831,8.1,,0.6174023908339477,0.7917848829606301
101103,0,M,Y,Y,2,101300.0,192700.0,9429.1,Secondary / secondary special,Married,Commercial associate,-21647,-2183,8.8,,0.5997161650743715,0.6377716287183319
101104,0,M,Y,Y,0,149200.0,829300.0,34229.0,Secondary / secondary special,Single / not married,Pensioner,-12449,365243,6.4,0.4877096854437167,0.7332178844373656,0.3443580607123126
101105,0,F,N,Y,1,276700.0,1190600.0,42270.0,Secondary / secondary special,Married,Commercial associate,-24397,0,,0.3769290523722566,0.6214137368228358,0.7953641745056985
101106,1,M,Y,Y,1,85100.0,521900.0,33637.6,Secondary / secondary special,Separated,Working,-14097,-1332,4.0,,0.5071696160163325,0.561296297110065
101107,0,F,N,N,0,134700.0,597700.0,25751.0,Higher education,Married,Working,-19765,-168,,0.5726827067429825,0.7033506891886799,0.5826331530854524
101108,0,F,Y,Y,0,249100.0,452800.0,22032.8,Secondary / secondary special,Civil marriage,Unemployed,-8001,365243,9.7,0.6771727482538711,0.7138786724058835,0.28854989889668015
101109,0,M,Y,Y,1,101900.0,426100.0,15395.1,Higher education,Single / not married,Working,-18728,-434,3.7,,0.5491052388758488,0.8701356885558936
101110,0,F,Y,Y,2,62400.0,118100.0,4941.2,Higher education,Single / not married,Working,-12860,-1605,10.0,,0.690026457154891,0.610037998208563
101111,1,F,N,Y,0,60400.0,374100.0,27388.4,Secondary / secondary special,Married,Commercial associate,-9460,-2886,,,0.5098568602040766,0.6570361509207177
101112,0,F,Y,Y,0,119200.0,570100.0,37196.8,Secondary / secondary special,Married,Commercial associate,-15271,-366,13.6,,0.6985984521016567,0.6470042456262319
101113,0,F,N,N,1,314200.0,1017900.0,45260.8,Secondary / secondary special,Married,Working,-9526,-1880,,,0.47137626825365203,0.46684811263244763
101114,0,M,Y,Y,0,104500.0,475000.0,18982.0,Secondary / secondary special,Single / not married,Working,-10914,-243,11.7,0.48812963398701636,0.5559092147720744,
101115,0,M,N,Y,0,129400.0,680600.0,58804.2,Secondary / secondary special,Married,Commercial associate,-23363,-5,,,0.30288402556911936,0.834284526778259
101116,0,F,Y,Y,2,150800.0,934800.0,40772.0,Secondary / secondary special,Married,Working,-8782,-310,3.2,,0.7711674245377418,0.5074523525033612
101117,0,F,N,Y,1,242300.0,1122500.0,83716.3,Secondary / secondary special,Married,Working,-18627,-177,,0.5262001117063774,0.7916884324484539,
101118,0,M,N,N,1,216600.0,1055800.0,36585.1,Secondary / secondary special,Civil marriage,Working,-8727,-1210,,0.857442121362316,0.7304863057287925,
101119,0,F,Y,Y,0,137400.0,481700.0,16454.2,Secondary / secondary special,Married,Working,-20259,-355,13.6,,0.47528532045402117,0.7811689296872517
101120,0,M,Y,Y,1,192900.0,506200.0,18621.2,Secondary / secondary special,Married,Working,-24814,-1525,13.5,,0.41216795406235446,
101121,0,M,N,Y,0,237400.0,774200.0,28452.1,Higher education,Single / not married,Pensioner,-15200,-107,,0.5945168388626322,0.7352328187355004,0.4893927718080892
101122,1,F,Y,N,1,70200.0,337600.0,11552.6,Secondary / secondary special,Separated,Working,-24643,-2441,5.9,0.5377625210391191,0.6271499680298451,0.47061393221338593
101123,0,M,Y,Y,0,124300.0,728400.0,46331.9,Higher education,Civil marriage,Working,-18916,-3276,14.4,0.9352922956383726,0.49599458336122215,0.7499202401654682
101124,0,F,N,N,0,85800.0,414200.0,20252.0,Secondary / secondary special,Married,Working,-18109,-994,,,0.7692707349652214,0.8074407161274072
101125,0,F,Y,N,0,106200.0,667200.0,52626.3,Secondary / secondary special,Married,Working,-10671,-4096,9.8,0.720421520249058,0.32786400197841886,
101126,0,F,N,N,0,197300.0,959000.0,50147.4,Higher education,Married,Commercial associate,-24367,-1215,,,0.5925259182943972,0.6413779164702076
101127,0,F,N,Y,0,85800.0,398600.0,32960.9,Higher education,Married,Working,-22774,-1557,,0.42557256495227525,0.6571971992781664,0.42838508997318936
101128,0,M,N,Y,0,416300.0,650500.0,27293.8,Higher education,Married,State servant,-9980,-155,,,0.5911361096214911,0.37915712941741075
101129,1,M,Y,Y,1,198100.0,901300.0,78283.3,Higher education,Married,Commercial associate,-8172,-1597,11.1,,0.6845513125522151,
101130,0,M,N,N,0,113200.0,210900.0,7756.1,Secondary / secondary special,Married,Working,-13965,-1610,,0.7535980168530122,0.6599637906945719,0.6304892587841279
101131,0,M,N,Y,0,138800.0,570600.0,21108.8,Higher education,Married,Pensioner,-10465,365243,,,0.6025926145957258,0.7299607696687168
101132,0,F,Y,Y,0,82500.0,365600.0,12472.5,Higher education,Single / not married,Working,-13563,-2162,9.4,,0.5775405620485817,0.732471203361866
101133,0,F,N,Y,0,75800.0,358600.0,34007.9,Higher education,Married,Working,-24474,0,,,0.3980881684393883,0.6139276110791754
101134,0,M,N,N,0,123800.0,725000.0,27491.0,Higher education,Widow,Working,-22781,-112,,0.37088482833282604,0.683572860048474,0.6515382939872216
101135,0,M,N,N,0,265400.0,1025700.0,64684.7,Higher education,Civil marriage,Commercial associate,-15386,-401,,,0.8117999692415829,0.674012276124066
101136,0,F,Y,Y,0,78200.0,305300.0,21936.3,Secondary / secondary special,Married,Commercial associate,-12506,-948,9.7,0.5795582570186761,0.17010887897842225,
101137,0,F,Y,Y,0,256500.0,1088500.0,43520.7,Secondary / secondary special,Married,Commercial associate,-17800,-1531,6.8,,0.11368356031695981,0.5144184821849354
101138,0,F,N,N,0,135500.0,429900.0,34665.7,Secondary / secondary special,Widow,Pensioner,-24106,365243,,0.3054959076853795,0.6038731132379332,
101139,0,F,N,N,1,164000.0,468700.0,17033.8,Secondary / secondary special,Separated,State servant,-21531,-47,,,0.8024007756512821,0.532159619674431
101140,0,M,N,N,1,152200.0,309700.0,11259.1,Secondary / secondary special,Married,Working,-22883,-68,,,0.7590055785869696,0.4276219528397693
101141,0,F,Y,Y,0,208700.0,1189300.0,56313.6,Higher education,Married,Pensioner,-21014,365243,2.2,,0.6343869486512856,0.4915399742110694
101142,1,M,N,Y,0,241300.0,412300.0,22341.3,Secondary / secondary special,Widow,Working,-16500,-314,,0.5075818382250666,0.7571947875448508,0.36660961880093274
101143,0,M,Y,N,0,133700.0,856500.0,30820.9,Secondary / secondary special,Single / not married,State servant,-10151,-3227,9.3,,0.6804703978147737,0.7543106040646262
101144,0,M,Y,Y,0,185200.0,545500.0,22497.2,Secondary / secondary special,Single / not married,Working,-22022,-4862,0.6,,0.7784125884946426,0.7353814845143929
101145,1,F,N,Y,0,264400.0,1324700.0,124458.2,Secondary / secondary special,Married,Working,-19083,-879,,0.7876304625800059,0.5173963797890861,0.446426002526955
101146,1,F,Y,Y,0,212400.0,1095200.0,60042.6,Secondary / secondary special,Civil marriage,Working,-21216,-680,2.7,0.29791425001726607,0.6642062865142789,
101147,0,M,Y,Y,1,122300.0,426400.0,22930.2,Secondary / secondary special,Married,Working,-20538,-1211,17.4,0.7307274245891348,0.7580720301264238,
101148,0,M,Y,N,0,134900.0,479200.0,17667.8,Secondary / secondary special,Married,Pensioner,-11985,365243,7.6,0.7772895054758463,0.44747209887146355,0.5568651250707706
101149,0,F,N,Y,0,94500.0,424200.0,15339.0,Secondary / secondary special,Single / not married,Working,-12678,-670,,0.7179798682164572,0.4797237883039788,0.18732996169093133
101150,0,M,Y,Y,0,333700.0,616300.0,29528.6,Secondary / secondary special,Married,Working,-22684,-1064,7.3,0.6343838842048481,0.8195745774208254,0.5079756881637907
101151,0,F,N,Y,0,169000.0,272000.0,22212.6,Secondary / secondary special,Married,Pensioner,-14810,365243,,,0.6566476282742656,0.5560287174055963
101152,1,M,N,N,0,78300.0,400300.0,18046.5,Secondary / secondary special,Single / not married,Commercial associate,-10786,-547,,0.672473373782637,0.6330789126554488,0.6492821827869071
101153,0,F,N,N,0,100900.0,413400.0,21521.6,Secondary / secondary special,Married,Commercial associate,-18938,-1285,,0.7517917114137272,0.5346938316183312,0.6058783288351546
101154,0,F,N,Y,0,137400.0,891900.0,48319.3,Higher education,Widow,Unemployed,-12900,365243,,,0.8096145341791511,0.22886427678358134
101155,0,F,N,N,1,269400.0,806600.0,27170.6,Incomplete higher,Married,Working,-18937,365243,,0.7435532441796061,0.7900318889145671,0.5071715635581266
101156,0,F,N,Y,0,135100.0,454600.0,15195.6,Secondary / secondary special,Married,Working,-18015,-524,,,0.7224724673837747,
101157,0,F,N,N,0,193300.0,903500.0,49664.8,Secondary / secondary special,Married,Working,-19296,-37,,0.8071054426426604,0.47590703639211385,
101158,0,F,N,N,0,106800.0,527300.0,18378.2,Secondary / secondary special,Married,Working,-25087,-496,,0.5338682654407132,0.5956877201383926,0.49477444339984467
101159,1,F,N,Y,0,196800.0,675400.0,45352.9,Secondary / secondary special,Married,Working,-12532,-2142,,,0.28793823646729266,0.7874684587445724
101160,0,M,N,N,1,264500.0,558000.0,40231.0,Secondary / secondary special,Married,Commercial associate,-24775,-1935,,,0.6939981701887401,0.574327762638701
101161,0,F,Y,Y,0,210100.0,386500.0,16706.7,Secondary / secondary special,Married,Working,-21055,-260,14.5,,0.7573702093435931,
101162,0,M,N,Y,1,48700.0,73500.0,3673.3,Secondary / secondary special,Married,Commercial associate,-22667,-1453,,,0.361795247230733,0.903336913311331
101163,0,M,Y,Y,0,137500.0,460900.0,18498.6,Secondary / secondary special,Married,Commercial associate,-21739,-596,19.7,,0.9009972229933698,0.5969831755010704
101164,0,F,N,N,0,91500.0,264800.0,21709.0,Secondary / secondary special,Married,Working,-8072,-541,,,0.7248216519427672,0.883520237923612
101165,0,F,Y,Y,0,199200.0,320200.0,16296.6,Secondary / secondary special,Married,Commercial associate,-16500,-134,3.2,,0.691334560106362,0.35875716179533595
101166,0,M,N,Y,1,152000.0,729200.0,30851.9,Higher education,Married,Working,-9524,-1992,,,0.7948599755437555,0.6157885835771862
101167,0,M,N,Y,1,318100.0,1041600.0,52024.3,Secondary / secondary special,Married,Pensioner,-19477,365243,,0.4397604593603459,0.9087335937402145,0.7647021874643644
101168,0,F,N,N,2,126800.0,535700.0,34063.4,Secondary / secondary special,Separated,Working,-8715,-2036,,,0.26285005234279063,
101169,0,M,Y,Y,1,152200.0,885800.0,44254.0,Secondary / secondary special,Married,Pensioner,-8252,365243,19.3,0.2340747009762761,0.5821775093041138,0.6577361721458013
101170,0,F,N,Y,0,139300.0,462200.0,21294.7,Secondary / secondary special,Single / not married,Commercial associate,-23567,-522,,,0.6892560662635969,0.7860218695919814
101171,0,F,N,Y,0,203500.0,525400.0,25010.5,Secondary / secondary special,Civil marriage,Commercial associate,-23748,-630,,,0.406151102384386,0.5791842974207673
101172,0,M,Y,N,0,95100.0,274900.0,12895.3,Secondary / secondary special,Civil marriage,Working,-18606,-78,4.8,,0.45490857851452215,0.4231153145717088
101173,0,F,N,Y,0,93900.0,159500.0,8458.9,Secondary / secondary special,Civil marriage,Working,-15733,-314,,0.6409247738130182,0.5624436212036664,0.49839940271386396
101174,0,M,N,Y,0,114300.0,300200.0,18062.4,Secondary / secondary special,Married,Working,-22195,-359,,0.8018346510466413,0.8873564354003134,0.547712738949059
101175,0,F,N,N,1,191600.0,1151800.0,100961.1,Secondary / secondary special,Married,Commercial associate,-24574,-7987,,0.5629659162748847,0.5555475937504077,
101176,0,M,Y,Y,1,235100.0,500600.0,45802.7,Higher education,Single / not married,Working,-8622,-146,0.3,0.5505911014684074,0.9256901405340977,0.7112193472481718
101177,1,F,N,Y,1,141200.0,445100.0,21527.1,Secondary / secondary special,Married,Pensioner,-9485,365243,,,0.4652517848646298,
101178,0,F,N,N,2,192200.0,411800.0,15153.3,Secondary / secondary special,Married,Working,-23538,-261,,,0.4952805120066596,0.7077746892251896
101179,0,F,Y,Y,0,185100.0,332100.0,12915.4,Incomplete higher,Single / not married,Pensioner,-9412,365243,6.0,,0.7645185188024525,0.5859959735901934
101180,0,F,N,Y,2,143500.0,487000.0,23498.1,Secondary / secondary special,Married,Pensioner,-20191,365243,,,0.6942618512255192,0.5048802729550287
101181,0,M,N,Y,1,142000.0,797000.0,34971.5,Higher education,Married,Working,-17374,-503,,0.7808031021811019,0.45316594601523724,0.4185342489940763
101182,0,F,N,N,2,207600.0,351000.0,11886.6,Secondary / secondary special,Married,Working,-16815,-769,,0.7362511363072753,0.5606843932990191,0.747650523298873
101183,0,F,N,N,0,348700.0,1718700.0,58569.3,Higher education,Married,Commercial associate,-9382,-1715,,,0.6147663290105344,0.2908064408728024
101184,0,F,N,Y,0,229700.0,401700.0,13436.5,Secondary / secondary special,Civil marriage,Working,-20445,-566,,0.7316897096477751,0.5704706331972256,
101185,1,F,Y,Y,0,253000.0,1297700.0,125627.3,Secondary / secondary special,Single / not married,Working,-18224,-4381,1.0,0.37266577238730103,0.6759306484725512,0.5935282656738169
101186,0,M,N,Y,0,368600.0,2332100.0,102626.4,Incomplete higher,Married,Working,-23954,-168,,,0.6438180854687648,0.8149684328219636
101187,0,F,N,Y,2,107600.0,310000.0,12449.1,Secondary / secondary special,Married,Commercial associate,-16103,-66,,0.78680633162843,0.8530268805518368,
101188,0,M,N,Y,0,201900.0,764800.0,63408.6,Secondary / secondary special,Married,Working,-23666,-69,,,0.6170598593346213,
101189,0,F,N,Y,0,283600.0,1202200.0,69633.3,Higher education,Married,State servant,-10894,-1087,,,0.594400972357881,0.6477378542539394
101190,1,M,N,Y,1,224700.0,592700.0,44555.9,Higher education,Single / not married,Working,-11244,-65,,,0.42448463305524076,0.6032653979280733
101191,0,F,N,Y,0,112500.0,194700.0,11004.7,Secondary / secondary special,Single / not married,Working,-24307,-786,,,0.5700199172401084,
101192,0,F,Y,Y,0,102900.0,189300.0,10056.2,Secondary / secondary special,Civil marriage,Working,-9412,-583,13.6,0.7550595403810068,0.8318004840246515,0.7347995595662195
101193,0,M,N,Y,0,307100.0,1028900.0,75836.3,Secondary / secondary special,Married,Pensioner,-11817,365243,,,0.7705215498642459,0.8638534455989023
101194,0,M,N,Y,0,177600.0,449700.0,22573.4,Higher education,Married,Pensioner,-10148,365243,,0.4311637269817462,0.6689542767646722,0.6163300001669347
101195,0,M,N,Y,2,169000.0,687400.0,49986.7,Secondary / secondary special,Married,Working,-20113,-746,,,0.828626731567562,0.6844807868411179
101196,0,F,Y,Y,0,148600.0,270700.0,9516.3,Secondary / secondary special,Married,Commercial associate,-21349,-1006,2.9,,0.4830851240246008,
101197,0,F,N,Y,0,290600.0,1434200.0,107113.5,Secondary / secondary special,Married,Working,-23474,365243,,,0.7324659902463089,0.5618855959197188
101198,0,M,Y,Y,0,228300.0,517100.0,25534.6,Secondary / secondary special,Married,Working,-10244,-2616,9.5,,0.6749603627123326,0.9719832560724598
101199,0,F,N,Y,0,135400.0,225900.0,13378.1,Secondary / secondary special,Married,Working,-13310,-2028,,0.5216247235455473,0.46809019249001144,0.7788478592706567
101200,0,M,N,N,0,221900.0,612400.0,33183.5,Secondary / secondary special,Married,Pensioner,-13231,365243,,,0.7290729946484005,0.8975653612753749
101201,0,F,Y,N,0,159600.0,786300.0,44205.2,Secondary / secondary special,Single / not married,Working,-24737,365243,15.8,0.7840617091259972,0.5856290093117481,0.6105797976886231
101202,0,F,N,N,1,218000.0,451900.0,15280.7,Secondary / secondary special,Single / not married,Commercial associate,-17889,-2316,,,0.5068230911247605,0.7122360422866937
101203,0,M,N,Y,1,271100.0,1456100.0,62568.0,Secondary / secondary special,Married,Working,-13587,-967,,0.8130283837932193,0.5554643766234526,
101204,0,M,Y,N,0,256900.0,1189900.0,108424.2,Secondary / secondary special,Single / not married,Pensioner,-12907,365243,11.8,,0.5668816191741263,0.46527892819449695
101205,0,F,N,Y,0,67700.0,205700.0,7703.6,Secondary / secondary special,Married,State servant,-13263,-498,,0.779103254547637,0.8616667133466529,0.5312221573345437
101206,0,F,N,Y,0,185600.0,362300.0,17327.7,Higher education,Married,Working,-20156,-2870,,0.6072340766571985,0.6462410426220945,0.8840904582459755
101207,0,F,Y,Y,0,286400.0,1732200.0,140483.3,Secondary / secondary special,Married,Commercial associate,-17300,-745,0.2,,0.4534249887697425,0.5364799826684057
101208,0,F,N,Y,2,106600.0,284100.0,14620.2,Secondary / secondary special,Married,Commercial associate,-18603,-337,,0.6293506030138274,0.9530979886470538,0.5264965081284744
101209,0,F,N,Y,0,360500.0,1680900.0,132668.0,Secondary / secondary special,Single / not married,State servant,-15919,-702,,,0.3359601389407903,0.7758107369229832
101210,0,F,Y,Y,0,194700.0,964900.0,45621.4,Higher education,Married,Working,-8130,-1556,14.0,,0.6921395876576838,0.784780332327292
101211,0,M,Y,N,1,226700.0,942900.0,54145.2,Secondary / secondary special,Married,Working,-19716,-376,11.0,,,0.6452023640824065
101212,0,M,N,Y,0,226600.0,1001800.0,88372.5,Lower secondary,Married,Working,-20365,-455,,,0.8212720817103676,0.5143036538715613
101213,0,F,Y,Y,2,80400.0,239700.0,10389.6,Secondary / secondary special,Married,Commercial associate,-10830,-2956,2.9,0.689744036585276,0.44061480794428687,0.7084278483627312
101214,0,F,N,N,0,230500.0,1022800.0,69729.1,Secondary / secondary special,Married,Working,-19055,-703,,,0.734530496780633,0.47243474646488526
101215,1,F,N,Y,0,183900.0,1033300.0,40797.8,Secondary / secondary special,Married,Working,-23055,-6140,,,0.44604456014927873,0.5216997928867645
101216,0,F,N,Y,0,120400.0,648200.0,23087.1,Secondary / secondary special,Married,Pensioner,-18237,-384,,,0.23939686037917746,0.7728007787551538
101217,0,F,N,Y,1,305800.0,799800.0,53840.3,Incomplete higher,Married,Pensioner,-19391,365243,,0.7667289414923495,0.5662146572142222,0.7543650000484745
101218,0,F,N,Y,0,62800.0,340000.0,21095.8,Secondary / secondary special,Married,Working,-19955,-370,,0.7714277878310799,0.5277602012711903,0.6573633680564416
101219,0,M,N,N,1,111800.0,547800.0,50111.7,Higher education,Single / not married,Commercial associate,-13356,-1093,,0.7167490677188204,0.5781917052982671,0.804401899926861
101220,1,F,N,N,1,283200.0,1042500.0,53106.7,Lower secondary,Civil marriage,Working,-10375,-1460,,0.24392603746561997,0.5044388007067481,
101221,0,F,N,N,0,231900.0,911600.0,34007.7,Higher education,Single / not married,Commercial associate,-15956,-88,,,0.3316015488412196,
101222,0,F,N,Y,0,115600.0,471800.0,38661.6,Secondary / secondary special,Separated,Working,-11734,-1887,,0.7455099586200256,0.7392797646949653,
101223,0,M,N,N,1,106900.0,576700.0,43182.7,Higher education,Married,Working,-19714,-63,,0.4914723404195219,0.5765890992885329,0.8674805061392502
101224,0,F,Y,N,0,136900.0,624200.0,25076.3,Secondary / secondary special,Single / not married,Working,-20204,-2447,17.5,0.671325420241794,0.7105803534496498,0.5144637666988114
101225,0,F,N,Y,1,175700.0,1008200.0,44292.8,Secondary / secondary special,Single / not married,Unemployed,-7813,365243,,0.5495430170436783,0.45327800499759147,0.755538796617488
101226,0,M,N,Y,0,126200.0,707000.0,50548.0,Secondary / secondary special,Civil marriage,Working,-24399,-110,,,0.4446706854297109,0.5670644723604804
101227,0,F,Y,Y,1,148200.0,899500.0,67002.2,Higher education,Single / not married,Working,-23887,-633,1.8,,0.6872444409721098,0.7228414277667767
101228,0,F,Y,Y,0,160600.0,943400.0,82685.8,Higher education,Separated,Working,-9983,-608,15.8,,0.4318515884617656,0.8409000819953368
101229,0,M,N,N,0,133300.0,213900.0,20660.9,Secondary / secondary special,Married,Pensioner,-16046,-8149,,,0.6391744239400557,0.4390711149164054
101230,0,F,N,Y,0,127100.0,421200.0,22827.0,Higher education,Separated,Working,-11334,-524,,0.5381990956686953,0.7555694638869125,0.600752083492733
101231,0,F,N,Y,0,91800.0,309200.0,25433.6,Secondary / secondary special,Married,Working,-24569,-285,,,0.4872363707876503,
101232,1,F,N,N,0,154100.0,760400.0,47998.9,Secondary / secondary special,Married,Commercial associate,-17593,-3017,,0.46683126310408657,0.5091742486074983,0.7210247133333446
101233,0,F,N,Y,0,152700.0,661800.0,24084.2,Secondary / secondary special,Married,Working,-19945,-337,,,0.5743420486566436,
101234,0,M,N,Y,0,102300.0,660100.0,60080.1,Secondary / secondary special,Married,Commercial associate,-24814,-4532,,0.4423486944121566,0.6642473775165367,0.936114713198216
101235,0,F,Y,N,0,177000.0,812700.0,31335.5,Secondary / secondary special,Married,Commercial associate,-19469,-4855,3.8,,0.7867760895630792,0.5474402404140232
101236,0,F,N,N,1,264900.0,1148400.0,65129.8,Higher education,Married,Commercial associate,-22936,-700,,0.580061009589677,0.8989182605785581,0.4389454174648891
101237,0,F,Y,Y,0,160400.0,922500.0,50582.0,Lower secondary,Married,Commercial associate,-11887,-555,15.3,,0.8123670245869598,
101238,0,F,N,Y,1,189200.0,1031200.0,35011.3,Secondary / secondary special,Married,Working,-11691,-1551,,0.38759263000058475,0.2931363574583245,
101239,0,F,N,N,0,243100.0,559700.0,26191.4,Secondary / secondary special,Married,Commercial associate,-15405,-2220,,0.7408090275022894,0.34782346435142303,0.5683974259049843
101240,0,F,Y,N,0,153500.0,601700.0,56062.2,Secondary / secondary special,Married,State servant,-23124,-631,13.4,,0.7211895669723207,
101241,0,M,N,Y,0,232900.0,1504200.0,58129.8,Higher education,Single / not married,Working,-8356,-1781,,0.48669806871871535,0.8993011267738826,0.5489259036762958
101242,0,F,N,Y,0,55300.0,278700.0,13214.5,Secondary / secondary special,Single / not married,Pensioner,-15408,365243,,,0.721511676749776,0.7871115801074561
101243,0,F,Y,Y,1,113300.0,183300.0,7176.6,Secondary / secondary special,Single / not married,Commercial associate,-22132,-1054,5.5,,0.6473196617495229,
101244,0,F,Y,N,0,94900.0,171500.0,13167.7,Secondary / secondary special,Married,Commercial associate,-10781,-350,17.4,,0.6569740163365129,0.7633912525290569
101245,0,F,Y,N,0,294000.0,1516300.0,99427.1,Secondary / secondary special,Widow,Working,-18465,-314,7.9,,0.6974756060553114,0.42189628992478145
101246,0,F,Y,Y,0,207100.0,1111400.0,39396.6,Higher education,Civil marriage,State servant,-8896,-589,19.9,,0.5542307317979844,
101247,0,F,N,Y,1,90400.0,506000.0,27208.2,Secondary / secondary special,Married,Working,-7852,-1277,,0.7444920967116717,0.8441259708662399,
101248,0,F,N,N,1,100400.0,297500.0,14717.7,Secondary / secondary special,Married,Working,-13261,-2296,,0.8124897273078575,0.4964136405805209,0.6971573799375486
101249,0,M,N,Y,0,84100.0,465100.0,20343.3,Secondary / secondary special,Married,Working,-21794,-1562,,0.787032841380355,0.5522041432049034,0.4088567440465108
101250,0,M,N,Y,0,180500.0,1166200.0,56705.6,Secondary / secondary special,Civil marriage,Commercial associate,-8394,-1820,,,0.7476365284138486,0.8094978365300058
101251,1,F,Y,Y,1,170000.0,744700.0,29773.2,Secondary / secondary special,Civil marriage,Commercial associate,-14065,-3267,2.4,0.4419736116891894,0.3143069288599058,0.6517332522397244
101252,0,F,Y,Y,0,128800.0,578300.0,39983.6,Secondary / secondary special,Separated,Commercial associate,-20444,-43,7.5,0.5836069684940519,0.7681633093697211,0.371805457597552
101253,0,F,N,N,0,105000.0,285700.0,10053.9,Higher education,Widow,Working,-14141,-4,,0.7215990683878045,0.8158474421646476,0.5857314530226442
101254,0,F,N,Y,1,153600.0,396100.0,35769.6,Secondary / secondary special,Single / not married,Commercial associate,-16064,-376,,,0.787418110997593,0.8476026327973828
101255,0,F,N,Y,1,496700.0,764600.0,38249.1,Secondary / secondary special,Married,Working,-16442,-1684,,0.6497967893933363,0.6588942046097743,0.7223552725325683
101256,0,M,Y,N,0,131100.0,337600.0,11271.0,Secondary / secondary special,Married,Pensioner,-23588,365243,5.8,0.849242263765954,0.4799565595839688,0.6609964523323701
101257,0,M,N,N,0,260600.0,588700.0,25401.5,Secondary / secondary special,Married,Working,-23026,-2079,,,0.7995460473653888,0.741669776004596
101258,0,M,N,Y,0,136100.0,655200.0,33354.6,Secondary / secondary special,Married,Working,-8785,-1966,,,0.8231570687364399,0.5240882782806281
101259,0,F,N,Y,0,240800.0,410700.0,14137.3,Higher education,Married,Working,-19806,-3527,,0.8190100005922635,0.7250493275299873,0.5627719625869362
101260,0,M,Y,N,1,204200.0,1295100.0,112035.5,Secondary / secondary special,Married,Working,-17188,-159,7.3,,0.4952009319984085,0.6379437294950467
101261,0,F,Y,Y,0,153400.0,935700.0,50722.0,Higher education,Single / not married,Commercial associate,-13885,-421,8.6,0.6336166715983776,0.36112418410319663,0.6348548079030507
101262,0,F,N,Y,0,207500.0,638500.0,22745.8,Secondary / secondary special,Married,Unemployed,-16305,365243,,,0.46916513983686353,0.6630642498858765
101263,0,F,N,Y,0,266900.0,1617200.0,68511.2,Secondary / secondary special,Civil marriage,Commercial associate,-23094,-513,,,0.8708237369568603,
101264,0,M,N,Y,1,160400.0,624400.0,35949.7,Secondary / secondary special,Separated,Working,-21223,-4805,,0.1770358818482903,0.4599771639513826,0.7147850773988932
101265,0,F,Y,N,1,143400.0,831400.0,28134.3,Secondary / secondary special,Married,Working,-17629,-1732,8.9,0.6451152584667049,0.7812071613847575,0.6467408540080776
101266,0,M,N,Y,0,209900.0,1037200.0,41186.9,Secondary / secondary special,Married,Commercial associate,-10748,-1775,,,0.6169873109274061,0.6770204486973165
101267,1,F,N,Y,1,324100.0,636700.0,21549.2,Higher education,Married,Working,-18516,-3534,,,0.48663759395081285,0.6555730696668656
101268,0,M,N,Y,1,83200.0,421600.0,19452.2,Secondary / secondary special,Civil marriage,Pensioner,-16401,365243,,0.4307454032334136,0.5702272035563661,0.8292857107575312
101269,0,F,N,Y,0,88000.0,413500.0,40684.6,Secondary / secondary special,Single / not married,Commercial associate,-15504,-1956,,,0.42320025104617426,0.8004591051850406
101270,0,F,N,Y,1,294100.0,1626200.0,55240.0,Secondary / secondary special,Married,Working,-24217,-3567,,0.24195411724380783,0.6136978439201006,0.6453549230695411
101271,0,M,N,N,2,122000.0,650100.0,24549.3,Secondary / secondary special,Single / not married,State servant,-25073,-583,,,0.5119756321340094,0.5655056954016376
101272,0,F,N,Y,0,272400.0,1406100.0,66938.3,Secondary / secondary special,Civil marriage,Working,-24349,-3430,,0.5227631530267387,0.4771515906234282,
101273,0,F,N,Y,1,114900.0,543300.0,41103.6,Secondary / secondary special,Married,Commercial associate,-20624,-140,,,0.7807773057918946,
101274,1,F,N,Y,1,126000.0,729700.0,26420.4,Secondary / secondary special,Single / not married,Working,-18169,-451,,0.339149561583573,0.32097835817796355,0.3769651908498871
101275,0,F,N,N,0,248400.0,1340200.0,58917.4,Secondary / secondary special,Married,Working,-13270,-1085,,,0.7274551700247254,
101276,0,F,N,Y,0,216500.0,1121300.0,111453.7,Higher education,Married,Working,-24276,-1265,,0.44985839825774454,0.7701050166016332,0.615823431989285
101277,0,F,N,N,1,93400.0,197400.0,9931.8,Secondary / secondary special,Separated,Commercial associate,-15658,-1918,,,0.5655170479135974,0.6600657459458442
101278,1,F,N,Y,0,203500.0,1294400.0,43661.4,Secondary / secondary special,Married,Working,-11205,-1797,,0.46516011766134124,0.40728626877584756,0.5426022606304572
101279,1,M,N,Y,0,115200.0,677400.0,31187.9,Secondary / secondary special,Civil marriage,Pensioner,-9611,365243,,,0.6740955735471087,0.6919247708470712
101280,0,F,N,Y,0,189300.0,790800.0,32658.0,Secondary / secondary special,Single / not married,Working,-22323,-2995,,,0.4833984041113788,0.17621981200095665
101281,0,F,N,Y,0,159900.0,959400.0,41423.1,Secondary / secondary special,Married,Working,-13423,-128,,,0.8452824114047425,0.6487985014326323
101282,1,F,N,N,0,144100.0,603900.0,29639.6,Secondary / secondary special,Single / not married,Commercial associate,-21103,-3256,,0.49098209608556065,0.4226386113216825,0.6913850178518518
101283,0,F,N,N,0,117900.0,501200.0,21021.9,Secondary / secondary special,Married,Working,-18669,-140,,0.6550840020593125,0.557130100026765,0.678373577986257
101284,0,F,Y,Y,0,73400.0,419300.0,30132.3,Secondary / secondary special,Married,Working,-12640,-464,5.0,,0.7480803855208212,
101285,0,M,N,Y,0,117200.0,402600.0,24023.6,Secondary / secondary special,Married,Working,-22584,-3318,,,0.4838943710105992,
101286,0,M,N,Y,0,212800.0,1084800.0,39037.8,Secondary / secondary special,Civil marriage,Commercial associate,-22482,-590,,,0.8421753927968462,
101287,0,F,N,Y,1,191100.0,1054200.0,68468.0,Secondary / secondary special,Separated,Working,-10682,-1453,,0.36025006438080115,0.8791333011776137,0.9030710433155733
101288,1,F,N,N,1,107000.0,641600.0,34993.3,Secondary / secondary special,Married,Working,-9804,-231,,0.5499431930353395,0.41527773457798806,0.8198784231179731
101289,0,F,N,N,0,256200.0,1186700.0,98337.5,Secondary / secondary special,Married,Commercial associate,-18198,-4671,,0.8978468102665383,0.8026386451658546,
101290,0,F,N,Y,1,183800.0,540800.0,18902.6,Higher education,Widow,Pensioner,-11762,-344,,,0.8037864644614228,0.7054467333192715
101291,0,F,N,N,1,206200.0,1115700.0,72511.8,Secondary / secondary special,Single / not married,Working,-13494,-293,,0.6739651989030541,0.3317255467435313,0.6241995699962981
101292,0,M,Y,N,0,98000.0,192300.0,8894.8,Secondary / secondary special,Married,Pensioner,-24092,365243,9.9,,0.8382677211951808,0.8958451371682912
101293,0,F,N,Y,0,352600.0,1673900.0,93121.5,Higher education,Married,Working,-10748,-4096,,0.4840109842604988,0.5389302157157426,0.6617002797443772
101294,0,F,N,Y,0,194500.0,979900.0,57864.3,Secondary / secondary special,Married,Working,-15918,-97,,,0.7905951287828917,
101295,0,F,N,Y,0,313300.0,1841600.0,137803.2,Secondary / secondary special,Married,Working,-12840,-864,,0.8054150128237637,0.5158342642037737,0.5959740938290736
101296,0,F,N,N,0,118200.0,410800.0,13729.7,Higher education,Married,Working,-13770,-4228,,0.6283292237259003,0.6279663705036127,0.5365871552931519
101297,0,F,N,N,0,69000.0,363800.0,23049.0,Secondary / secondary special,Single / not married,Working,-14158,-549,,,0.8046909186258144,0.8425350716695948
101298,0,F,Y,Y,0,102700.0,444000.0,24764.9,Higher education,Single / not married,Working,-12228,-3178,19.0,,0.8887334660676769,0.7927943973010324
101299,0,M,N,Y,1,251200.0,1166000.0,84159.9,Higher education,Married,Working,-21055,-109,,,0.5567722949231263,0.6890556910956551
101300,0,F,Y,Y,1,94600.0,465900.0,20659.4,Secondary / secondary special,Single / not married,Working,-21903,-418,7.2,,0.5537323761510237,0.5079389219844676
101301,0,F,N,Y,0,307800.0,703400.0,59999.5,Secondary / secondary special,Married,Working,-17129,-419,,,0.4179586637324736,
101302,0,F,N,Y,0,113500.0,590100.0,25370.9,Secondary / secondary special,Single / not married,Working,-23436,-3195,,0.5827196881936599,0.8918718526544785,
101303,0,M,N,N,1,187300.0,370100.0,18448.0,Secondary / secondary special,Married,Working,-10066,-1594,,,0.5496383970145273,0.7334341052868419
101304,0,F,N,Y,0,174800.0,1113600.0,48523.5,Secondary / secondary special,Married,Commercial associate,-16551,-2761,,0.47291045027751244,0.41912974353762317,0.45470652238165404
101305,0,M,N,Y,0,136800.0,302500.0,29969.0,Higher education,Married,Working,-22194,-1170,,0.43987408170906656,0.6453686417876353,0.5809278338846201
101306,0,M,N,Y,1,137200.0,882300.0,37593.2,Secondary / secondary special,Married,Working,-18556,-1430,,0.4026514454381583,0.5100012197510566,
101307,0,F,N,Y,0,101000.0,278100.0,25482.1,Higher education,Single / not married,Working,-24939,-1593,,,0.6329307529367265,0.738063052412202
101308,0,M,N,N,1,379800.0,1343700.0,47396.9,Secondary / secondary special,Married,Commercial associate,-18114,-1038,,0.7953816132854581,0.39093037314022294,0.8963378515819065
101309,0,F,N,Y,0,198500.0,864000.0,33399.7,Secondary / secondary special,Married,Commercial associate,-24501,-3185,,,0.44563913945012606,0.6339916601342878
101310,0,M,N,Y,1,75700.0,295000.0,23641.5,Higher education,Married,Pensioner,-9400,365243,,,0.6009809602830436,
101311,0,F,Y,N,0,85400.0,429900.0,20350.0,Secondary / secondary special,Single / not married,Working,-8417,-1843,0.2,,0.7312877408337212,0.6188381060713716
101312,0,M,Y,Y,0,199600.0,974500.0,33445.2,Secondary / secondary special,Single / not married,Commercial associate,-13920,-92,18.4,,0.7370508315815469,0.8060911166322209
101313,1,F,Y,Y,1,156400.0,521500.0,35112.1,Secondary / secondary special,Single / not married,Working,-22420,-34,16.3,0.7708195857654511,0.44162707606658497,0.6053663013620271
101314,0,F,Y,Y,0,69400.0,370200.0,32321.3,Secondary / secondary special,Civil marriage,Pensioner,-8555,365243,14.6,0.403072512871437,0.4902079256477877,
101315,0,F,N,Y,0,492700.0,1943000.0,105308.5,Secondary / secondary special,Single / not married,Commercial associate,-12093,-2380,,,0.746666503085073,0.3868308824481876
101316,0,M,Y,Y,0,44800.0,205800.0,16123.3,Secondary / secondary special,Married,Working,-24939,-383,5.1,,0.34908580592059946,0.5759338401961239
101317,0,F,N,N,0,127600.0,641400.0,25102.8,Higher education,Civil marriage,State servant,-18907,-120,,,0.7289086967084993,
101318,0,F,Y,Y,0,158400.0,725100.0,25673.6,Secondary / secondary special,Married,Working,-14562,-1571,1.1,,0.7795262060251174,0.5640278258109785
101319,1,M,Y,Y,0,115600.0,218600.0,11510.0,Higher education,Single / not married,State servant,-9035,-1783,11.2,,0.6433609993954771,0.9143805644942539
101320,0,M,N,N,0,230600.0,1217500.0,40640.0,Higher education,Widow,Working,-20911,-40,,0.32844607696695133,0.5253193931684539,0.4493853413104027
101321,0,F,N,Y,0,197800.0,766800.0,55558.3,Secondary / secondary special,Married,Working,-23892,-1011,,0.5924572322976009,0.5381213132898452,0.6706921889712834
101322,0,F,N,Y,0,167400.0,360900.0,12727.7,Higher education,Married,Commercial associate,-20670,-344,,0.7878296665485638,0.7154294690792135,0.6809326136611387
101323,0,F,N,Y,0,152100.0,373300.0,22666.0,Higher education,Married,Working,-9711,-363,,0.5176072201724086,0.7668621344623155,0.3018127488107004
101324,0,M,Y,Y,0,200000.0,522800.0,18646.3,Secondary / secondary special,Widow,Commercial associate,-16994,-3507,12.5,,0.6298941907845848,0.6830269150765841
101325,1,F,N,Y,0,142900.0,848100.0,30192.7,Secondary / secondary special,Married,Working,-14731,-2528,,,0.8390402158594219,
101326,0,M,N,Y,0,79600.0,359400.0,21169.3,Higher education,Single / not married,Working,-23519,-1776,,,0.8418272001321045,0.42411422351748945
101327,0,F,Y,Y,1,242800.0,431500.0,41467.8,Lower secondary,Married,Working,-21034,-56,4.7,,0.8610391594039056,0.3948785312117141
101328,0,F,N,Y,0,345300.0,1902900.0,118542.3,Lower secondary,Married,State servant,-21730,-251,,,0.6932209563455799,
101329,0,F,N,Y,0,163200.0,813800.0,43456.7,Secondary / secondary special,Married,State servant,-14923,-339,,,0.7753468277508594,0.8782627552694822
101330,0,F,N,Y,1,164700.0,670900.0,22607.4,Higher education,Civil marriage,Working,-8106,-948,,,0.6514942170684521,0.6601958505671084
101331,0,M,N,Y,1,154600.0,870300.0,36575.9,Secondary / secondary special,Married,Commercial associate,-20984,365243,,0.7235348766107561,0.582319969117702,0.9091386287972475
101332,0,F,N,Y,0,86800.0,463600.0,20425.6,Higher education,Separated,Working,-18773,-1439,,0.8303053308326559,0.6848587854304303,0.7365347273725288
101333,0,F,Y,N,0,123000.0,493900.0,21564.3,Secondary / secondary special,Single / not married,Working,-10150,-1748,6.1,0.8762091163012254,0.6585029363016381,0.5894175250783007
101334,0,M,N,Y,1,224900.0,1166200.0,65059.0,Higher education,Separated,State servant,-20938,-35,,0.74042066008493,0.6756765121457824,0.6807420731306126
101335,0,M,N,Y,2,176200.0,284600.0,11961.7,Academic degree,Married,Pensioner,-10287,365243,,0.5136254964486306,0.5675751474414885,0.38490901647229475
101336,0,M,Y,Y,0,340400.0,1366900.0,87658.8,Secondary / secondary special,Married,Commercial associate,-20638,-3501,7.8,0.8033470648032943,0.7493738644149149,0.6171346048177813
101337,0,F,Y,Y,0,220100.0,737100.0,29429.9,Incomplete higher,Married,Working,-20181,-5573,6.0,0.7602749717085114,0.3589732648366374,0.5596420540036834
101338,0,F,N,Y,0,131000.0,347800.0,15097.6,Secondary / secondary special,Married,Pensioner,-7802,365243,,,0.6896746615416306,
101339,0,M,N,N,0,213100.0,810600.0,32519.7,Secondary / secondary special,Married,State servant,-21253,-816,,0.7034586754159808,0.6274641894427271,0.5258510658279196
101340,0,F,N,Y,0,144100.0,498900.0,38296.9,Secondary / secondary special,Married,State servant,-14817,-472,,0.49825730387338457,0.8118758747054401,0.5892432617542819
101341,0,F,N,Y,1,75100.0,182100.0,8652.6,Secondary / secondary special,Widow,Commercial associate,-16551,-1428,,0.4623693788984814,0.7649088701056074,0.7499272052041842
101342,0,M,N,N,1,252200.0,1639100.0,118480.0,Secondary / secondary special,Married,Working,-24583,-669,,,0.8860450305655226,0.714946734041905
101343,0,F,N,Y,0,198000.0,348500.0,21463.1,Secondary / secondary special,Married,State servant,-23797,-710,,,0.31929598808433995,0.3101710092141767
101344,0,F,Y,N,0,592000.0,3367400.0,130328.0,Secondary / secondary special,Married,Commercial associate,-14379,-1670,4.6,0.6204133317714285,0.6897714005116679,0.7318401361418334
101345,0,M,N,N,0,123800.0,652500.0,35563.3,Secondary / secondary special,Married,Working,-20110,-614,,0.41701122457374057,0.6449097268572896,0.6123442965662005
101346,0,F,Y,Y,1,219300.0,410500.0,37329.1,Secondary / secondary special,Married,Working,-16665,-920,10.1,0.6663893273704959,0.7072943890144847,0.3829276627216575
101347,0,F,Y,Y,1,113000.0,362200.0,13009.8,Higher education,Widow,Commercial associate,-22085,-182,13.3,,0.7318188772318895,0.43963185867898263
101348,0,F,N,Y,0,106700.0,487800.0,40159.3,Secondary / secondary special,Married,Pensioner,-13274,365243,,,0.7391184420986274,0.6272417712679917
101349,0,F,Y,N,1,450200.0,1024300.0,51354.0,Secondary / secondary special,Married,State servant,-15926,-3187,10.5,0.6972884026691103,0.7038877101118883,
101350,1,F,N,Y,1,62300.0,324900.0,16655.6,Secondary / secondary special,Married,State servant,-9641,-18,,0.4717856203088996,0.43675077485896086,
101351,0,M,N,N,0,154900.0,504400.0,28049.8,Higher education,Married,Commercial associate,-23916,-4181,,,0.653623205382662,0.6078503208105083
101352,0,M,N,Y,0,344400.0,760500.0,75269.4,Secondary / secondary special,Married,State servant,-23461,-1033,,0.5907020658295093,0.6855742211334461,0.5576406998843231
101353,0,F,N,Y,0,78500.0,389000.0,25790.5,Higher education,Civil marriage,Working,-12510,-861,,,0.6902997668695964,
101354,0,F,N,Y,1,125000.0,344400.0,26267.1,Higher education,Married,Working,-17890,-834,,,0.7496123664195598,
101355,0,M,Y,Y,0,236400.0,770200.0,58033.3,Higher education,Married,Working,-14303,-1778,15.1,0.38130327637476813,0.8646374141000626,0.7257803738497944
101356,0,F,Y,Y,0,91400.0,335900.0,26811.6,Secondary / secondary special,Married,Pensioner,-10401,365243,14.7,0.8900335938278693,0.6864945728916925,0.6047055878010354
101357,0,F,Y,N,0,182100.0,666700.0,25176.6,Secondary / secondary special,Separated,Pensioner,-8459,365243,15.0,0.5206123120134932,0.5148247077537024,0.5580693363824595
101358,0,F,Y,Y,1,110000.0,599800.0,49904.2,Secondary / secondary special,Married,Pensioner,-22096,365243,13.3,0.551917306539849,0.5923988351764111,0.4514194944192084
101359,0,M,Y,N,1,286800.0,1358000.0,81510.3,Secondary / secondary special,Married,State servant,-12739,-265,4.6,0.7060482042844045,0.5103765592254412,
101360,0,F,Y,N,0,282200.0,1626700.0,75322.0,Secondary / secondary special,Married,Commercial associate,-16706,-30,11.7,,0.6139193068261644,0.6844872766458332
101361,0,M,Y,Y,0,126500.0,677600.0,62637.4,Secondary / secondary special,Married,Pensioner,-23496,365243,5.5,,0.6002357017546279,0.520646550695649
101362,0,F,N,Y,0,43100.0,266500.0,12999.6,Secondary / secondary special,Married,Working,-8018,-16,,0.842773495512167,0.6133715150995234,0.5568099760196583
101363,0,F,Y,Y,1,198000.0,642600.0,33336.6,Secondary / secondary special,Married,Pensioner,-17267,365243,1.0,0.1900765987896583,0.8951248031127789,0.5471611194395269
101364,0,F,Y,Y,0,248800.0,1093500.0,40258.8,Secondary / secondary special,Married,Pensioner,-24421,365243,13.5,,0.43952914174632574,0.6031246256502922
101365,0,F,N,N,1,198800.0,1135100.0,92123.6,Secondary / secondary special,Married,Working,-21858,-4411,,0.6739448543288687,0.4959382725680296,0.7355197761392048
101366,1,F,N,N,1,187800.0,1049000.0,93918.8,Secondary / secondary special,Civil marriage,Working,-11515,-1049,,0.7506363409203262,0.24771844257061945,0.7109231849659614
101367,1,F,N,N,0,176800.0,981000.0,75795.2,Secondary / secondary special,Married,Working,-11192,-4617,,0.49934626919403113,0.4256833899388876,0.5381247892273987
101368,0,F,Y,Y,0,134600.0,491600.0,25177.1,Secondary / secondary special,Married,Pensioner,-21038,365243,2.2,0.3860244040746683,0.5326787093303659,
101369,0,F,N,Y,2,111200.0,437100.0,36125.2,Secondary / secondary special,Married,Commercial associate,-9068,-62,,0.803512765268465,0.3986330212884496,0.7923108939983214
101370,1,F,N,Y,0,159400.0,302400.0,13551.8,Higher education,Married,Working,-18178,-1359,,0.5530073983128242,0.40472197009045235,0.4034057407639312
101371,0,F,N,N,0,140500.0,333200.0,12880.6,Higher education,Married,State servant,-11774,-1357,,,0.5451473364153502,0.5493015348411409
101372,0,M,N,Y,0,212400.0,787100.0,37285.6,Secondary / secondary special,Married,Working,-22384,-1723,,0.4447170210846978,0.7745868608476758,0.6347315028954519
101373,0,F,N,Y,0,106100.0,324200.0,18883.2,Secondary / secondary special,Married,Working,-14322,-67,,0.7672050522800826,0.6216772774052696,0.5767613100292015
101374,0,M,N,Y,0,128100.0,346600.0,18306.1,Secondary / secondary special,Married,Pensioner,-14945,365243,,0.5533132815567505,0.52931102313972,0.7314489350957863
101375,0,M,Y,Y,1,161000.0,362100.0,24385.6,Higher education,Married,Working,-21597,-2005,18.3,,0.5735330699622104,0.6496659281253695
101376,0,F,N,Y,0,110000.0,579400.0,21426.3,Secondary / secondary special,Married,Working,-9214,-2640,,0.6313122741015703,0.611626388679702,0.8737790008145907
101377,0,M,Y,Y,1,82600.0,458800.0,27856.1,Secondary / secondary special,Married,Commercial associate,-18206,-540,3.0,0.7443464563156841,0.8769852152421913,0.49041525691465165
101378,1,M,Y,N,0,206400.0,816300.0,30041.3,Secondary / secondary special,Married,Working,-24546,-31,16.5,,0.4633894117963054,0.3631614931716574
101379,0,F,N,N,1,85800.0,482700.0,16464.2,Higher education,Married,Working,-19072,-683,,0.6247773304371946,0.423284228561894,0.2925654286021144
101380,0,F,Y,Y,0,167800.0,1019000.0,67423.2,Secondary / secondary special,Married,Working,-9104,-1166,19.2,,0.8709370975672327,0.45584654218245246
101381,0,F,Y,N,0,196100.0,443600.0,16334.0,Higher education,Married,Pensioner,-23598,365243,4.9,,0.4244235961054244,
101382,1,F,N,Y,1,292400.0,1653200.0,61850.3,Secondary / secondary special,Widow,Commercial associate,-9930,-3356,,,0.5007599778896068,0.5542745230291863
101383,0,F,N,N,0,435300.0,713400.0,32096.5,Higher education,Married,Pensioner,-14136,365243,,,0.7477345542876388,0.6338574066380228
101384,0,M,N,Y,0,279000.0,576300.0,21603.1,Lower secondary,Married,Commercial associate,-10855,-775,,,0.5824106663695522,0.7345798894105485
101385,0,M,N,Y,0,112200.0,399000.0,21555.5,Secondary / secondary special,Civil marriage,Working,-20325,-946,,,0.631459157997432,
101386,0,F,N,Y,0,134800.0,654400.0,29667.8,Secondary / secondary special,Married,Working,-12314,-563,,,0.32322629684982873,0.8333456281720458
101387,0,M,N,Y,0,176500.0,696500.0,38450.2,Secondary / secondary special,Married,Working,-12248,-1092,,,0.6799405824187033,
101388,0,F,Y,Y,1,149800.0,381400.0,12722.8,Higher education,Civil marriage,Commercial associate,-14920,-1860,19.7,0.5696151489599528,0.7590822733483691,
101389,0,M,N,N,3,165100.0,768700.0,37248.4,Secondary / secondary special,Married,Commercial associate,-12686,365243,,,0.4162049812308483,
101390,0,F,N,N,0,269900.0,1577200.0,106965.9,Secondary / secondary special,Married,Commercial associate,-21425,-3044,,0.4436920110596224,0.48673981274623895,0.7236353516105682
101391,0,M,N,Y,1,163200.0,893600.0,38183.6,Incomplete higher,Married,Pensioner,-16904,365243,,,0.899339879480957,
101392,0,M,Y,Y,0,232300.0,693100.0,27546.8,Secondary / secondary special,Married,Working,-17416,-2678,4.8,0.8484573021845755,0.4154630393496621,0.288445738661004
101393,0,F,Y,N,0,92500.0,556000.0,20421.1,Incomplete higher,Married,Pensioner,-10503,365243,13.3,,0.7806062272911073,0.8457755635771913
101394,0,F,Y,Y,0,191000.0,655700.0,63947.1,Secondary / secondary special,Single / not married,Working,-23685,-534,16.7,0.7312110232109513,0.4845687890865747,
101395,0,M,Y,Y,0,72400.0,434000.0,17397.7,Secondary / secondary special,Married,Commercial associate,-13786,-747,5.9,,0.7442340026349942,0.26655136590946016
101396,0,F,Y,Y,1,254200.0,512800.0,24879.5,Incomplete higher,Married,Working,-14286,-580,11.7,,0.7205802595230267,0.5336629590054672
101397,0,F,N,Y,0,141200.0,872200.0,35557.3,Secondary / secondary special,Separated,Working,-11919,-295,,,0.48883021974764995,0.9376384317660252
101398,0,M,Y,Y,0,82500.0,267300.0,13009.0,Secondary / secondary special,Widow,Commercial associate,-24504,-3021,2.9,0.8361340879896272,0.8355189980648441,0.4441602789594913
101399,0,F,N,Y,1,135300.0,500000.0,30132.2,Secondary / secondary special,Married,Working,-18313,-109,,,0.8841466760038637,
101400,0,F,N,Y,0,190000.0,1081100.0,101014.0,Secondary / secondary special,Married,Pensioner,-8738,365243,,,0.7260999813477877,0.5128833831305698
101401,1,F,N,Y,1,87800.0,434500.0,26482.5,Secondary / secondary special,Single / not married,Commercial associate,-11047,-4472,,,0.7872949939389993,0.49557239958782673
101402,0,F,N,N,0,103300.0,441600.0,19100.5,Secondary / secondary special,Single / not married,Commercial associate,-16093,-3215,,,0.6343869758073859,0.8288978758256681
101403,1,M,N,Y,0,128300.0,627800.0,61583.6,Secondary / secondary special,Separated,Working,-10963,-146,,,0.6915859806977633,0.6406466550639993
101404,0,F,Y,Y,0,223100.0,916000.0,32220.1,Secondary / secondary special,Single / not married,Pensioner,-18277,365243,5.9,,0.8728233882022952,
101405,0,F,N,N,1,62000.0,101100.0,5620.9,Secondary / secondary special,Single / not married,State servant,-13068,-198,,0.4680909012409767,0.49469519935692247,0.6576832233206424
101406,0,F,N,N,1,188500.0,726000.0,64487.3,Higher education,Married,Working,-13799,-289,,,0.4643272699500182,0.7952929665948475
101407,0,M,N,Y,0,136800.0,618700.0,22384.5,Higher education,Married,Working,-21461,-297,,,0.33243235958953377,
101408,0,F,N,Y,0,248400.0,535800.0,39355.9,Secondary / secondary special,Married,Pensioner,-16863,365243,,,0.5429233230862243,
101409,0,M,N,Y,0,183700.0,483000.0,43257.0,Incomplete higher,Single / not married,Working,-9651,-14,,,0.8382577005352477,0.6708719946569334
101410,0,M,N,Y,1,282700.0,748100.0,64663.6,Secondary / secondary special,Married,Working,-14190,-562,,,0.8291558383001794,0.46257129265129376
101411,0,M,N,Y,0,184500.0,775800.0,37733.2,Secondary / secondary special,Married,State servant,-23384,-66,,0.7365566636595884,0.5130231899429905,0.4886112089549959
101412,0,M,N,N,1,88900.0,233600.0,14861.8,Secondary / secondary special,Married,Working,-22505,-572,,,0.787271483933096,0.7320264619836236
101413,0,M,N,N,0,186000.0,490400.0,18273.8,Higher education,Widow,State servant,-20991,-432,,,0.335383072426359,0.8437658207919558
101414,1,M,N,N,0,191300.0,693900.0,33182.8,Secondary / secondary special,Married,Working,-22458,-955,,0.7002659124248668,0.7776211995728045,0.4928460163897689
101415,0,F,N,Y,0,112000.0,609500.0,39166.5,Secondary / secondary special,Single / not married,Commercial associate,-9274,-2516,,,0.9455635753294889,0.6945281938692991
101416,0,M,N,N,1,119800.0,347100.0,16006.4,Incomplete higher,Married,Working,-9812,-1082,,0.6248801988374567,0.7514314363230079,0.643916789425675
101417,0,F,N,N,1,51700.0,142600.0,4937.6,Higher education,Married,Working,-7996,-1422,,,0.6601132409964289,
101418,0,F,N,Y,1,212400.0,852400.0,31283.4,Higher education,Married,Pensioner,-9862,365243,,0.868447807831832,0.6225505720939046,0.6750133768717428
101419,0,M,Y,Y,0,143000.0,466600.0,36653.8,Higher education,Married,Commercial associate,-22108,-1065,18.4,,0.6576524134797939,0.6023495734905123
101420,0,M,N,Y,1,117700.0,753800.0,27472.0,Secondary / secondary special,Civil marriage,State servant,-8335,-596,,,,0.6691581111751058
101421,0,M,N,Y,0,96600.0,534400.0,30845.9,Secondary / secondary special,Married,Working,-15825,-1529,,,0.7571913675382496,0.5886951287999704
101422,0,F,N,Y,1,121500.0,420200.0,23754.7,Higher education,Separated,Unemployed,-12002,365243,,,0.6016298043445106,0.2803817816464655
101423,0,F,N,Y,0,184800.0,387800.0,19311.4,Secondary / secondary special,Single / not married,Commercial associate,-22265,0,,,0.27328581250622186,0.6619083934609788
101424,0,F,N,Y,0,164500.0,426000.0,16795.3,Secondary / secondary special,Married,Working,-21746,-138,,,0.7876923571953757,0.39383909321638977
101425,0,F,Y,Y,0,130500.0,706900.0,38313.5,Incomplete higher,Married,Working,-21099,-117,7.1,,0.8233584619441802,0.7282747557417691
101426,1,F,Y,Y,1,87300.0,330400.0,14228.4,Secondary / secondary special,Married,Working,-14301,-299,12.3,,0.7237714043893458,0.7296107384309581
101427,0,F,Y,Y,0,129800.0,321500.0,23987.9,Secondary / secondary special,Married,Working,-23897,-2687,9.0,0.23788166130306446,0.5730804173690955,0.6842093913569669
101428,0,F,N,N,1,103900.0,480500.0,30216.5,Secondary / secondary special,Married,Pensioner,-23376,365243,,,0.4442312470559889,0.5961697834573594
101429,0,M,Y,N,0,136800.0,642600.0,22191.7,Higher education,Married,State servant,-19080,-2208,0.7,0.5909983117738846,0.4646985213164166,0.6354251605991309
101430,0,F,N,Y,1,199500.0,627700.0,34111.8,Incomplete higher,Widow,Working,-18410,365243,,0.8447517058506055,0.6474689261439253,0.604258831745879
101431,0,M,Y,Y,0,118300.0,262700.0,10710.4,Secondary / secondary special,Single / not married,Working,-13577,-4185,12.0,,0.5789155362239915,0.7287950018367971
101432,1,F,N,N,1,319700.0,1380800.0,119131.9,Secondary / secondary special,Civil marriage,Working,-20571,-991,,0.33660449356240235,0.7692857337842343,
101433,0,F,N,Y,1,116400.0,502700.0,47396.9,Higher education,Married,Pensioner,-24123,365243,,0.7257547109964049,0.6837330407485557,0.5607155907384669
101434,0,F,N,N,0,69500.0,263000.0,23793.9,Secondary / secondary special,Married,Commercial associate,-13214,-150,,0.7548150943125589,0.8746359499784778,0.741522060711343
101435,0,F,N,N,0,136000.0,863500.0,35936.3,Secondary / secondary special,Civil marriage,Commercial associate,-12683,-1272,,0.4644440715897479,0.4955361623050289,
101436,1,M,N,Y,0,114500.0,355200.0,31900.8,Secondary / secondary special,Married,Commercial associate,-12291,-725,,,0.39086072792522564,0.5452066824628445
101437,0,F,N,Y,1,697700.0,2800600.0,127066.4,Secondary / secondary special,Single / not married,State servant,-24906,-107,,,0.5662468297893918,
101438,0,F,N,Y,0,121900.0,570100.0,37971.7,Secondary / secondary special,Separated,Working,-17143,-2038,,,0.49429399959685183,0.7000985099840955
101439,0,M,Y,Y,0,75400.0,373400.0,29155.2,Higher education,Separated,Working,-24633,-149,15.4,0.922179351823772,0.6196866976547412,
101440,0,M,Y,Y,0,150000.0,859000.0,36009.7,Secondary / secondary special,Married,Commercial associate,-18494,-4564,8.4,,0.7340371643409025,
101441,0,F,N,N,0,136800.0,356300.0,17065.4,Higher education,Civil marriage,State servant,-12815,-227,,,0.6292641496705866,0.6758265433216769
101442,0,F,N,Y,0,87200.0,506800.0,18214.0,Secondary / secondary special,Married,Commercial associate,-17950,-1497,,0.6350866219508765,0.36066272937017163,0.32792584293327137
101443,1,F,N,Y,0,173100.0,347300.0,14149.8,Secondary / secondary special,Married,Pensioner,-10395,365243,,0.6382162041945524,0.4222897335716903,0.7825519958184378
101444,0,F,N,Y,2,190000.0,346600.0,21064.2,Higher education,Married,Pensioner,-15526,365243,,,0.6255104389234989,
101445,1,F,N,Y,1,152700.0,894100.0,71349.5,Secondary / secondary special,Married,Working,-15434,-3512,,,,0.5088252288452305
101446,1,F,N,Y,0,130600.0,408200.0,17946.8,Secondary / secondary special,Married,Commercial associate,-17778,-2082,,0.3244210579640693,0.6556858877498537,0.4466972895520548
101447,0,M,N,Y,0,124800.0,684100.0,40363.1,Secondary / secondary special,Married,Pensioner,-14459,365243,,0.941942931532322,0.5287751182107997,0.8103864850164489
101448,1,F,N,Y,1,111200.0,597200.0,44866.9,Higher education,Married,Working,-15649,-1008,,,0.3501264388373665,
101449,0,F,N,N,0,82700.0,403400.0,18797.1,Higher education,Civil marriage,Commercial associate,-23031,-80,,,0.3071942262717736,0.6986046559917601
101450,0,F,N,Y,1,287300.0,724800.0,31195.4,Secondary / secondary special,Civil marriage,Working,-10832,-82,,,0.5473716661840878,0.6146008400128189
101451,0,M,N,Y,1,441100.0,1598200.0,101724.2,Higher education,Civil marriage,Pensioner,-23846,365243,,0.8020201340432516,0.7232401929133799,0.7276217471084875
101452,0,F,N,N,1,92800.0,514700.0,21065.1,Secondary / secondary special,Married,Working,-17111,-1056,,,0.8510727420114836,
101453,0,M,Y,N,0,112300.0,223600.0,19680.3,Secondary / secondary special,Separated,Working,-18695,-361,12.9,0.2899467944499228,0.463461493195316,
101454,0,M,N,N,1,90500.0,364700.0,14828.9,Secondary / secondary special,Married,Commercial associate,-9498,-513,,,0.7527796113101077,0.7489859058751016
101455,0,F,N,Y,1,219900.0,498800.0,41176.8,Higher education,Married,Commercial associate,-10216,-32,,,0.44053215574768195,0.705477750942803
101456,0,F,N,N,0,93300.0,187600.0,7877.7,Secondary / secondary special,Married,Working,-20513,-616,,,0.7218970739953227,0.7343973819030546
101457,0,F,Y,Y,0,201700.0,747800.0,39980.7,Secondary / secondary special,Married,Working,-23460,-3785,1.0,0.6892683011922957,,0.6717906109731611
101458,0,F,N,Y,1,178500.0,544000.0,41727.3,Higher education,Married,Pensioner,-16766,365243,,,0.8030065730931711,0.6815781021911568
101459,0,M,N,N,1,137500.0,770500.0,73931.4,Secondary / secondary special,Married,State servant,-10607,-536,,,0.8433624645125745,0.8483242044374542
101460,0,F,N,Y,0,271600.0,1070100.0,39770.4,Secondary / secondary special,Widow,Commercial associate,-21641,-1310,,,0.34261240442155555,0.4597161466483532
101461,0,M,N,N,0,125800.0,654800.0,23729.3,Secondary / secondary special,Married,Working,-23756,-994,,,0.7074064180438993,0.521824601278765
101462,0,F,Y,Y,1,147400.0,708500.0,40718.0,Secondary / secondary special,Married,Commercial associate,-19419,-176,7.4,,0.49286203755304403,
101463,0,F,N,Y,1,85200.0,533100.0,22991.8,Secondary / secondary special,Married,Commercial associate,-10876,-361,,0.4219483670553224,0.7091597844576122,0.5027147640888662
101464,0,F,N,Y,0,49100.0,137500.0,5019.3,Secondary / secondary special,Married,Working,-14901,-332,,,0.8609530523748852,0.4554959554534452
101465,0,M,Y,N,0,237300.0,1282400.0,108755.6,Higher education,Widow,Working,-24147,-1006,9.7,,0.5052827201952884,0.6091808761859844
101466,1,M,N,N,0,111500.0,271900.0,13514.1,Higher education,Married,Working,-11029,-182,,,0.7438485513474238,0.4937480855036412
101467,0,F,N,Y,0,247800.0,1440100.0,77852.9,Higher education,Married,Working,-10663,-668,,0.6636203661043304,0.3512396688860775,
101468,0,F,Y,Y,0,125700.0,737600.0,51540.7,Secondary / secondary special,Single / not married,Commercial associate,-19974,-569,9.0,,0.613060577882061,0.8551928779771281
101469,0,M,N,Y,1,140200.0,783300.0,52165.6,Secondary / secondary special,Married,Working,-17191,-2076,,,0.8127357976566869,0.44960465543031697
101470,0,F,N,Y,1,161600.0,501800.0,17694.6,Secondary / secondary special,Married,Working,-11259,-197,,,0.44560329289757883,0.757587215509866
101471,0,M,N,N,0,115500.0,258000.0,10795.8,Secondary / secondary special,Married,Commercial associate,-18479,-3257,,,0.4872039415333369,0.8935391797930373
101472,0,F,N,Y,1,71200.0,407000.0,18096.9,Secondary / secondary special,Married,Commercial associate,-24092,-2070,,0.5654286524514714,0.8100830365292847,0.35488103656165676
101473,0,F,Y,Y,0,99500.0,442600.0,19289.6,Secondary / secondary special,Married,Commercial associate,-22663,-923,19.1,,0.4757504737150078,0.40793373410330147
101474,0,F,N,Y,0,96000.0,359000.0,19655.8,Secondary / secondary special,Civil marriage,Working,-7784,-1210,,,0.7612851708397375,0.575580892893748
101475,1,F,N,Y,0,145100.0,517000.0,20076.3,Higher education,Married,Working,-23041,-3034,,0.6471833923069051,0.6050969681704139,
101476,0,F,Y,Y,1,243400.0,488400.0,19601.5,Secondary / secondary special,Married,Working,-18661,-2045,4.5,0.6927220086684448,0.8772948385024573,0.5775559403432454
101477,0,F,N,Y,0,106200.0,502800.0,26851.0,Higher education,Single / not married,Commercial associate,-12353,-694,,0.4792692708116572,0.41467929416698557,0.6324120974515847
101478,0,M,Y,Y,1,140800.0,577800.0,44670.4,Secondary / secondary special,Married,Working,-9308,-515,6.2,0.42288840147028744,0.7950830941762645,0.6235220254268707
101479,0,F,N,N,1,164000.0,1034200.0,86551.1,Incomplete higher,Married,Working,-24697,-2316,,,0.7308773540806249,0.5636375761544001
101480,0,F,N,Y,0,103000.0,502200.0,19391.2,Secondary / secondary special,Married,Working,-8179,-449,,0.732777399323202,0.6412733750439591,0.7361268513431873
101481,0,F,N,N,0,175200.0,1108700.0,46088.8,Secondary / secondary special,Married,Working,-10906,-151,,0.7702374717916605,0.7699946152837267,0.8384793271032069
101482,0,F,N,Y,0,241600.0,531300.0,27968.3,Secondary / secondary special,Married,Working,-19438,-24,,0.614025010256531,0.5183698212298904,0.5084822211536544
101483,0,F,Y,Y,0,175800.0,863600.0,67882.4,Secondary / secondary special,Married,Commercial associate,-20958,-176,4.5,,0.5374873263659307,0.5979252174150734
101484,0,F,N,N,0,144000.0,802300.0,31502.5,Higher education,Married,Working,-12345,-804,,0.8003705568151996,0.4868922606654504,
101485,0,F,Y,Y,0,100900.0,459700.0,26753.3,Secondary / secondary special,Single / not married,Commercial associate,-20592,-38,9.9,,0.7925515959942782,0.564169288210103
101486,0,F,N,Y,0,139600.0,638600.0,25009.5,Higher education,Married,Working,-21085,-177,,0.724144255780014,0.547418356304356,0.8256405149932406
101487,0,M,N,Y,0,104900.0,239000.0,9964.7,Secondary / secondary special,Separated,Pensioner,-21743,365243,,,0.5263573353761897,0.17195194091744193
101488,0,F,Y,Y,0,113100.0,351300.0,12282.7,Lower secondary,Married,Working,-20888,-1026,8.8,,0.8582789156692471,0.7461006948013301
101489,0,M,Y,N,0,139400.0,650000.0,57233.5,Secondary / secondary special,Married,Commercial associate,-8242,-585,0.9,0.744587929150594,0.5339082877118271,0.7017813019905584
101490,0,F,Y,Y,0,134100.0,518300.0,22665.2,Secondary / secondary special,Married,Working,-23314,-649,16.0,0.6404814238659536,0.5691330676148378,0.3087354462523717
101491,0,F,Y,Y,0,234400.0,1363100.0,52729.2,Higher education,Married,Working,-17536,-1082,17.9,0.5832896236572809,0.7591211474075381,0.6752724392461259
101492,0,M,Y,Y,0,113000.0,608700.0,38453.5,Secondary / secondary special,Separated,Pensioner,-15227,365243,19.8,0.6277990512141708,0.7952106999240403,0.5698876168513711
101493,0,F,N,Y,0,175400.0,732200.0,29597.5,Secondary / secondary special,Married,Working,-8098,-1202,,,0.4718567810822016,0.8487658659642475
101494,0,M,N,N,0,119500.0,544800.0,34145.2,Secondary / secondary special,Married,Working,-18028,-2763,,,0.8973371724164311,0.37503641990338066
101495,0,F,N,Y,1,97700.0,467200.0,20582.3,Secondary / secondary special,Married,Working,-10523,-224,,0.26377907528332883,0.6463670379760236,
101496,0,F,N,N,0,193500.0,924200.0,39143.4,Higher education,Married,Unemployed,-17272,365243,,,0.6988935529343815,
101497,0,M,N,Y,0,177800.0,885500.0,31736.3,Secondary / secondary special,Single / not married,Pensioner,-10987,365243,,,0.6895313821417327,0.28083643931530333
101498,0,F,N,Y,0,112400.0,448000.0,15438.7,Higher education,Civil marriage,Commercial associate,-19730,-619,,0.612489089514959,0.5727239587609039,0.663767035814993
101499,0,F,N,Y,0,36100.0,76500.0,2555.4,Higher education,Married,Working,-9227,-520,,,0.7535229037793615,0.792604810103681
101500,0,M,N,Y,1,243800.0,1530000.0,64078.1,Higher education,Single / not married,Working,-18196,-646,,,0.8682586232904402,0.8344190011156135
101501,0,M,N,N,2,208900.0,330500.0,15316.1,Secondary / secondary special,Single / not married,Pensioner,-18957,365243,,,,0.7884475563062473
101502,0,M,N,Y,1,247600.0,391900.0,16566.2,Secondary / secondary special,Married,Working,-14599,-596,,0.4596914873933348,0.9261743952882607,
101503,1,F,N,Y,1,253600.0,1570300.0,62948.8,Academic degree,Married,Working,-23749,-2683,,0.5899822511545071,0.5848925782181971,0.6597625177977094
101504,0,F,N,N,0,148200.0,588600.0,22367.5,Higher education,Separated,Pensioner,-16901,365243,,0.42937605845144056,0.827401269891049,0.2930537421122032
101505,0,M,N,Y,0,122100.0,682300.0,43132.8,Secondary / secondary special,Single / not married,Working,-20828,-209,,0.7755296422229744,0.32913336133215176,
101506,0,F,N,Y,0,65800.0,225600.0,9331.0,Higher education,Married,Pensioner,-15463,365243,,,0.23086034556959262,0.4787125881798023
101507,0,M,N,N,0,156500.0,572000.0,41326.7,Secondary / secondary special,Married,Pensioner,-21550,365243,,,0.44684310684426803,
101508,0,F,Y,Y,1,120300.0,604700.0,50136.2,Higher education,Single / not married,Pensioner,-23403,365243,8.6,,0.6254425921768538,0.7797673415908337
101509,0,F,Y,N,1,103500.0,418600.0,16184.6,Secondary / secondary special,Separated,Commercial associate,-14910,-603,16.7,,0.6574088768711704,
101510,0,M,N,Y,0,79900.0,479600.0,22199.6,Higher education,Married,Working,-24630,-516,,0.5527498499748548,0.3988735019156979,0.6067221200099654
101511,1,F,Y,Y,0,92600.0,459100.0,23520.0,Higher education,Civil marriage,Commercial associate,-10354,-1680,6.5,0.3053554162185166,0.3475726964553698,0.4431652278126753
101512,0,F,N,Y,0,80400.0,332600.0,18514.1,Secondary / secondary special,Married,Pensioner,-22505,365243,,0.36897009065486075,0.7803495824324959,0.6829082919038238
101513,0,F,Y,Y,0,230200.0,1300300.0,86038.8,Secondary / secondary special,Married,Commercial associate,-16889,-291,16.5,0.6177867207384812,0.48538014057470485,0.6331268906127371
101514,0,M,N,N,0,243300.0,1027800.0,47311.9,Higher education,Single / not married,Pensioner,-10096,365243,,0.6294713778871913,0.5535073255404779,0.6009011413392595
101515,0,M,Y,Y,0,105400.0,316000.0,27000.1,Higher education,Married,State servant,-18633,-343,17.8,0.533555612513755,0.6995573228739663,
101516,0,F,N,N,1,255500.0,537000.0,22436.7,Secondary / secondary special,Married,Commercial associate,-9972,-842,,0.616425738761369,0.6985603661609873,0.5444230992756264
101517,0,F,N,Y,1,154200.0,501600.0,25395.1,Incomplete higher,Single / not married,Pensioner,-23229,365243,,,0.7896240552057937,0.7759227700903648
101518,0,M,Y,Y,0,285100.0,1332200.0,58917.6,Secondary / secondary special,Married,Working,-21976,-670,12.1,,0.5636523072744289,
101519,0,F,Y,Y,2,192600.0,1234300.0,116095.0,Secondary / secondary special,Married,State servant,-19141,-1457,11.2,0.4480117614958783,0.7530563446130146,0.7217031769388151
101520,0,F,N,Y,1,195700.0,1023100.0,58507.8,Incomplete higher,Married,Pensioner,-11754,365243,,0.803620382894192,0.6921010328041468,0.7651449863069966
101521,0,F,N,Y,1,164400.0,755400.0,41983.2,Secondary / secondary special,Married,Working,-24550,-293,,,0.7262093990480425,0.70938288957849
101522,0,F,N,Y,0,106400.0,267300.0,12400.2,Higher education,Married,Commercial associate,-22627,-14,,,0.8330701506120712,0.8239721938754435
101523,0,M,Y,N,1,81300.0,409300.0,14598.3,Higher education,Married,Working,-20209,-468,15.8,0.529387255893446,0.8371409849637651,0.5552516845182968
101524,1,M,N,Y,0,161500.0,664500.0,27306.9,Secondary / secondary special,Separated,Pensioner,-14075,365243,,,0.6196128494516161,0.3114374347944218
101525,0,M,Y,Y,0,141100.0,733000.0,28060.6,Secondary / secondary special,Single / not married,Working,-16158,-724,14.5,,0.35046506992229665,
101526,0,F,N,Y,0,474400.0,1578500.0,62702.1,Higher education,Single / not married,Commercial associate,-13597,-607,,0.7652102898541625,0.6228134765800152,0.7002623529519836
101527,0,F,N,N,1,206200.0,802300.0,57668.9,Secondary / secondary special,Married,Working,-22561,-271,,0.4559263709165743,0.584090083766084,0.7653670721740489
101528,1,F,Y,Y,0,100700.0,415900.0,20518.3,Secondary / secondary special,Married,Working,-13085,-734,15.8,,0.39180789004560845,0.6533482025825953
101529,0,F,N,Y,0,141800.0,469400.0,19003.9,Secondary / secondary special,Separated,Unemployed,-11848,365243,,,0.669202360975881,0.4836830665275229
101530,0,F,N,Y,1,124800.0,548300.0,26466.7,Secondary / secondary special,Married,Commercial associate,-11428,-529,,0.723057252564595,0.58969210993296,0.53747778294205
101531,0,F,Y,Y,0,144700.0,417000.0,14384.9,Secondary / secondary special,Civil marriage,Working,-14703,-3981,1.5,,0.7751077435726239,0.7744451046222707
101532,0,F,Y,Y,1,81600.0,153500.0,7538.6,Secondary / secondary special,Married,Pensioner,-18592,365243,7.6,,0.4538113666730732,0.746530074175662
101533,0,F,Y,Y,1,221500.0,529800.0,25280.4,Higher education,Married,Working,-22250,-265,0.6,,0.7223454581789539,0.6177232258283197
101534,0,M,Y,Y,0,123300.0,489600.0,39493.8,Secondary / secondary special,Married,Working,-23882,-1072,14.6,0.6779852086539666,0.5294170199900751,0.640918860685563
101535,0,F,Y,Y,0,197700.0,362900.0,31332.1,Secondary / secondary special,Married,Working,-9074,-2499,8.4,,0.6307779207017855,0.6103102822495567
101536,0,F,N,N,0,112200.0,385200.0,34463.1,Secondary / secondary special,Civil marriage,State servant,-8497,-125,,,0.44989670992604613,0.5665263181203767
101537,0,M,Y,Y,0,123100.0,600500.0,46217.5,Higher education,Married,Pensioner,-14029,365243,15.9,,0.4950958298633369,0.7247021724217232
101538,0,M,N,Y,0,192300.0,780900.0,33317.6,Secondary / secondary special,Married,Commercial associate,-21872,-1609,,0.5459079927161199,0.7528365437745456,0.42111586672413026
101539,0,M,N,N,0,58000.0,247500.0,18249.7,Secondary / secondary special,Married,Working,-23578,-246,,0.573378818179461,0.6672436645978482,0.5777873371057012
101540,1,F,N,Y,0,229600.0,1176100.0,96711.2,Secondary / secondary special,Married,Working,-10623,-3000,,,0.44164677838054756,
101541,0,M,N,Y,0,285300.0,600400.0,26977.1,Secondary / secondary special,Civil marriage,Commercial associate,-12680,-1,,,0.47688362722027844,0.5104159828236298
101542,0,F,Y,Y,0,282800.0,797200.0,29344.5,Secondary / secondary special,Married,Commercial associate,-23483,-4335,2.7,,0.7042587582477443,0.7614587876452072
101543,0,F,Y,Y,1,107400.0,388000.0,36396.8,Higher education,Widow,Working,-17765,-1843,7.0,0.7224156362159755,0.626444976698974,0.4271921049868329
101544,0,F,Y,Y,0,168700.0,479200.0,23813.6,Secondary / secondary special,Married,Working,-14817,-1262,9.2,0.5916420162922142,0.574791866412566,0.3465209732109072
101545,0,F,N,Y,1,120500.0,445100.0,32174.6,Secondary / secondary special,Civil marriage,Pensioner,-11939,365243,,,0.5944988344285168,0.37325786259699734
101546,0,F,N,N,0,75400.0,450000.0,15907.8,Secondary / secondary special,Single / not married,Commercial associate,-9649,-425,,0.6734962659929514,0.25479463012179354,0.7086043120756617
101547,0,F,N,N,0,153300.0,317700.0,17294.3,Higher education,Separated,Working,-9571,-1548,,0.5600762048504937,0.9397974267188846,0.621837576120093
101548,0,M,Y,Y,1,76500.0,227400.0,9910.7,Higher education,Single / not married,State servant,-19488,-798,2.7,,0.7366786324447896,0.3292445497525094
101549,0,F,N,Y,0,192900.0,1125900.0,60225.6,Secondary / secondary special,Married,Working,-20300,-169,,,0.6247856368041826,0.705968206662239
101550,0,F,Y,Y,0,212900.0,920800.0,34936.5,Incomplete higher,Married,Commercial associate,-14081,-1525,12.2,,0.19702348744263193,0.7794438649550794
101551,1,F,N,Y,1,263300.0,1671900.0,84210.4,Secondary / secondary special,Civil marriage,Working,-18294,-273,,0.47451104547675743,0.41249879951465046,0.44639178969565263
101552,0,F,Y,Y,1,185500.0,438200.0,15153.3,Secondary / secondary special,Civil marriage,State servant,-10405,-1908,5.7,,0.786674646542077,0.8438364530870178
101553,0,F,N,Y,0,122300.0,645600.0,37581.4,Secondary / secondary special,Married,Working,-8037,-1463,,,0.5748509466246412,
101554,1,F,N,Y,0,135300.0,770600.0,31544.0,Secondary / secondary special,Single / not married,State servant,-9420,-911,,0.6292660108090529,0.7370866395819925,0.5437114329230606
101555,1,F,Y,N,1,155600.0,979100.0,83168.9,Secondary / secondary special,Married,Commercial associate,-9526,-277,0.7,,0.525162184917424,0.42854223486736015
101556,0,M,N,Y,0,284400.0,651000.0,49163.5,Secondary / secondary special,Married,Working,-24935,-1064,,0.26220136462370747,0.5456393885824387,0.6144792146037825
101557,0,M,N,Y,1,285800.0,1194300.0,57997.5,Secondary / secondary special,Married,Working,-11808,-2762,,,0.6755263254624961,0.48020363180092185
101558,0,F,Y,Y,0,141800.0,498400.0,32819.0,Secondary / secondary special,Single / not married,Pensioner,-10021,365243,18.2,,0.7291624235260727,
101559,0,F,N,Y,0,229200.0,1038200.0,92869.2,Secondary / secondary special,Single / not married,Working,-21614,-184,,0.4961210814107039,0.3729978736165436,0.6644902203649932
101560,1,M,N,Y,0,116700.0,221400.0,14805.6,Secondary / secondary special,Single / not married,Working,-14098,-1616,,,0.678667328895837,0.5453236682301882
101561,0,M,Y,Y,0,179200.0,693300.0,44967.7,Higher education,Married,Commercial associate,-11286,-1803,1.9,,0.5483196206238563,0.7533177207485809
101562,0,F,Y,Y,0,125800.0,206900.0,9210.7,Higher education,Married,Working,-11533,-2227,4.2,0.8915307892769978,0.5998144655279763,0.6369929693274963
101563,0,M,Y,N,0,164400.0,501000.0,37602.5,Secondary / secondary special,Married,Commercial associate,-10107,-455,9.9,0.7437063598987476,0.3684551164443382,
101564,0,M,Y,N,1,101700.0,570300.0,19963.5,Higher education,Married,Commercial associate,-9071,-2496,5.9,,0.5014905282438828,0.7474048535822868
101565,0,M,N,Y,1,77700.0,298000.0,18933.0,Secondary / secondary special,Married,Working,-19594,-1555,,,0.7468012389867963,0.4358510174399949
101566,0,F,N,Y,0,84100.0,484100.0,16538.0,Secondary / secondary special,Married,Working,-15384,-184,,0.4923263321220464,0.46646239914138354,0.8883159828055252
101567,0,F,N,Y,0,191500.0,342900.0,18564.5,Higher education,Single / not married,Working,-10272,-206,,0.6360110028744693,0.626366008872682,0.5057598991379394
101568,0,F,N,Y,1,89200.0,446000.0,18097.2,Incomplete higher,Separated,State servant,-21563,-1267,,,0.4706657807898021,0.7363138022745689
101569,1,F,N,N,0,126300.0,227300.0,9645.4,Higher education,Married,Working,-8005,-341,,,0.8006744660162227,0.3557650385659416
101570,0,F,N,Y,0,219800.0,500500.0,32040.1,Secondary / secondary special,Civil marriage,Commercial associate,-15220,-4959,,,0.6809137284501667,0.8779619557975815
101571,0,F,N,Y,0,243800.0,1345300.0,71286.9,Secondary / secondary special,Married,Commercial associate,-9902,-2793,,0.6678587565931177,0.7426034447266797,
101572,0,F,Y,N,0,94800.0,151500.0,10386.8,Higher education,Married,Pensioner,-8157,365243,19.0,,0.820585179384455,0.7877390440093742
101573,0,F,Y,Y,0,50000.0,170100.0,6142.7,Higher education,Single / not married,Working,-17324,-516,4.3,0.66134964055227,0.6879049122548307,0.8206037459906
101574,0,M,N,Y,2,102600.0,634200.0,22873.4,Secondary / secondary special,Widow,Working,-10395,-350,,,0.830116913018186,0.31179500593715626
101575,0,F,N,Y,0,161200.0,366900.0,21336.7,Secondary / secondary special,Married,Commercial associate,-8871,-2296,,,0.694450158112034,0.8007576016434952
101576,0,F,N,Y,0,199200.0,1242900.0,68390.7,Secondary / secondary special,Married,Commercial associate,-16064,-464,,0.6683312074832918,0.5055246698789876,0.8176686174124108
101577,0,M,Y,Y,0,86600.0,214600.0,13366.6,Secondary / secondary special,Married,Pensioner,-22460,365243,4.6,0.7681176023795564,0.43343105049410596,0.5714404566785382
101578,0,M,N,N,0,66500.0,189500.0,11858.4,Secondary / secondary special,Married,Working,-16184,-1580,,,0.33231094732447297,0.5133261145296009
101579,0,M,Y,Y,1,97900.0,459200.0,39081.3,Secondary / secondary special,Married,Pensioner,-9066,-1085,8.8,,0.48683319926751073,0.6910044245379039
101580,0,M,N,Y,0,116600.0,178700.0,7838.6,Secondary / secondary special,Married,Working,-13006,-736,,0.7736243989780424,0.7048549555268743,0.6381824905433096
101581,0,M,N,Y,0,376800.0,1901100.0,74958.6,Higher education,Single / not married,Commercial associate,-15491,-182,,0.42272333969477394,0.5143709720124148,0.8002069049889412
101582,0,F,N,Y,0,154700.0,930900.0,55361.1,Secondary / secondary special,Married,Commercial associate,-12599,-3104,,0.6984566359345424,0.5863066430124568,0.6677502962320296
101583,0,F,N,Y,2,197200.0,646600.0,32272.7,Secondary / secondary special,Single / not married,Working,-13587,-349,,,0.39562483471792076,0.7541025577723356
101584,0,F,Y,N,1,241600.0,1093700.0,104762.8,Secondary / secondary special,Civil marriage,State servant,-16439,-2813,3.2,0.5117777386562553,0.7041163954198791,0.6894004568931172
101585,0,F,N,Y,1,120300.0,395400.0,17496.0,Higher education,Civil marriage,Commercial associate,-24193,-1761,,,0.50561866468248,0.6034077352674927
101586,0,M,N,Y,0,154100.0,764300.0,46322.7,Secondary / secondary special,Married,Working,-21780,-1235,,,0.3452803688629583,0.4918312759150114
101587,0,F,N,Y,0,165000.0,682200.0,52657.4,Higher education,Married,Working,-11253,-1666,,0.619922752210598,0.8244413177336125,0.6679848640218405
101588,0,F,Y,Y,0,193500.0,776600.0,75969.4,Secondary / secondary special,Married,Pensioner,-21437,365243,5.1,,0.5188191463821845,0.6809783900278049
101589,0,F,Y,Y,1,139000.0,244800.0,13204.8,Secondary / secondary special,Married,Pensioner,-14587,365243,5.3,,0.6511266744483972,
101590,0,F,Y,N,3,235600.0,1132800.0,48419.0,Incomplete higher,Married,Working,-21971,-777,2.7,,0.6399814774591441,
101591,0,F,N,Y,0,242000.0,975300.0,65899.6,Secondary / secondary special,Married,Working,-18489,-3826,,,0.528742058400647,0.46331173265212544
101592,0,F,N,N,1,129600.0,402300.0,30115.8,Secondary / secondary special,Single / not married,Commercial associate,-19574,-1765,,,0.7747494582885235,
101593,0,M,N,N,0,207200.0,807800.0,36289.4,Higher education,Married,Working,-14018,-1106,,,0.8350063961588621,0.5030652068378771
101594,0,F,N,Y,1,175500.0,553300.0,25298.9,Secondary / secondary special,Married,Working,-20173,-2643,,0.358753941220107,0.7294139372069661,0.6797248891056029
101595,0,M,N,Y,0,487900.0,1393200.0,86537.9,Secondary / secondary special,Civil marriage,Working,-17587,-208,,,0.6041841844556779,0.48462223380684843
101596,0,M,Y,N,1,220400.0,464200.0,17183.8,Academic degree,Separated,Working,-18515,-3294,7.3,,0.6457866479674982,0.43583989381083477
101597,0,F,N,N,1,175200.0,455400.0,20755.8,Secondary / secondary special,Single / not married,Working,-17261,-254,,0.4109057950537883,0.4855052836882294,
101598,0,F,Y,Y,0,114000.0,244900.0,9309.9,Secondary / secondary special,Married,Working,-8648,-2073,4.1,0.6890478262004242,0.36063820794067875,0.7908936244596008
101599,0,M,Y,Y,0,92500.0,143400.0,5035.7,Higher education,Single / not married,Working,-15984,-664,1.8,,0.28442224318293235,0.6949895569681824
101600,0,F,Y,Y,0,186700.0,968700.0,41216.7,Higher education,Married,Working,-8568,-459,4.0,0.41422067914732325,0.770558750181973,0.4055668067253389
101601,1,M,Y,N,0,68300.0,134700.0,8500.7,Secondary / secondary special,Separated,State servant,-10624,-497,16.4,0.22405307304990638,0.6258574973638334,0.5486481518759294
101602,0,F,Y,N,2,305800.0,1062400.0,45118.2,Secondary / secondary special,Married,Working,-16008,-865,11.3,0.4855546106190182,0.8622927308282552,0.5017126558091082
101603,0,M,N,N,0,58300.0,276200.0,14994.2,Higher education,Single / not married,Working,-14791,-539,,,0.8183202581206528,0.40544351128769973
101604,0,M,Y,Y,0,92700.0,467100.0,34274.4,Higher education,Married,Pensioner,-8510,365243,7.4,,0.8009300001678636,0.6320986100957381
101605,0,F,Y,Y,0,231000.0,435000.0,32254.5,Secondary / secondary special,Single / not married,State servant,-10076,-3501,9.8,0.4928199376550251,0.5933117596725032,0.8491752931994614
101606,0,F,Y,N,0,144900.0,856000.0,65478.8,Secondary / secondary special,Single / not married,Pensioner,-15827,365243,13.2,,0.644185359786586,0.9297603354196433
101607,0,M,N,Y,0,159900.0,311400.0,16134.3,Secondary / secondary special,Single / not married,Working,-24635,-1568,,,0.7131377392099075,0.6488753803277888
101608,0,F,N,N,0,108100.0,439600.0,20083.6,Secondary / secondary special,Married,Commercial associate,-16197,-2284,,0.5472647603051685,0.2570811716869467,0.648385576133777
101609,0,F,Y,Y,0,139000.0,780000.0,26448.8,Higher education,Married,Commercial associate,-21214,-966,5.0,,0.641560479016433,0.388686392225443
101610,0,F,Y,N,0,200400.0,759300.0,32358.8,Higher education,Married,Pensioner,-15437,365243,4.2,,0.6712662608133741,0.5178978173392247
101611,0,F,N,Y,1,101300.0,658300.0,44964.3,Secondary / secondary special,Single / not married,Working,-11031,-1619,,,0.6705141496362877,0.603576964380208
101612,1,M,N,Y,0,130900.0,658300.0,24650.4,Higher education,Married,Working,-8041,-1204,,,0.6066163595786893,0.34573970440741225
101613,0,M,N,Y,0,147600.0,471400.0,15883.7,Higher education,Married,Working,-14253,-2177,,0.7097432300562035,0.7060674730266994,
101614,0,F,N,N,0,130400.0,245300.0,13434.9,Higher education,Single / not married,Commercial associate,-23790,-1124,,,0.6689491179371299,
101615,0,M,N,Y,1,206500.0,1161700.0,42086.6,Incomplete higher,Married,Working,-13365,-487,,,0.6137137312377945,
101616,0,F,N,N,1,181100.0,1059900.0,42593.3,Secondary / secondary special,Single / not married,Working,-14131,-472,,0.5832364222727603,0.5876071738598966,
101617,0,F,N,Y,0,140500.0,653800.0,40056.0,Higher education,Married,Commercial associate,-19815,365243,,0.6991748612764331,0.8558286251677407,0.8688978576126866
101618,0,F,N,Y,0,68300.0,215400.0,21252.4,Secondary / secondary special,Single / not married,Pensioner,-20589,365243,,,0.7416935065214697,0.5726263371870389
101619,0,M,Y,Y,0,250700.0,1085400.0,45290.5,Secondary / secondary special,Married,Pensioner,-18336,365243,0.8,,0.7630817632554889,0.47947787878587556
101620,0,F,N,N,0,97200.0,147100.0,5019.3,Secondary / secondary special,Civil marriage,Commercial associate,-13600,-816,,0.853157239653699,0.7486024657682826,
101621,0,F,N,N,0,327500.0,1174700.0,92411.4,Secondary / secondary special,Married,Working,-24242,-1579,,0.7604084906077108,0.6657007183477786,0.7582489600542669
101622,0,F,Y,N,0,100700.0,647700.0,22884.7,Higher education,Married,Pensioner,-13850,365243,15.1,,0.7803055184746981,0.5883798002098451
101623,0,M,N,N,0,165100.0,423600.0,29958.3,Secondary / secondary special,Married,Working,-12789,-386,,,0.8556747314291141,
101624,0,F,N,Y,0,196100.0,963800.0,46269.0,Secondary / secondary special,Civil marriage,Working,-22452,-1585,,,0.5171012298938922,0.6497988484607393
101625,0,F,Y,N,0,134800.0,272900.0,12963.3,Secondary / secondary special,Married,Working,-24066,-3623,17.5,,0.8102293325763559,0.6388394267287547
101626,0,M,N,Y,0,169500.0,872800.0,60544.7,Secondary / secondary special,Married,Commercial associate,-24440,-4911,,,0.6098485573283066,0.6560546308419574
101627,0,F,Y,Y,1,129700.0,479900.0,45796.2,Secondary / secondary special,Married,Working,-17018,-489,9.5,0.39579777663102295,0.6594973661176332,0.8035701673407201
101628,0,F,N,Y,0,344600.0,1104100.0,81940.3,Secondary / secondary special,Civil marriage,Working,-22914,-1437,,,0.752207315206693,0.7578369569557379
101629,0,F,N,Y,0,161300.0,649700.0,36479.1,Incomplete higher,Married,Working,-10891,-1466,,,0.9075391269320181,0.933668774013949
101630,0,F,Y,N,0,139800.0,781900.0,56725.9,Higher education,Married,Commercial associate,-23256,-198,8.1,0.773272122679886,0.6583573569956366,0.7694980241012801
101631,0,F,N,Y,1,164400.0,935700.0,39954.0,Secondary / secondary special,Married,Commercial associate,-20962,-3475,,0.8136047776325033,0.45130392047915036,0.6364727997833063
101632,0,M,N,N,2,245100.0,800100.0,40489.0,Secondary / secondary special,Married,Working,-14668,-803,,0.3974116433643592,0.8000673697505829,0.6373109346328449
101633,1,F,Y,N,1,175600.0,819100.0,47953.1,Secondary / secondary special,Married,Working,-11968,-1048,7.8,,0.38873341332069034,
101634,0,M,N,Y,1,159900.0,498100.0,33983.4,Secondary / secondary special,Married,Pensioner,-20988,365243,,0.8514642115346526,0.7714514058372399,0.7927012129820866
101635,0,M,Y,Y,1,77200.0,290200.0,12484.1,Secondary / secondary special,Married,Working,-15219,-268,10.9,,0.8096831417996778,
101636,0,F,N,Y,0,247700.0,1184300.0,42543.3,Secondary / secondary special,Widow,Working,-24827,-1472,,,0.7069815171156447,0.5973487734366951
101637,0,F,Y,Y,1,172400.0,479000.0,20812.1,Secondary / secondary special,Married,Commercial associate,-22653,-1316,6.4,0.5246184607318178,0.46403862808904617,0.2891922823665103
101638,0,M,Y,N,0,120500.0,376500.0,20710.4,Higher education,Married,Commercial associate,-21528,-2623,9.2,,0.8564676550325883,
101639,0,F,N,Y,0,170600.0,397400.0,37637.9,Secondary / secondary special,Married,Pensioner,-13522,365243,,,,
101640,0,M,Y,Y,0,275400.0,1241400.0,48106.9,Secondary / secondary special,Married,Working,-20146,-4789,15.0,0.6212650060173994,0.5558709867828774,0.7749358316894994
101641,0,M,N,Y,0,203200.0,1163900.0,56792.7,Secondary / secondary special,Civil marriage,Pensioner,-20923,365243,,0.5668368716623928,0.5998222445762781,0.4521965988753175
101642,0,F,N,Y,0,357100.0,2174900.0,192319.3,Higher education,Single / not married,Working,-14848,-631,,,0.7242176409108336,0.4696656720362081
101643,0,F,N,Y,0,218300.0,1356400.0,55259.9,Incomplete higher,Single / not married,Pensioner,-9328,365243,,,0.35759626225347185,0.9054409179138484
101644,0,F,Y,Y,1,61800.0,333600.0,22847.4,Secondary / secondary special,Single / not married,Commercial associate,-20561,-886,9.9,,0.5004649514842996,0.7198521600038702
101645,0,F,N,Y,1,259700.0,1003800.0,62825.4,Secondary / secondary special,Married,Working,-12832,-1610,,,0.5356389608580576,0.2025049231267027
101646,0,F,N,N,1,67200.0,373800.0,16236.4,Secondary / secondary special,Separated,Working,-9997,-3423,,,0.39777264331539686,0.11266736201348852
101647,0,F,Y,Y,1,270500.0,751600.0,54564.5,Secondary / secondary special,Married,Working,-8418,-969,3.2,,0.664279075663882,0.8828026738341785
101648,0,M,N,Y,0,219300.0,889200.0,54096.2,Secondary / secondary special,Civil marriage,Working,-13407,-2887,,0.5478695571869902,0.4869601591649602,0.4755580230918379
101649,0,M,N,Y,1,313600.0,1910600.0,79763.4,Secondary / secondary special,Single / not married,Pensioner,-16610,365243,,,0.7364508104071985,0.5786494539021473
101650,0,M,N,Y,0,179700.0,789000.0,48390.3,Secondary / secondary special,Married,Pensioner,-8343,365243,,,0.5732261438940541,0.6382617088933445
101651,0,F,N,Y,0,167500.0,763000.0,64474.3,Secondary / secondary special,Married,Working,-17547,-18,,,0.9239566124592885,
101652,0,F,N,N,1,257100.0,1184300.0,98684.1,Secondary / secondary special,Widow,Pensioner,-23368,365243,,0.7556517801765616,0.7525586492314448,0.3073847943097589
101653,1,F,N,Y,0,86700.0,478500.0,22977.3,Secondary / secondary special,Married,Pensioner,-18153,365243,,0.7198950706262202,0.31552003885433455,
101654,0,F,N,Y,1,150000.0,288100.0,9613.6,Higher education,Married,State servant,-16867,-500,,0.7357197996440604,0.3706993936922687,0.23504856102540908
101655,0,M,N,Y,0,132800.0,447400.0,21863.2,Secondary / secondary special,Married,Working,-11742,-925,,0.5770311512408496,0.6945172274951218,
101656,0,F,N,Y,0,121400.0,750600.0,25402.6,Secondary / secondary special,Married,Working,-15371,-165,,,0.6187525355946627,0.5318374166130075
101657,0,F,N,Y,0,113900.0,720500.0,25612.2,Secondary / secondary special,Married,State servant,-18199,-2567,,0.8550825305130095,0.6965323201783135,0.46578445263918017
101658,0,M,N,N,0,158100.0,678900.0,24644.3,Higher education,Single / not married,Commercial associate,-22837,-2617,,0.295379929115164,0.452502664125033,0.6541430719884377
101659,0,F,Y,N,1,203500.0,610500.0,32227.2,Secondary / secondary special,Separated,Working,-23130,-1057,18.6,,0.6252631133192047,
101660,0,F,Y,Y,2,287600.0,1655900.0,77724.6,Secondary / secondary special,Married,Working,-15593,-178,6.0,,0.7112436169600553,0.7684772849669719
101661,0,F,N,N,0,129600.0,771700.0,33995.4,Secondary / secondary special,Separated,Working,-10890,-1691,,0.6283006673287069,0.5873933615141606,
101662,0,F,N,Y,0,124800.0,372700.0,36644.4,Secondary / secondary special,Married,Working,-20071,-1216,,,0.71737135301296,0.6725308143662092
101663,0,M,N,Y,1,41400.0,214100.0,19688.8,Secondary / secondary special,Married,Working,-24335,-882,,,0.8319280173894739,0.31481733361350633
101664,0,F,N,N,0,284700.0,1781000.0,61013.3,Secondary / secondary special,Married,Commercial associate,-24464,-269,,,0.5642255900294338,
101665,0,M,N,Y,0,79900.0,292500.0,15562.5,Secondary / secondary special,Married,Working,-25126,-85,,,0.7020912762910368,0.7171819493008069
101666,0,M,N,Y,0,182800.0,348700.0,13053.5,Secondary / secondary special,Married,Commercial associate,-12092,-1582,,,0.6353599207758186,
101667,0,M,N,Y,1,168000.0,952200.0,76475.6,Secondary / secondary special,Married,Working,-22343,-628,,,0.5289573323259719,
101668,0,F,Y,N,0,230000.0,1119700.0,73888.1,Secondary / secondary special,Married,Working,-8576,-877,2.6,,,0.43754107859437474
101669,0,F,N,Y,0,99100.0,524300.0,47458.5,Secondary / secondary special,Single / not married,Working,-7933,-588,,,0.411763679333911,0.5510813478763261
101670,0,M,Y,N,0,190700.0,915400.0,36255.2,Secondary / secondary special,Married,Working,-19482,-660,7.2,,0.8430539656859023,
101671,0,F,N,Y,0,306500.0,1103000.0,72694.7,Higher education,Married,Pensioner,-9772,365243,,0.47658810007700797,0.6847233593704597,0.6484570268320913
101672,0,F,N,N,3,163500.0,1033800.0,40040.8,Higher education,Married,Working,-14478,-384,,,0.3976534994484129,0.6295322636712153
101673,0,M,N,Y,0,99300.0,458000.0,17904.8,Secondary / secondary special,Widow,Working,-7888,-1314,,0.5185039537987794,0.8527448725215043,0.6937823438700882
101674,0,F,N,Y,0,76100.0,314000.0,26042.4,Secondary / secondary special,Single / not married,Commercial associate,-9191,-855,,,0.728965448028282,0.6196985518132604
101675,0,M,N,Y,0,287800.0,1232500.0,78425.8,Lower secondary,Separated,Commercial associate,-11328,-1871,,,0.3486056886375748,0.6325707280926295
101676,0,M,Y,Y,1,120900.0,643000.0,31042.1,Secondary / secondary special,Separated,Working,-17391,-313,16.8,,0.7319101333607073,0.5222281561306802
101677,0,M,Y,Y,0,132200.0,600900.0,22993.4,Secondary / secondary special,Civil marriage,Commercial associate,-13489,-850,12.3,,0.42261022595672615,
101678,0,F,N,Y,0,459500.0,858200.0,33061.5,Secondary / secondary special,Married,Working,-17555,-170,,,0.6350875794696615,0.35814912490667594
101679,0,M,N,Y,1,223100.0,644200.0,30997.9,Secondary / secondary special,Married,Working,-19048,-1337,,,0.6368552414999793,0.6796375831998924
101680,0,F,Y,Y,1,246600.0,1002700.0,41945.3,Secondary / secondary special,Married,Working,-7729,-59,10.6,,0.572936685807119,
101681,0,M,Y,N,0,308300.0,717000.0,24910.0,Higher education,Married,Commercial associate,-22532,-395,13.4,0.8492255471511343,0.5875171400641591,
101682,1,M,N,Y,2,73000.0,421900.0,23162.1,Higher education,Married,Commercial associate,-8682,-2108,,0.7037916298453969,0.48688191214703774,0.7370493859235648
101683,0,M,N,Y,0,293800.0,1581500.0,125282.5,Secondary / secondary special,Married,Pensioner,-22976,365243,,,0.9020654423338822,
101684,0,F,N,Y,0,312400.0,1650300.0,129735.3,Higher education,Married,Commercial associate,-24782,-1924,,,0.4914667569369688,0.7855987220712726
101685,0,F,Y,Y,1,120500.0,462500.0,26434.1,Higher education,Civil marriage,Working,-23510,-754,6.7,0.7325926970489441,0.8985712907672782,0.9428506217347572
101686,0,F,N,Y,0,206600.0,609500.0,49455.3,Higher education,Married,Commercial associate,-17175,-1168,,0.7251179271297727,0.53222685750527,0.5968280527480184
101687,0,F,Y,N,0,227600.0,1295000.0,46884.1,Secondary / secondary special,Separated,Working,-21164,-4217,16.2,,0.4611075567036696,
101688,0,F,Y,Y,0,107100.0,349600.0,16795.2,Secondary / secondary special,Single / not married,Commercial associate,-10697,-283,1.1,,0.7575998303178921,0.5624199250271383
101689,0,F,Y,Y,1,222200.0,953800.0,37578.2,Incomplete higher,Civil marriage,Working,-24099,-372,7.2,0.6802630540531096,,0.5758780991857737
101690,1,F,N,Y,0,110700.0,328200.0,10987.1,Secondary / secondary special,Married,Working,-8079,-287,,,0.6457197566500483,0.6095871663958253
101691,0,M,N,Y,0,472800.0,3032000.0,167700.3,Secondary / secondary special,Separated,Commercial associate,-17338,-42,,,0.5898220377418948,0.7365867653772717
101692,0,M,Y,Y,0,158400.0,798000.0,30641.1,Secondary / secondary special,Married,Commercial associate,-15755,-141,18.7,,0.40080412012546657,0.8463347463977722
101693,1,F,N,N,0,190100.0,1202100.0,48691.3,Secondary / secondary special,Civil marriage,Pensioner,-21641,365243,,0.40227749410718805,0.8060557389649257,
101694,0,M,N,Y,0,70800.0,446300.0,29581.9,Secondary / secondary special,Married,Commercial associate,-20732,-200,,0.7838005855378607,0.7568039129977183,0.6256559349205901
101695,0,M,N,Y,0,176000.0,448100.0,36387.0,Secondary / secondary special,Married,Working,-13458,-5711,,0.5814476658035038,0.5515260761151266,0.6705428908401315
101696,0,F,N,N,0,255000.0,1314400.0,128885.8,Higher education,Married,Working,-10537,-705,,0.6321395765666449,0.7175708626604071,0.5432770201757463
101697,0,F,Y,N,0,98500.0,377100.0,14210.6,Secondary / secondary special,Single / not married,Working,-21595,-1577,10.0,,,0.8252142397178539
101698,0,M,N,N,0,116400.0,541400.0,18292.6,Incomplete higher,Separated,Working,-24807,-2448,,,0.7471914448511686,0.5978030314530807
101699,0,M,N,N,0,106900.0,409300.0,23071.4,Higher education,Single / not married,Working,-9386,-2811,,,0.6912671394813302,
101700,0,M,N,Y,0,87600.0,156400.0,7565.3,Higher education,Single / not married,Working,-20519,-936,,,0.6769151094381778,0.3913582792660247
101701,0,M,N,Y,1,82200.0,403200.0,28966.3,Secondary / secondary special,Married,Commercial associate,-16711,-989,,,0.7078972813647066,
101702,0,M,N,N,0,234000.0,921300.0,36069.7,Higher education,Widow,Working,-13139,-620,,,0.6928033736370672,
101703,0,F,Y,N,1,83300.0,180600.0,17334.4,Secondary / secondary special,Married,Working,-7923,-1274,3.3,0.5809998807323657,0.7586527208962116,0.6139708866508394
101704,0,F,N,Y,0,66000.0,315200.0,24823.3,Secondary / secondary special,Separated,Working,-20364,-241,,0.5550927607560062,0.8666467047835559,0.43758439098478974
101705,0,F,N,Y,0,115900.0,266200.0,9247.1,Higher education,Single / not married,Pensioner,-9985,365243,,,0.7195435514070202,
101706,0,M,N,N,1,150600.0,886000.0,55030.9,Secondary / secondary special,Married,Working,-22586,-1173,,0.5974425790287111,0.4326723842440321,0.7663564610168262
101707,0,F,N,Y,1,191200.0,307000.0,14753.3,Higher education,Married,Pensioner,-12309,365243,,0.6530062169869545,0.4299082586436158,0.6261237333166968
101708,0,F,Y,Y,1,98800.0,356100.0,18835.0,Secondary / secondary special,Single / not married,Pensioner,-18055,365243,4.6,,,0.6551775142581934
101709,0,M,Y,Y,1,113000.0,363200.0,26804.8,Secondary / secondary special,Separated,Pensioner,-12653,365243,2.8,0.6663604793039998,0.6630415643345918,0.8586589938620522
101710,0,F,N,Y,1,187900.0,1111700.0,46076.2,Higher education,Single / not married,Commercial associate,-19982,-2566,,,0.5941969974592821,0.5963479375275819
101711,0,M,N,Y,0,221200.0,1154300.0,41119.6,Secondary / secondary special,Civil marriage,Pensioner,-9724,365243,,0.9380403326314232,0.5413635356339098,0.8241170832958031
101712,0,F,N,Y,1,257700.0,727300.0,34086.0,Secondary / secondary special,Widow,Working,-13684,-642,,,0.7538095293508957,0.7678800551143282
101713,0,M,N,Y,1,182700.0,583600.0,38127.7,Higher education,Married,Commercial associate,-16593,-3290,,0.7235216704467038,0.12143863413063423,0.3731909248234095
101714,0,M,N,Y,0,69800.0,326800.0,12108.8,Secondary / secondary special,Married,Working,-17934,-1737,,0.5688744162515625,0.7676993480780034,0.6719760509340366
101715,0,F,N,Y,0,99300.0,629500.0,39604.1,Secondary / secondary special,Married,Working,-17831,-1387,,,0.8355974610505571,0.9441597571524085
101716,1,M,Y,Y,0,258900.0,914500.0,34735.9,Secondary / secondary special,Married,State servant,-9062,-308,9.5,0.7179080007913071,0.7344280881494568,0.4867858324765412
101717,0,F,N,Y,0,326700.0,1853500.0,68275.5,Secondary / secondary special,Civil marriage,Commercial associate,-8262,-33,,,0.5686274505073682,0.4500500654338616
101718,1,F,N,N,0,141600.0,720600.0,26673.3,Secondary / secondary special,Married,Working,-11828,-1203,,,0.38103332417366376,0.5137997195759658
101719,0,M,Y,Y,2,136100.0,684800.0,28037.3,Secondary / secondary special,Single / not married,Working,-8331,-944,19.7,,0.8825697274668423,0.5632428322985676
101720,0,M,Y,Y,0,93900.0,253000.0,8669.3,Secondary / secondary special,Married,Working,-11537,-578,8.0,,0.4662289304810498,0.41667335636952313
101721,0,F,Y,Y,0,279000.0,460000.0,16491.1,Incomplete higher,Civil marriage,Pensioner,-8709,-1220,1.9,,0.5757818837459547,0.6086035039471533
101722,0,F,Y,Y,1,91500.0,352100.0,12279.8,Secondary / secondary special,Married,Pensioner,-16915,365243,18.2,0.3213961671754796,0.5438350688682116,0.25737784441271566
101723,0,M,N,Y,0,356000.0,1618000.0,87089.3,Higher education,Married,Working,-9503,-2286,,,0.6925966704760352,0.794693406687347
101724,0,F,Y,N,1,142000.0,552100.0,37178.4,Secondary / secondary special,Married,Working,-14950,-1061,10.2,0.44791474300523476,0.7073489846425911,0.28921182882113794
101725,0,F,N,Y,1,100000.0,342200.0,11426.2,Secondary / secondary special,Civil marriage,Working,-21162,-553,,,0.8499461281359078,0.37101621345285
101726,0,F,Y,Y,0,66000.0,194200.0,15182.0,Higher education,Married,Commercial associate,-21211,-2259,3.8,,0.5672581337247932,0.6494974052570499
101727,0,F,Y,N,0,130400.0,755900.0,34908.3,Secondary / secondary special,Married,Commercial associate,-17526,-123,7.4,,0.5002596490462782,0.7892581836486924
101728,0,M,Y,Y,1,139100.0,326700.0,13711.2,Secondary / secondary special,Civil marriage,Commercial associate,-8209,-1049,6.5,,0.6937267025135166,0.7242053444949154
101729,0,F,Y,Y,1,127600.0,194800.0,11369.5,Higher education,Married,Commercial associate,-17079,-189,7.1,0.38652733968130604,0.5311700346160174,
101730,0,F,N,Y,1,147600.0,301200.0,19322.7,Higher education,Married,Working,-12099,-60,,0.39637272584973227,0.6659929676724525,
101731,0,M,Y,N,0,274700.0,1020200.0,78694.3,Secondary / secondary special,Married,Working,-17635,-1598,10.0,,0.6357856412210303,0.7031759412437935
101732,0,F,Y,Y,1,194600.0,836900.0,77399.3,Higher education,Married,Working,-23596,-1288,15.0,,0.7813387497985868,0.64285694057088
101733,1,M,Y,Y,1,160800.0,802000.0,27146.5,Incomplete higher,Married,Commercial associate,-18169,-471,19.2,,0.6732846882358816,
101734,0,F,N,N,1,246200.0,1059700.0,56476.9,Secondary / secondary special,Married,Commercial associate,-24160,-105,,,0.5845557111647045,0.6466475375142844
101735,0,M,N,N,1,97500.0,455700.0,28837.9,Secondary / secondary special,Married,State servant,-11327,-704,,,0.8160935966956196,0.5213022389675624
101736,0,M,N,N,0,203000.0,423100.0,30886.2,Secondary / secondary special,Married,Working,-12374,-188,,,0.6989458314943787,0.7029706785438447
101737,0,M,N,Y,0,201300.0,743900.0,50821.2,Secondary / secondary special,Married,State servant,-10277,-1614,,,,0.3987657616362851
101738,0,F,N,N,0,289200.0,1459900.0,71153.8,Secondary / secondary special,Married,Working,-9043,-2375,,0.42352232195978534,0.5380900921132983,0.726383043777275
101739,0,F,N,Y,0,79500.0,248100.0,16659.4,Secondary / secondary special,Married,Working,-7854,-1279,,,0.8726351253370829,
101740,0,M,N,N,1,99700.0,277800.0,17994.1,Secondary / secondary special,Married,Working,-23938,-1210,,,0.6009864232671914,0.7961262170887574
101741,0,F,N,N,0,102300.0,294500.0,9901.7,Secondary / secondary special,Married,Working,-15590,-1289,,,0.7172462333991804,
101742,0,F,Y,Y,0,182600.0,620100.0,28374.5,Secondary / secondary special,Separated,Working,-24130,-521,4.8,,0.2931720800697815,0.6426032975969443
101743,0,F,N,Y,2,162900.0,247400.0,20535.5,Secondary / secondary special,Married,Working,-22817,-974,,,0.45970080349537024,
101744,0,M,N,Y,1,190100.0,1144600.0,45632.0,Secondary / secondary special,Civil marriage,Commercial associate,-20712,-1144,,,0.9007307618846436,0.8718652172009855
101745,0,M,N,N,1,57100.0,144400.0,12476.3,Secondary / secondary special,Married,Pensioner,-23761,365243,,0.4026958607304146,0.5010891240893326,0.7006815226543719
101746,0,F,N,Y,0,285600.0,1651800.0,100889.8,Secondary / secondary special,Married,Commercial associate,-12298,-1662,,0.8078047252145311,0.8039478111341891,0.40040847687885794
101747,0,M,N,N,0,163700.0,291500.0,17366.4,Secondary / secondary special,Single / not married,Pensioner,-22684,365243,,,0.9086280709630298,0.865784853162499
101748,0,F,Y,Y,1,188800.0,546700.0,22906.3,Secondary / secondary special,Married,Commercial associate,-19591,-1107,13.9,0.8020047011324585,0.6424557325075125,
101749,0,F,N,Y,0,174000.0,733700.0,63747.8,Secondary / secondary special,Widow,State servant,-18181,-2338,,,0.518476996908686,0.762586010418769
101750,0,F,N,Y,0,111000.0,246700.0,11436.5,Secondary / secondary special,Married,Working,-18516,-1206,,0.8363378220418306,0.7921758317538933,0.6522076586294046
101751,1,F,N,N,1,185900.0,1196500.0,58189.9,Secondary / secondary special,Married,State servant,-23557,-2410,,,0.417253990463061,0.664018341834375
101752,0,F,N,Y,0,152400.0,656500.0,39280.7,Higher education,Married,Working,-23956,-648,,,0.421441510007982,0.6700034785182832
101753,0,M,N,Y,2,151500.0,838500.0,42716.8,Secondary / secondary special,Single / not married,Working,-10772,-3061,,,0.5642178495654585,0.7156874149436053
101754,0,M,N,Y,0,183900.0,531200.0,27496.3,Secondary / secondary special,Married,Commercial associate,-9086,-626,,,0.41220753346382377,
101755,0,F,N,N,0,140600.0,344500.0,11683.3,Secondary / secondary special,Married,Working,-12450,-2432,,,0.8953948604717907,0.5599908388355564
101756,0,F,Y,N,0,79800.0,457800.0,19545.4,Secondary / secondary special,Separated,Working,-21874,-308,9.6,,0.5111423193990718,0.671842610391068
101757,0,F,N,Y,0,135700.0,353300.0,22196.1,Secondary / secondary special,Married,Working,-9371,-384,,0.8216484574143702,,0.6051018481542986
101758,0,M,N,Y,0,306000.0,1045100.0,40319.1,Secondary / secondary special,Married,Pensioner,-19272,365243,,,0.5653157102538704,0.5137368662306944
101759,0,M,N,Y,0,114800.0,597300.0,31442.2,Incomplete higher,Married,Pensioner,-14669,365243,,,0.828997933820777,0.44575045746397524
101760,0,M,Y,Y,0,153600.0,409800.0,34361.7,Secondary / secondary special,Married,Working,-23665,-1983,15.6,0.6348704266103382,0.7487265433362539,0.7445676967316006
101761,1,F,N,N,0,214400.0,1023600.0,79844.6,Secondary / secondary special,Married,Working,-22046,-1552,,,0.6238621613440056,0.6545757894028467
101762,0,F,N,Y,0,382200.0,2400300.0,112519.0,Higher education,Single / not married,Commercial associate,-16572,-649,,0.6896780206326975,0.6474121253750901,0.2556891848086465
101763,0,F,N,Y,1,131300.0,550300.0,41471.0,Higher education,Separated,Working,-14344,-1725,,,0.4649283857281575,0.8721172735619207
101764,0,F,Y,N,1,84800.0,241800.0,9068.6,Secondary / secondary special,Married,Working,-22302,-642,18.0,,0.6413275857946635,
101765,0,F,N,Y,0,199300.0,1235700.0,93331.8,Secondary / secondary special,Married,Working,-11954,-2357,,,0.6113522541115461,0.39722516824909637
101766,0,F,Y,Y,0,102200.0,621600.0,35702.8,Secondary / secondary special,Married,Commercial associate,-17196,-477,17.4,0.8213690185973613,0.35569569808285406,
101767,0,M,Y,Y,0,168200.0,777500.0,36804.1,Higher education,Married,Working,-24004,-832,15.4,,0.3989333954459094,0.4574077333609191
101768,0,F,N,Y,1,193400.0,1016400.0,33943.0,Secondary / secondary special,Married,Working,-18254,-1468,,0.5597950811282166,0.7597673156712432,0.7742608884764062
101769,0,F,N,Y,0,118700.0,624400.0,57064.5,Secondary / secondary special,Married,Working,-23976,-1800,,,0.6204885331673146,
101770,0,M,N,Y,0,130300.0,485400.0,21427.9,Secondary / secondary special,Civil marriage,Commercial associate,-15419,-2749,,0.5842028756065986,0.6484132201680293,0.2914457574822933
101771,0,F,N,Y,0,212900.0,601600.0,30149.3,Secondary / secondary special,Married,Working,-18703,-152,,,0.9088302324597602,
101772,0,M,N,Y,0,240800.0,441500.0,23181.5,Higher education,Separated,Commercial associate,-24157,-227,,,0.5785716447909682,0.6401748291034117
101773,0,F,Y,N,0,150200.0,260900.0,17675.0,Secondary / secondary special,Separated,Pensioner,-20596,365243,3.5,0.4989114427028264,0.7646580824278709,0.7684092257291896
101774,0,M,Y,Y,0,158900.0,280600.0,27619.7,Secondary / secondary special,Married,Working,-23547,-184,16.4,0.39061724372472517,0.710521665995244,0.7153699026121848
101775,0,F,N,Y,0,88800.0,239300.0,9149.2,Secondary / secondary special,Civil marriage,Working,-22257,-4611,,,0.47951245426674555,0.33368712182915
101776,0,F,N,Y,1,155300.0,320400.0,12779.3,Higher education,Single / not married,Working,-9034,-849,,,,0.3179283810603922
101777,1,M,N,Y,1,123500.0,214700.0,17560.8,Secondary / secondary special,Married,State servant,-12201,-417,,,0.3535565925499386,0.4151680013311332
101778,0,F,N,Y,0,152600.0,673900.0,32193.1,Higher education,Married,Working,-20669,-1521,,,0.529326046473584,0.7166011189863695
101779,0,F,N,Y,0,278800.0,892000.0,53340.2,Secondary / secondary special,Married,Pensioner,-23274,-5734,,,0.5830235326827595,0.5168324168615434
101780,0,F,N,N,0,88700.0,576300.0,47400.8,Secondary / secondary special,Married,Pensioner,-21736,365243,,,0.7486357933061248,
101781,0,F,N,Y,0,249900.0,1209000.0,63004.2,Secondary / secondary special,Civil marriage,Unemployed,-13160,365243,,,0.6517450675903849,0.7146180243571523
101782,0,M,Y,N,2,160800.0,996100.0,98736.6,Secondary / secondary special,Married,Pensioner,-18558,365243,5.8,,0.45140373220172586,0.5813280036932065
101783,0,F,Y,Y,0,145500.0,265400.0,13684.8,Secondary / secondary special,Married,Working,-19265,-219,0.4,,0.5017705210410047,0.7531420173471931
101784,0,F,Y,Y,2,99600.0,279800.0,21791.2,Secondary / secondary special,Single / not married,Commercial associate,-15337,-3353,9.3,,0.5435774747059622,0.5944133551765265
101785,0,F,N,Y,0,167000.0,902900.0,52927.0,Secondary / secondary special,Widow,State servant,-17973,-600,,,0.9217048472347089,
101786,0,M,N,Y,1,391300.0,1796600.0,102492.5,Secondary / secondary special,Married,Commercial associate,-24956,-2371,,,0.6712384456852204,0.8036232098661767
101787,0,F,N,N,1,46800.0,155000.0,13537.4,Higher education,Married,Pensioner,-17219,365243,,,0.85414271703752,0.8523732211750124
101788,0,M,Y,N,0,61100.0,348500.0,15587.4,Secondary / secondary special,Married,Pensioner,-11077,365243,0.5,,0.7472003312601644,0.4691428387243716
101789,0,M,N,N,0,136000.0,544300.0,26912.2,Higher education,Separated,Commercial associate,-16508,-768,,,0.6919624330358791,
101790,0,F,Y,Y,0,170600.0,1037600.0,44721.9,Higher education,Married,Commercial associate,-10751,-4177,11.4,0.7562938243996843,0.713246426758066,0.4727068234079624
101791,1,M,N,Y,0,224800.0,952400.0,35962.0,Secondary / secondary special,Married,Commercial associate,-19735,-1535,,0.44258781165626543,0.314146778017176,0.2848106532594426
101792,0,F,Y,Y,0,180500.0,801200.0,48617.3,Secondary / secondary special,Married,Working,-23482,-4015,4.5,,0.595997926367418,0.44346865072667735
101793,0,F,N,Y,0,70500.0,214900.0,10679.8,Secondary / secondary special,Married,Working,-19519,-5454,,0.5588208361945384,0.711567079016203,0.8497712509561057
101794,0,M,Y,Y,0,194300.0,369200.0,14465.5,Higher education,Married,Commercial associate,-23056,365243,6.9,,0.5334526723222269,
101795,0,M,N,Y,1,136300.0,213500.0,12500.2,Secondary / secondary special,Civil marriage,State servant,-20428,-815,,,0.7798577434107551,0.7106717659582875
101796,0,F,N,Y,0,219300.0,645500.0,30581.5,Secondary / secondary special,Single / not married,Pensioner,-15339,365243,,,0.5219316952721885,0.6572206867039005
101797,0,F,N,N,0,106700.0,613600.0,28916.4,Secondary / secondary special,Married,Working,-17105,-2121,,0.84185653202995,0.6627171780471994,0.6463367855928058
101798,0,F,Y,Y,1,73900.0,235700.0,15539.6,Secondary / secondary special,Separated,Pensioner,-17007,365243,6.6,0.7132145852500691,0.6927323970639241,
101799,0,F,N,Y,0,120200.0,681300.0,32975.9,Secondary / secondary special,Married,Working,-14551,-2475,,0.6349976462574827,0.685608277628526,0.6585188316330542
101800,0,F,N,Y,0,183700.0,1185800.0,79827.8,Secondary / secondary special,Married,Commercial associate,-9299,-1750,,0.5204515401699248,0.3677967673689263,
101801,0,F,N,N,0,175000.0,639700.0,49313.8,Secondary / secondary special,Married,State servant,-19974,-1404,,0.8225947758104456,0.6916093730484133,0.624903424917593
101802,0,F,N,Y,1,148400.0,545800.0,21028.7,Secondary / secondary special,Married,State servant,-8497,-448,,0.5621851646121203,0.6570559537392514,0.6940643082289941
101803,0,F,N,Y,1,111800.0,643700.0,23630.4,Secondary / secondary special,Married,Commercial associate,-11247,-935,,0.7837099502974347,0.39967686854575035,
101804,0,M,N,Y,2,138800.0,597000.0,22914.7,Higher education,Married,Commercial associate,-15627,-262,,0.8044734311556745,0.6690416505113878,0.8269585392537822
101805,0,M,N,Y,0,286900.0,1624000.0,72626.0,Secondary / secondary special,Married,Working,-24975,-2539,,0.7493097590942439,0.6667047443307997,0.6315074582547855
101806,0,M,N,Y,0,464400.0,2327100.0,202485.4,Secondary / secondary special,Widow,Commercial associate,-13050,-775,,,0.6127174704659003,
101807,0,F,Y,N,0,178400.0,601700.0,29185.9,Secondary / secondary special,Married,Working,-21603,-695,2.0,0.8192424060341721,0.8184427980053898,
101808,0,F,N,N,1,233600.0,1104400.0,38038.5,Secondary / secondary special,Married,Working,-15024,-133,,,0.8004764256491738,0.3792940613927912
101809,0,F,Y,N,0,106200.0,174200.0,6194.2,Secondary / secondary special,Married,Pensioner,-11554,365243,17.6,0.6911568332221195,0.30190872244431,0.76754768339709
101810,0,F,N,Y,1,270800.0,1085000.0,41516.3,Secondary / secondary special,Civil marriage,Working,-8136,-1005,,0.5350911626297146,0.4173742051687199,0.9271429139268073
101811,0,F,N,N,0,125900.0,245200.0,10264.8,Higher education,Married,Commercial associate,-9220,-707,,0.7082322397312704,0.5432502589919854,0.7587408341472923
101812,0,F,Y,Y,1,83300.0,354700.0,17638.5,Higher education,Married,Working,-14976,-418,0.1,0.6438750960672792,0.7267665520907192,0.7628556583838232
101813,0,M,N,Y,0,247300.0,1375200.0,73239.4,Secondary / secondary special,Civil marriage,Working,-14686,-617,,0.7906300781670366,0.8057049786589241,0.6927225037001344
101814,0,F,N,Y,0,153300.0,352700.0,16159.8,Higher education,Married,Working,-18651,-518,,,0.4663552977538383,0.9153024753512905
101815,0,M,Y,Y,0,275700.0,958500.0,49238.8,Secondary / secondary special,Civil marriage,Working,-8761,-2186,5.2,0.7997012695581759,0.43221867026051897,
101816,0,F,Y,Y,0,213600.0,903700.0,49504.6,Higher education,Married,Working,-12648,-267,0.5,0.41367604744500386,0.5397764588767172,0.6431561088014464
101817,0,M,N,N,0,82300.0,206600.0,9406.6,Secondary / secondary special,Civil marriage,Commercial associate,-8080,-1506,,,0.43506521155713107,
101818,0,F,N,N,0,160000.0,266300.0,9395.8,Secondary / secondary special,Married,Commercial associate,-22956,-121,,0.8291662417453124,0.7096671813614771,0.5269494274667861
101819,0,F,N,Y,1,98400.0,148300.0,10318.5,Secondary / secondary special,Widow,Working,-14639,-177,,0.8434017799929794,0.6479140974840764,0.6208432533960537
101820,0,F,Y,Y,0,260100.0,722300.0,56822.2,Secondary / secondary special,Married,Pensioner,-17913,365243,19.3,,0.5557346491006843,
101821,0,M,Y,Y,0,153100.0,464500.0,35325.3,Higher education,Married,Pensioner,-20127,-379,14.8,,0.9368253046120321,0.6551928135957874
101822,1,F,Y,Y,0,109500.0,418700.0,17457.7,Secondary / secondary special,Single / not married,Commercial associate,-12368,-842,3.4,0.592227315280198,0.3889771274358502,
101823,0,F,N,Y,0,59100.0,339400.0,12386.5,Secondary / secondary special,Married,Commercial associate,-10036,-333,,0.6272061634248433,0.6996298304210696,0.7148992612695487
101824,0,F,N,Y,0,248900.0,891500.0,35189.9,Secondary / secondary special,Married,Commercial associate,-17843,-1808,,,0.7760779874383547,0.4450941676618622
101825,0,M,N,Y,0,126200.0,242000.0,13385.5,Higher education,Married,Working,-23507,365243,,,0.4032052285671853,0.5139824863966823
101826,0,F,N,N,1,130900.0,410100.0,19249.4,Secondary / secondary special,Married,Working,-23318,-2324,,,0.4823303815236604,0.5171758117150003
101827,0,F,N,N,1,183100.0,554800.0,50770.0,Secondary / secondary special,Married,Working,-13074,-314,,0.6537906641308989,0.5548832687375354,0.5672526610850174
101828,0,F,N,Y,1,98900.0,430200.0,22297.7,Secondary / secondary special,Married,Commercial associate,-12336,-2279,,,0.5635750895885924,0.625624162521746
101829,1,M,Y,N,2,74400.0,352900.0,14166.3,Secondary / secondary special,Married,Working,-13868,-499,10.8,,0.5007275934498949,0.7151826007815205
101830,0,F,N,Y,0,160600.0,241300.0,9338.1,Secondary / secondary special,Married,State servant,-11969,-149,,,0.666928618110065,0.3862716510725878
101831,0,F,Y,Y,3,96900.0,406900.0,18299.4,Secondary / secondary special,Single / not married,Working,-24580,-288,3.0,,0.7915569813208876,0.6543796853507772
101832,1,M,N,Y,0,142300.0,388700.0,14590.2,Incomplete higher,Married,Working,-8278,-175,,,0.5060813766986374,0.3811926909797991
101833,0,F,N,Y,0,99800.0,529700.0,31333.6,Higher education,Married,Working,-11024,-4136,,,0.6398136962661997,0.43112384844915014
101834,0,F,N,Y,1,79900.0,254700.0,21664.7,Secondary / secondary special,Married,Pensioner,-8166,365243,,0.59998135729701,0.7779028697247236,0.23387687180050118
101835,0,F,N,Y,0,70400.0,427900.0,21055.8,Secondary / secondary special,Married,Working,-22642,-170,,0.4446588912698656,0.7997581721393857,0.914816994951686
101836,0,F,N,Y,0,154100.0,537300.0,17997.7,Higher education,Married,Commercial associate,-15936,-307,,,0.7600918776716425,0.6221596475241378
101837,0,F,N,N,0,241200.0,784400.0,28205.5,Secondary / secondary special,Married,Commercial associate,-11668,-1467,,0.4612106760283634,0.5477829286960106,0.9182883716455781
101838,1,F,N,Y,1,228700.0,496800.0,18049.4,Higher education,Married,Working,-14602,-168,,,0.6849468250836108,0.5576784907410025
101839,0,M,Y,Y,1,148900.0,353500.0,15982.9,Secondary / secondary special,Single / not married,Pensioner,-9530,365243,15.5,0.7695700260202861,0.5969424954918721,0.7172202434534053
101840,0,M,N,N,0,279600.0,1361800.0,46829.0,Higher education,Married,Pensioner,-9557,365243,,0.6646200221091947,0.459285559913486,
101841,0,F,N,Y,0,115700.0,504200.0,23798.1,Secondary / secondary special,Married,Commercial associate,-24271,-499,,,0.5002239227526986,0.536657207262628
101842,0,F,Y,Y,0,212900.0,905000.0,48350.2,Higher education,Married,Working,-19873,-163,16.1,,0.34894498506003985,0.903538578142789
101843,0,F,N,N,0,118000.0,255500.0,11025.9,Secondary / secondary special,Married,Commercial associate,-18867,-2055,,,0.40906541983423944,0.4355025758586753
101844,0,M,Y,Y,1,106200.0,215500.0,10223.6,Higher education,Single / not married,Commercial associate,-15958,-502,12.7,0.8351824220735147,0.8495221095425572,
101845,0,F,Y,Y,0,212000.0,782500.0,32657.6,Secondary / secondary special,Single / not married,Pensioner,-16257,365243,8.8,,0.7565593258066794,0.9071532802828786
101846,0,F,N,Y,1,178900.0,1121100.0,63868.9,Secondary / secondary special,Widow,Working,-21205,-45,,0.6560360181753585,0.8280245094992202,0.44166357394024747
101847,0,F,Y,Y,0,195500.0,704300.0,23900.9,Secondary / secondary special,Married,Pensioner,-8588,365243,1.6,,0.6566524629869422,0.8990088466650406
101848,0,F,N,N,0,75400.0,453800.0,15730.7,Secondary / secondary special,Married,Pensioner,-19371,365243,,0.7977998125127982,0.8422554034061295,0.4675181798014659
101849,0,F,Y,Y,0,234000.0,1483000.0,56907.8,Secondary / secondary special,Civil marriage,Working,-17321,-2153,5.1,,0.8246065148065085,0.5382361155251867
101850,0,M,Y,Y,0,199700.0,410500.0,38400.9,Secondary / secondary special,Single / not married,Commercial associate,-13047,-142,9.0,0.8833236258664507,0.5834416891766615,0.27681075610587935
101851,0,F,Y,N,0,122900.0,752400.0,49281.8,Incomplete higher,Married,Working,-11451,-1198,11.4,,0.8796390119449015,0.633889763157503
101852,0,M,Y,N,0,191400.0,977500.0,34051.7,Higher education,Married,Working,-22778,-941,15.6,,0.4235069080336598,0.5155746516877405
101853,0,F,N,Y,0,241200.0,476500.0,18168.6,Higher education,Married,Commercial associate,-24002,-1004,,0.6167192885630436,0.4240342399104904,0.5425671594808523
101854,0,M,N,Y,0,105700.0,543200.0,36069.0,Secondary / secondary special,Married,Working,-9350,-411,,0.6583339922765946,0.24935647558765947,0.7216427447233302
101855,0,M,N,N,0,106100.0,420800.0,19623.4,Secondary / secondary special,Married,Working,-10647,-4073,,0.5982840209955518,0.5293121967942235,0.5657674197334859
101856,0,M,N,Y,0,129300.0,284300.0,26978.5,Secondary / secondary special,Married,Commercial associate,-19366,-35,,,0.7538259078592261,0.8038491290277006
101857,0,F,N,Y,0,54200.0,145800.0,5486.1,Secondary / secondary special,Separated,State servant,-21240,-884,,,0.565143979706552,0.7341626401650113
101858,0,F,Y,Y,0,170900.0,861700.0,43336.2,Secondary / secondary special,Married,Working,-16284,-111,18.1,0.6515408717059816,0.3113335597312481,0.8199922220528513
101859,0,F,Y,N,0,221900.0,687000.0,34681.4,Higher education,Single / not married,Working,-23920,-1739,0.9,,0.4535061602415105,
101860,0,F,N,Y,1,190300.0,1191200.0,93099.1,Secondary / secondary special,Married,Working,-22976,365243,,,0.7390603875039499,
101861,0,F,N,Y,0,182700.0,1023300.0,95807.7,Secondary / secondary special,Married,Working,-9883,-72,,,0.5752955258283903,0.6525607816744583
101862,0,M,N,N,0,233400.0,996600.0,34506.7,Secondary / secondary special,Civil marriage,Pensioner,-10167,-965,,0.610264157443688,0.6171500314197004,
101863,0,M,N,Y,0,140800.0,651800.0,26475.6,Secondary / secondary special,Married,Working,-9176,-1947,,,0.6417530394924941,
101864,1,F,N,Y,0,72600.0,442500.0,29036.2,Secondary / secondary special,Married,Commercial associate,-23018,-1562,,,0.30654646062618995,0.7661553802746401
101865,0,F,Y,Y,0,156100.0,484300.0,46160.1,Secondary / secondary special,Married,Working,-17446,-71,17.0,0.3323147885556977,0.8216672683164541,0.6593688769198721
101866,0,M,Y,N,0,264500.0,1466700.0,64559.4,Secondary / secondary special,Married,Unemployed,-24174,365243,1.2,,0.6542974336856409,0.7928615196156849
101867,1,M,Y,Y,1,173300.0,648800.0,23697.9,Secondary / secondary special,Civil marriage,Working,-20455,-5863,4.0,,0.5034912336621312,0.6935843577973337
101868,0,F,N,Y,0,124600.0,729700.0,37602.0,Higher education,Single / not married,State servant,-20503,-240,,,0.7039613120558463,0.33773795197405193
101869,0,F,N,Y,0,209600.0,382700.0,16409.9,Academic degree,Single / not married,Commercial associate,-9864,-1394,,0.38675738465047216,0.582449449282416,0.31785892851219655
101870,0,M,N,Y,0,175200.0,891700.0,30675.2,Secondary / secondary special,Married,State servant,-9590,-537,,,0.7168246979891016,0.6468545300512947
101871,0,F,Y,N,0,133600.0,740500.0,37641.0,Secondary / secondary special,Civil marriage,Working,-23991,-2078,16.1,0.8045561030408582,0.35300392891815147,0.5552268805578296
101872,0,F,N,Y,1,155400.0,709600.0,27034.3,Secondary / secondary special,Married,Pensioner,-16131,-856,,,0.8429948217694434,0.36025282322097985
101873,0,M,N,Y,0,127700.0,379000.0,22370.8,Higher education,Married,Working,-25095,-646,,0.5684452535603343,0.5045997276942237,0.5324696778150184
101874,0,M,N,N,1,194200.0,435000.0,42452.1,Secondary / secondary special,Civil marriage,Commercial associate,-13333,-4497,,,0.4963895224842463,0.6945747149780982
101875,0,M,N,Y,0,98200.0,510200.0,18856.2,Secondary / secondary special,Married,Commercial associate,-18564,-2010,,0.5439120191211515,0.7002006942427225,0.5766392739230142
101876,1,M,Y,Y,0,170800.0,365600.0,12613.4,Secondary / secondary special,Married,Working,-17712,-4206,8.7,0.16241760160371455,0.6018504646297401,
101877,0,F,Y,N,1,217800.0,1246200.0,111695.2,Higher education,Civil marriage,Working,-8863,-2289,4.1,0.6804876214032789,0.7267356928237871,
101878,0,F,N,Y,1,163900.0,656500.0,28560.0,Secondary / secondary special,Married,Working,-16766,-858,,,0.8574650869033675,0.5748251770089685
101879,0,F,N,Y,0,164700.0,561700.0,23253.0,Secondary / secondary special,Married,Pensioner,-23876,-2607,,0.47145885901414736,0.6767351032559904,
101880,0,F,N,Y,0,152000.0,407900.0,14928.6,Secondary / secondary special,Married,Working,-15627,-713,,0.8997350938851267,0.756333522552352,0.31104029724199617
101881,0,F,N,Y,2,187300.0,296300.0,12614.5,Secondary / secondary special,Civil marriage,Working,-15956,-2012,,0.6020913505822811,0.6211364009358238,0.3181560871110508
101882,1,F,N,Y,0,125300.0,755100.0,28567.2,Secondary / secondary special,Married,Commercial associate,-19957,-3510,,0.80052783822553,0.6783909097107048,0.22021559477188296
101883,0,F,N,Y,1,138900.0,628100.0,25452.0,Higher education,Married,Commercial associate,-21357,-6908,,,0.6463715909191485,
101884,0,M,Y,N,1,98200.0,491400.0,27853.3,Secondary / secondary special,Married,Working,-22186,-5340,7.7,,0.6260015436372494,0.6166559848124185
101885,0,F,Y,N,1,130400.0,830500.0,65530.3,Higher education,Married,Working,-15594,-1702,14.2,,0.7454210705701376,
101886,0,F,N,N,1,59800.0,155100.0,5561.0,Higher education,Married,Commercial associate,-15454,-984,,0.4361947455039671,0.6987600574794993,0.8210216708546849
101887,0,F,N,Y,1,149200.0,270600.0,9320.3,Secondary / secondary special,Civil marriage,Pensioner,-15969,365243,,0.7986789858859817,0.3953658246064255,0.47400498837059096
101888,0,F,Y,Y,0,194300.0,762400.0,72779.7,Higher education,Single / not married,Working,-24658,-1411,9.5,0.7326017563845187,0.7567859292516462,0.43440724082572013
101889,0,M,Y,N,0,142900.0,515200.0,21387.6,Higher education,Civil marriage,Working,-23960,-5692,11.9,0.4975607942279887,0.7478667856303434,0.7429594827074956
101890,0,F,Y,Y,1,222900.0,405400.0,33900.8,Secondary / secondary special,Single / not married,Commercial associate,-18588,-415,13.6,,0.7950979398425124,0.5256219947319513
101891,0,F,Y,N,0,268600.0,1037200.0,42922.1,Secondary / secondary special,Married,Working,-12655,-4185,16.7,0.615029436480058,0.6460996506036819,0.5739645148157271
101892,0,M,Y,N,2,146200.0,615000.0,43068.2,Incomplete higher,Married,Pensioner,-23456,365243,20.0,,0.7264544646011292,
101893,0,F,Y,Y,1,94000.0,195900.0,6629.3,Higher education,Married,Pensioner,-10666,365243,15.2,,0.5643804765579277,0.5934531219809553
101894,0,F,N,Y,0,240700.0,1197800.0,48166.8,Secondary / secondary special,Married,Pensioner,-9541,365243,,,0.5857751049209581,0.7997014728748153
101895,0,F,N,Y,0,219700.0,709300.0,29499.1,Secondary / secondary special,Single / not married,Working,-14938,-794,,,0.6800206876683217,0.8043263844865723
101896,0,F,N,Y,1,180200.0,778800.0,54182.3,Higher education,Married,Working,-19684,-1221,,,0.6255974410959121,
101897,0,M,N,Y,0,116300.0,544900.0,36900.4,Secondary / secondary special,Single / not married,Commercial associate,-8592,-1336,,,0.5980033163705742,0.9113421959360383
101898,0,F,Y,Y,1,174600.0,574600.0,27217.0,Secondary / secondary special,Married,Working,-13155,-695,8.3,0.6110284190667568,0.3675283018748311,0.6935441601062916
101899,0,F,N,N,1,128000.0,662700.0,50158.1,Secondary / secondary special,Married,Working,-21417,-3594,,0.8002230624825256,0.43397542754141466,
101900,0,F,N,Y,1,105900.0,505800.0,30934.9,Secondary / secondary special,Widow,Working,-19227,-1588,,,0.780736673875073,0.7628889455761633
101901,1,F,N,Y,1,173100.0,309500.0,10932.5,Secondary / secondary special,Married,Working,-9151,-2576,,,0.4799677410051946,0.7834096144997509
101902,0,F,Y,N,0,95000.0,206200.0,10798.4,Secondary / secondary special,Married,Working,-11208,-1316,17.4,0.6331482813669442,0.31710368970051245,0.6469934104832764
101903,0,M,Y,N,0,206900.0,356700.0,21197.1,Secondary / secondary special,Married,Working,-20383,-390,12.8,,0.32275873953073075,0.5281801026187988
101904,0,F,N,N,1,167200.0,977900.0,36018.4,Secondary / secondary special,Married,Working,-9715,-841,,,0.4993528086358871,0.5152652260309624
101905,0,F,N,Y,1,140100.0,454800.0,19464.2,Secondary / secondary special,Married,Commercial associate,-7840,-1100,,,0.5194676739964709,0.879799141518308
101906,0,F,Y,N,1,144500.0,600200.0,31554.3,Secondary / secondary special,Widow,Working,-25073,-828,5.6,,0.5245055239793487,0.6020690559793864
101907,0,F,N,N,0,90900.0,376500.0,14819.9,Secondary / secondary special,Civil marriage,Commercial associate,-18433,-4544,,0.8120632893939506,0.5966383185002821,0.7582736511705583
101908,0,F,N,N,0,93300.0,360600.0,25313.7,Secondary / secondary special,Single / not married,Commercial associate,-15190,-1512,,,0.8415798544908417,0.6365326501507715
101909,0,M,N,Y,0,321200.0,1123600.0,92716.6,Higher education,Single / not married,Commercial associate,-18138,-333,,0.8072107590207217,0.717278104340639,0.29726162179534915
101910,0,M,Y,Y,0,137600.0,444000.0,28125.0,Secondary / secondary special,Married,Pensioner,-19419,365243,12.2,0.3815138322468457,0.5471267406280033,0.4170368364713152
101911,0,F,N,Y,1,77600.0,217000.0,13294.7,Higher education,Separated,State servant,-16357,-1069,,,0.41030350274300853,0.8429037333332019
101912,0,F,N,Y,2,222600.0,597100.0,21320.9,Secondary / secondary special,Married,Working,-19207,-1204,,,0.47782083222817656,0.5907849988445888
101913,0,M,Y,Y,0,92900.0,439400.0,14957.2,Secondary / secondary special,Married,Working,-20092,-3605,11.9,0.7189068876760252,0.5782065626341752,0.7620508662211968
101914,0,F,N,N,1,190900.0,957000.0,86321.4,Higher education,Separated,Pensioner,-10816,-950,,0.44519126788284713,0.5614567058843251,0.6470333413009416
101915,0,F,N,Y,0,285900.0,777100.0,27923.7,Secondary / secondary special,Married,Pensioner,-15098,365243,,,0.7041635731414747,0.8068875457758262
101916,0,F,N,N,2,133600.0,291700.0,10990.7,Incomplete higher,Married,Working,-13010,-1516,,,0.7286489948088518,0.7799914065330757
101917,0,M,Y,Y,0,248000.0,1329200.0,96437.1,Secondary / secondary special,Single / not married,State servant,-21649,-154,15.1,,0.5256106119404259,0.6212679620027629
101918,0,M,N,N,0,204900.0,383000.0,19665.1,Higher education,Married,Pensioner,-21168,365243,,,0.8062228374314436,0.6752597829168987
101919,0,F,N,Y,1,298900.0,1272800.0,64626.2,Secondary / secondary special,Married,Pensioner,-21881,365243,,,0.5669432045195705,0.3460880937358469
101920,0,M,Y,Y,1,191300.0,751500.0,53197.5,Higher education,Married,Working,-15340,-2109,1.5,0.6597439702171165,,0.3938497011326969
101921,0,F,Y,Y,0,116100.0,578400.0,32787.7,Secondary / secondary special,Married,Working,-17756,-282,5.8,,0.9033038260038351,0.5159878367482266
101922,0,F,Y,N,0,57700.0,316300.0,23918.8,Secondary / secondary special,Married,Working,-20040,-863,6.1,,0.8070994845650168,
101923,0,F,Y,Y,0,103100.0,630000.0,29710.7,Secondary / secondary special,Married,Working,-13317,-675,3.8,0.6862998264528043,0.6751051447439216,0.8990448156038011
101924,0,F,N,Y,1,117500.0,337100.0,20079.1,Higher education,Married,Working,-24811,-3604,,,0.816317483366206,0.3383395806260423
101925,0,F,N,N,1,230200.0,389500.0,20245.5,Secondary / secondary special,Married,Working,-14308,-1574,,,0.3770232682206755,0.5227216712229111
101926,0,F,Y,Y,2,254300.0,1105400.0,55525.2,Secondary / secondary special,Married,Pensioner,-17085,-1252,17.7,0.37348359008248583,0.6198957122565582,0.694947020693663
101927,0,F,N,Y,1,89900.0,307000.0,14971.1,Secondary / secondary special,Married,Commercial associate,-22165,-684,,,0.5334096788523238,0.8322417899551363
101928,0,M,Y,Y,0,255300.0,949800.0,69429.3,Secondary / secondary special,Married,Commercial associate,-20768,-3095,14.6,,0.5215985143195826,0.6377187803506964
101929,0,F,N,Y,2,104000.0,593200.0,57817.1,Higher education,Married,Working,-16463,-973,,,0.5097992359597673,0.7530305693858823
101930,0,F,N,Y,1,101200.0,334500.0,15585.6,Secondary / secondary special,Married,State servant,-14829,-1141,,,0.8085343710513825,0.662515191822046
101931,0,F,N,Y,0,79000.0,331500.0,20621.3,Secondary / secondary special,Married,State servant,-18839,-1645,,,0.7839998677939826,
101932,0,F,N,Y,0,171400.0,373300.0,33059.9,Higher education,Civil marriage,Commercial associate,-15309,-73,,0.7730117889809173,0.9611629920453753,0.5724749686776051
101933,0,M,N,Y,0,113100.0,617900.0,35284.1,Secondary / secondary special,Married,Working,-18049,-916,,,0.8685488773158181,0.6456786368311358
101934,0,M,Y,N,0,265900.0,1050100.0,35270.8,Secondary / secondary special,Married,Working,-21695,-1605,19.4,,0.5191707110961761,0.7915030958458804
101935,0,M,Y,N,0,97900.0,306500.0,13707.1,Secondary / secondary special,Married,Commercial associate,-9805,-1108,15.1,,0.6458690653841319,0.43764800864929
101936,0,F,N,Y,0,204700.0,754500.0,30844.9,Secondary / secondary special,Married,Pensioner,-19896,365243,,,0.7945043003630438,0.5653608622842644
101937,0,F,Y,Y,0,85300.0,230300.0,8569.5,Higher education,Married,State servant,-8614,-30,3.3,,0.8856859830134627,0.8905709981683496
101938,0,F,N,Y,0,234300.0,1010300.0,42928.3,Higher education,Single / not married,Working,-20538,-157,,0.33052112660739164,0.5254472890431754,0.8116672169363028
101939,0,F,Y,N,1,155200.0,407800.0,21682.9,Higher education,Single / not married,Working,-11337,-3528,4.7,,,0.7163715200646515
101940,0,F,N,Y,1,168000.0,553300.0,20223.3,Secondary / secondary special,Married,Working,-16320,-259,,0.5884660749329378,0.5608432565807813,
101941,0,F,N,Y,0,125300.0,242200.0,15040.4,Secondary / secondary special,Married,Working,-12351,-1652,,0.818944038971899,0.4552470886011506,0.5322948471047935
101942,0,F,N,Y,2,122200.0,366700.0,24303.3,Secondary / secondary special,Widow,Commercial associate,-13313,-201,,0.4942646723718347,0.7469522989691367,0.43595008234094246
101943,0,F,N,Y,1,184200.0,627800.0,41312.2,Secondary / secondary special,Married,Commercial associate,-18693,-1177,,0.6077784446936109,0.8379666349508248,0.5311842663041143
101944,0,F,Y,N,0,332300.0,1791400.0,105486.8,Secondary / secondary special,Married,Pensioner,-15229,365243,7.7,0.84433908940861,0.4729769739236669,0.7611559478481519
101945,1,M,Y,Y,0,91800.0,435400.0,17043.2,Secondary / secondary special,Married,Working,-16218,-1233,0.8,0.43690844326985795,0.5800267625482957,0.3680489345011476
101946,0,M,N,Y,1,126300.0,264000.0,21713.5,Incomplete higher,Married,Working,-25183,-3159,,0.7484833124440456,0.6143767282667523,
101947,0,F,N,Y,1,111800.0,504200.0,24634.0,Secondary / secondary special,Single / not married,Commercial associate,-9802,-835,,,0.6968460139340037,0.7686641881486286
101948,0,M,N,Y,0,74600.0,277000.0,12586.8,Secondary / secondary special,Married,Pensioner,-14407,365243,,0.37974128907219656,0.8614729327952114,0.43483819021198816
101949,0,F,N,Y,0,74200.0,265500.0,9281.1,Higher education,Married,Pensioner,-16965,365243,,0.66800784028967,0.6797073609203881,
101950,0,M,N,N,0,105900.0,214000.0,12103.5,Secondary / secondary special,Married,Pensioner,-21936,365243,,,0.5827223036629878,
101951,0,M,Y,Y,0,123200.0,544900.0,27872.6,Secondary / secondary special,Separated,Working,-12621,-596,17.1,0.5061939814387321,0.885243750733672,
101952,0,F,Y,Y,1,278500.0,661000.0,27815.4,Secondary / secondary special,Married,Working,-14575,-3705,14.8,0.57284237083341,0.34445859803619944,0.7493932791840082
101953,0,M,N,Y,0,229900.0,665800.0,50020.9,Incomplete higher,Married,Commercial associate,-22068,-2514,,0.4608814362545127,0.5215838673679162,0.6330792605959451
101954,0,M,N,Y,0,101800.0,569800.0,31393.7,Secondary / secondary special,Married,State servant,-16968,-51,,0.48150832338706345,0.5596345342350051,0.6132087810912822
101955,0,M,N,N,0,208500.0,372500.0,35026.8,Secondary / secondary special,Married,Working,-22678,-836,,,0.4320057744177192,0.6213814593652759
101956,0,M,N,Y,0,102800.0,554900.0,55289.3,Secondary / secondary special,Married,Working,-8798,-2223,,0.6067417377978205,0.8636533971506295,0.7247907553632688
101957,0,F,N,Y,0,141600.0,488300.0,26408.9,Secondary / secondary special,Married,Working,-12703,-3406,,0.5381106065726378,0.7840760595737244,0.47799472075153143
101958,0,F,N,Y,0,170400.0,498000.0,18918.8,Secondary / secondary special,Widow,Commercial associate,-17448,-746,,0.43206021083674684,0.7949092544847288,
101959,0,M,Y,N,0,380600.0,1530800.0,86588.3,Secondary / secondary special,Single / not married,Commercial associate,-9808,-561,11.5,,0.6288403219717721,0.49977340886146265
101960,0,F,N,N,0,166200.0,470100.0,22319.5,Secondary / secondary special,Married,Working,-16116,-96,,,0.8844254165818645,0.639603613454575
101961,0,F,N,Y,1,75700.0,432600.0,22270.3,Higher education,Widow,Working,-7979,-1404,,0.8244739885443365,0.7855322460345996,0.7141968354368321
101962,0,F,N,Y,0,205800.0,354800.0,19078.2,Secondary / secondary special,Married,Commercial associate,-16517,-156,,,0.781370684365529,
101963,0,F,Y,N,0,245700.0,1192500.0,53610.2,Secondary / secondary special,Single / not married,Working,-23805,-1344,9.0,,0.7975012884855458,0.8018726508718103
101964,0,F,N,N,0,219700.0,1214700.0,41897.6,Secondary / secondary special,Single / not married,Working,-24296,-3391,,0.5566508577608799,0.47749829371750335,
101965,1,M,N,Y,0,94100.0,242100.0,11519.0,Secondary / secondary special,Civil marriage,Commercial associate,-13264,-1032,,,0.5933045835774091,0.35146060155279585
101966,0,F,Y,N,0,155700.0,833800.0,30911.2,Secondary / secondary special,Married,Working,-7730,-398,5.3,,0.701001337995363,0.7746304033404772
101967,0,M,Y,Y,2,146100.0,548600.0,32849.2,Secondary / secondary special,Single / not married,Working,-23662,-791,6.6,0.8049507836661075,0.5679504282977665,0.7987881559892248
101968,0,M,Y,Y,0,326500.0,2104300.0,135110.4,Secondary / secondary special,Married,Working,-17614,-102,19.2,0.8270402545744723,0.5775106021535016,
101969,0,F,N,Y,0,194400.0,657900.0,56784.8,Secondary / secondary special,Married,Working,-17849,-649,,0.5322579445823548,0.7235954347604937,0.7109348684079955
101970,0,F,N,Y,0,318900.0,991700.0,45753.0,Secondary / secondary special,Separated,Working,-21960,-547,,,0.7991580070733743,0.6532346798891735
101971,1,F,Y,Y,0,107000.0,638200.0,25801.5,Secondary / secondary special,Married,Working,-14566,-3825,19.2,0.4658140528018351,0.45898912093544014,0.673086148162238
101972,0,M,N,Y,1,133600.0,641000.0,28395.9,Secondary / secondary special,Married,Working,-15035,-878,,,0.505440454091768,0.7528434571600796
101973,0,M,N,N,0,115600.0,619500.0,22938.4,Secondary / secondary special,Married,Commercial associate,-22598,-2410,,,0.6229129357170119,0.8116746852602841
101974,0,F,N,N,0,228800.0,818900.0,57596.2,Higher education,Married,Pensioner,-16287,365243,,0.7941303802444981,0.7001496635713779,0.5228324716992281
101975,0,F,N,Y,0,245900.0,974100.0,41805.7,Secondary / secondary special,Civil marriage,Working,-20570,-326,,,,0.7394604776159466
101976,0,F,N,Y,0,175600.0,1125800.0,56528.8,Higher education,Married,Commercial associate,-23537,-1450,,,0.682871001917914,0.696073328516383
101977,0,F,N,Y,0,153700.0,645800.0,39570.4,Secondary / secondary special,Married,Working,-14570,-1388,,,0.41352659294076893,0.8793529155251125
101978,0,M,Y,Y,0,177700.0,930000.0,47096.5,Academic degree,Single / not married,Pensioner,-23255,365243,16.2,0.46010562106481534,0.23619899927097238,0.5370338149371093
101979,0,M,N,Y,0,79100.0,506000.0,20712.1,Secondary / secondary special,Civil marriage,Working,-13410,-512,,0.719810427924666,0.4899094611413388,0.6996471278043613
101980,0,F,N,N,0,122400.0,628200.0,22585.1,Secondary / secondary special,Single / not married,Working,-23967,-198,,,0.725652028722177,0.9002179861233134
101981,0,M,N,Y,1,126900.0,643800.0,29250.8,Secondary / secondary special,Married,Working,-13024,-2904,,0.8083067619526656,0.5678290794781571,0.2630680742325706
101982,0,F,N,Y,0,146400.0,304200.0,13078.6,Secondary / secondary special,Married,Working,-11776,-1149,,0.6756560823169798,0.4834859497681172,0.3874986405936207
101983,0,M,N,N,1,109800.0,280900.0,9792.9,Secondary / secondary special,Single / not married,Working,-20307,-2481,,,0.5515675907353967,0.5302250797681517
101984,0,F,N,Y,0,100500.0,543700.0,21917.7,Secondary / secondary special,Separated,Working,-23834,-2531,,,0.44697767194727606,0.47844458044509325
101985,0,F,Y,Y,0,71700.0,459900.0,31890.6,Incomplete higher,Married,Commercial associate,-21137,-557,14.4,0.6413728375286941,0.8262913389745556,
101986,0,M,N,N,0,178900.0,656300.0,25904.6,Higher education,Married,Working,-20646,-1116,,,0.32497426252731815,0.4866168837408772
101987,1,F,Y,N,0,79400.0,421400.0,33532.1,Secondary / secondary special,Married,Working,-24729,-379,8.1,0.39880615629442584,0.5816977375357115,
101988,0,M,Y,Y,1,230900.0,359200.0,28321.6,Higher education,Married,Pensioner,-17443,365243,6.0,0.6694566695734736,0.9516835774247919,
101989,0,M,Y,Y,0,170400.0,361400.0,12454.3,Secondary / secondary special,Married,Working,-23231,-3001,15.9,,0.43781943342929447,0.6064270818466464
101990,0,F,Y,Y,0,219500.0,415600.0,33950.0,Secondary / secondary special,Married,Working,-8320,-1746,16.6,,0.7075467985398913,0.588169617955735
101991,0,F,N,Y,0,98600.0,200200.0,7534.9,Secondary / secondary special,Married,Commercial associate,-9987,-471,,,0.7731249674492479,0.5718986105304171
101992,1,M,N,Y,0,340700.0,609400.0,25913.2,Secondary / secondary special,Married,Working,-12430,-2174,,0.2921362238718968,0.5740110257404143,0.4894672943236656
101993,0,F,N,Y,0,399900.0,649400.0,25870.8,Higher education,Married,Pensioner,-24257,365243,,,0.736871323420758,
101994,0,F,Y,Y,0,149300.0,724600.0,34146.7,Higher education,Married,Working,-11122,-75,4.9,0.6127794469395066,0.3103097591458949,0.6291872713327549
101995,0,F,N,N,1,175800.0,650300.0,25843.4,Higher education,Separated,Working,-14386,-1170,,,0.5734356392396923,
101996,0,M,N,Y,4,146400.0,616500.0,21190.6,Secondary / secondary special,Married,Pensioner,-8293,365243,,,0.808885826280687,0.7423053309683215
101997,0,F,Y,N,0,231700.0,742300.0,29882.1,Secondary / secondary special,Single / not married,Pensioner,-9041,365243,7.9,0.6794031314799949,0.730094205673503,0.7084327132467083
101998,0,F,N,Y,0,210400.0,737500.0,44976.3,Higher education,Single / not married,Commercial associate,-17885,-1335,,,0.6164900349027089,0.3628975647441724
101999,0,M,N,N,0,66200.0,152200.0,5458.6,Secondary / secondary special,Civil marriage,Working,-9383,-732,,,0.5650047607060995,
102000,0,F,Y,Y,1,101500.0,478200.0,24432.6,Higher education,Civil marriage,Commercial associate,-23435,-3018,12.6,0.3042803018479132,0.3463223182984311,0.6477772266944325
102001,0,M,N,Y,1,175700.0,380700.0,28879.4,Secondary / secondary special,Civil marriage,State servant,-23200,-162,,,0.27618919893333116,0.8440718683759986
102002,0,F,N,N,0,208600.0,1232000.0,43837.4,Higher education,Married,Working,-18578,-1326,,,0.4472089116757386,
102003,0,M,Y,N,0,157500.0,458700.0,25106.6,Secondary / secondary special,Married,State servant,-14617,-2209,0.2,0.5236571354237181,0.6061559884535508,0.8580283811116451
102004,0,M,N,Y,0,68600.0,192400.0,12848.1,Secondary / secondary special,Civil marriage,Commercial associate,-23235,-62,,,0.5715027189871015,
102005,0,F,N,Y,0,189200.0,470100.0,20621.7,Secondary / secondary special,Married,Pensioner,-16222,-1603,,,0.44486205997739775,0.6548659438527658
102006,0,M,N,Y,0,334800.0,682000.0,22802.1,Secondary / secondary special,Single / not married,Working,-11012,-676,,0.8706210523620983,0.2920125922497731,0.8763068975599743
102007,0,F,N,Y,0,52400.0,144300.0,5369.8,Secondary / secondary special,Married,Pensioner,-13730,365243,,,0.5067924354631045,0.6903838497501408
102008,0,F,N,Y,0,224700.0,1457900.0,97069.5,Higher education,Married,Pensioner,-14036,365243,,,0.4976690799895118,0.4741525781537429
102009,0,F,N,N,0,335900.0,544400.0,22445.1,Secondary / secondary special,Married,Pensioner,-17835,365243,,,,0.5237271979667626
102010,0,M,N,Y,0,225200.0,892900.0,59172.8,Secondary / secondary special,Single / not married,State servant,-14704,-1220,,0.7386685788015906,0.6980740654028939,0.7536003080097343
102011,0,F,N,Y,0,142000.0,464600.0,22947.3,Secondary / secondary special,Married,Pensioner,-22016,365243,,0.6410537730325008,0.924991927942808,0.7987460933381545
102012,0,F,N,Y,0,220500.0,1188800.0,92797.6,Secondary / secondary special,Married,Commercial associate,-18654,-71,,0.4697209303092311,0.8953367617621061,0.5780275489972975
102013,0,F,Y,N,1,141600.0,648000.0,41080.7,Secondary / secondary special,Married,Commercial associate,-12090,-925,18.3,0.5369917338888199,0.8404888657464411,0.8146011716159809
102014,0,F,N,Y,1,187900.0,310000.0,10399.4,Higher education,Single / not married,Pensioner,-14719,365243,,0.6574212102864263,0.7527898753091519,
102015,0,F,N,Y,0,152900.0,290700.0,15218.1,Higher education,Separated,Commercial associate,-20350,-75,,,0.3629107779306979,
102016,0,F,N,Y,2,154800.0,741500.0,29851.9,Higher education,Married,Commercial associate,-11917,-5019,,,0.6223394903375254,0.38336427874179685
102017,0,F,N,Y,1,104500.0,517300.0,27564.6,Secondary / secondary special,Married,Commercial associate,-9276,-1004,,,0.2494671168415537,0.656905248021714
102018,0,F,N,Y,1,119600.0,560600.0,55863.1,Secondary / secondary special,Single / not married,Pensioner,-20138,365243,,0.805213839186665,0.5858501150408246,0.513685908036628
102019,1,F,N,Y,2,305900.0,1461000.0,63287.1,Secondary / secondary special,Married,Working,-14799,-1232,,0.6899302472707147,0.5050653373654437,0.48518720581126024
102020,0,F,Y,Y,1,111400.0,632400.0,34401.8,Secondary / secondary special,Married,Commercial associate,-9849,-494,15.5,,0.2930007193113021,
102021,0,M,Y,N,0,61100.0,208500.0,13691.3,Secondary / secondary special,Single / not married,Commercial associate,-16076,-5762,3.7,0.8796918462256736,0.9173073705723459,
102022,0,F,N,Y,0,716400.0,2215700.0,159247.5,Secondary / secondary special,Civil marriage,Pensioner,-17493,365243,,,0.7830899259744389,
102023,0,F,N,Y,1,121000.0,678100.0,34384.3,Secondary / secondary special,Married,Working,-8121,-275,,0.8054558559437722,0.5927124333470881,0.8805264280231124
102024,0,F,Y,Y,0,130500.0,413300.0,14786.2,Secondary / secondary special,Married,Commercial associate,-21540,-778,3.1,0.6521058409616445,0.7311446500356876,
102025,0,F,Y,Y,1,122900.0,773600.0,45987.9,Secondary / secondary special,Married,Working,-16287,-6,14.3,,0.7397003579215216,0.6951785077758302
102026,0,F,Y,Y,1,148300.0,756800.0,35516.9,Secondary / secondary special,Separated,Commercial associate,-8118,-1543,18.1,0.9062854682920746,0.5645763198048774,0.6332635302397149
102027,0,M,N,Y,0,104700.0,524600.0,47575.3,Higher education,Civil marriage,Pensioner,-22779,365243,,0.6437111727737964,0.723150322868068,
102028,0,F,N,Y,0,287900.0,1738000.0,71094.4,Secondary / secondary special,Married,Commercial associate,-17930,-3496,,0.8638682639319476,0.4940915721080799,0.7942391580808691
102029,0,F,N,Y,1,134600.0,717800.0,27977.2,Secondary / secondary special,Widow,Commercial associate,-24557,-2126,,0.8140750362946303,0.4013911900322237,0.565325947473269
102030,0,F,Y,Y,1,92000.0,157700.0,8986.2,Secondary / secondary special,Married,Working,-12600,-192,3.8,0.4370790938424555,0.5157973891459682,0.5163327881296642
102031,0,F,Y,Y,0,40500.0,153500.0,8169.8,Secondary / secondary special,Single / not married,Commercial associate,-14904,-332,6.7,0.6592619903912732,0.771787596024008,0.6102159098247766
102032,0,F,Y,Y,0,241000.0,816900.0,71742.6,Secondary / secondary special,Single / not married,Pensioner,-19292,365243,5.5,,0.6360466728585237,
102033,0,F,N,Y,1,120800.0,438100.0,15420.1,Secondary / secondary special,Civil marriage,Commercial associate,-23694,-3474,,,0.7376557475063736,0.6028196212388167
102034,0,F,Y,Y,2,174400.0,507100.0,24125.7,Secondary / secondary special,Single / not married,Working,-21540,-1078,5.3,,0.7324585517738497,0.22172650588530896
102035,0,F,Y,Y,0,96900.0,252600.0,19744.0,Higher education,Married,Working,-18943,-1145,0.4,,0.3144988977042338,
102036,0,M,N,N,0,153600.0,647400.0,26020.4,Higher education,Married,Commercial associate,-21617,-1172,,,0.520458955116449,0.6502405821163525
102037,0,M,N,N,1,145500.0,758700.0,29669.8,Secondary / secondary special,Married,Working,-9333,-1650,,,0.6997617446048955,0.6029985263362776
102038,0,F,N,Y,2,222900.0,539600.0,38470.2,Secondary / secondary special,Civil marriage,Commercial associate,-20366,-3528,,0.5244874617276423,0.8574683887049442,0.8096554728713978
102039,0,F,Y,Y,0,158700.0,457100.0,23970.2,Secondary / secondary special,Married,Pensioner,-17814,365243,9.4,,0.604123353633426,
102040,0,M,Y,N,2,88800.0,428400.0,22706.3,Incomplete higher,Married,Pensioner,-12478,365243,12.8,,0.7888713491902724,0.24835708110914914
102041,0,F,N,N,0,434100.0,2101400.0,120399.2,Secondary / secondary special,Married,Working,-11852,-812,,,0.6163584851856017,0.5382922129096772
102042,0,M,N,Y,0,179100.0,345800.0,12668.6,Secondary / secondary special,Married,Working,-12724,-2895,,,0.8117950599759359,0.7950091034412742
102043,0,F,N,Y,0,96300.0,181800.0,7530.5,Secondary / secondary special,Married,Commercial associate,-9824,-3249,,0.643713463198261,0.8743664355410111,0.5787973222013996
102044,0,M,N,N,1,160300.0,639100.0,23094.9,Higher education,Married,Pensioner,-12460,-1054,,,0.49405228852658106,0.7118737193915363
102045,0,M,N,N,1,175600.0,998000.0,48449.8,Secondary / secondary special,Married,Working,-8919,-78,,,0.5948953541064587,0.46861015086935776
102046,0,F,Y,N,1,183100.0,477800.0,18245.3,Secondary / secondary special,Married,Working,-19464,-861,18.3,,0.5767605056243811,0.5952094015444256
102047,0,F,N,Y,1,173400.0,1125700.0,76389.6,Secondary / secondary special,Married,Commercial associate,-16651,-1667,,0.4843768480826422,0.39871200941402907,0.8260383999676865
102048,0,F,Y,Y,1,164500.0,1068400.0,68525.3,Higher education,Separated,Working,-9908,-217,17.4,,0.7997835698855299,0.4066862062442846
102049,0,F,Y,N,0,222600.0,1005000.0,50572.1,Secondary / secondary special,Married,Working,-19893,-677,1.3,0.564921325505911,0.6938791561628507,0.6612620844684648
102050,0,F,Y,Y,0,204300.0,1287700.0,64959.2,Incomplete higher,Single / not married,State servant,-10791,-1430,19.9,0.684002019203831,0.8447195812630941,0.7648600605399813
102051,0,M,N,Y,0,206100.0,714000.0,65687.8,Higher education,Separated,Working,-16346,-3930,,,0.8404440911591281,0.35414095015260977
102052,0,F,N,N,0,66200.0,265400.0,12222.9,Secondary / secondary special,Married,Working,-23801,-888,,0.8382906944311345,,0.7132103285971959
102053,0,F,Y,Y,0,67500.0,338600.0,32836.0,Higher education,Married,Working,-21010,-2442,0.7,0.671610199428377,0.7825754964279604,0.5024111934647255
102054,0,M,Y,Y,0,103100.0,191100.0,13787.8,Higher education,Married,Working,-17911,-6779,3.7,0.7453371998229092,0.8082168126304561,0.7395146571333732
102055,0,F,N,Y,0,131700.0,703900.0,43231.5,Secondary / secondary special,Married,Working,-17925,-622,,0.6253943377535816,0.31985636323010386,0.6882640602014797
102056,0,F,N,Y,0,104600.0,646800.0,24174.6,Higher education,Married,Working,-8795,-2221,,,0.6414269671748581,0.543075605332714
102057,0,M,Y,Y,1,93200.0,405500.0,29133.0,Secondary / secondary special,Civil marriage,Working,-15156,-2979,11.2,,0.5943259915734617,0.5714425169752392
102058,0,F,Y,Y,0,164000.0,425600.0,23890.4,Secondary / secondary special,Married,Commercial associate,-13054,-93,5.4,,0.6199086142767926,
102059,0,F,N,Y,1,99400.0,213800.0,9325.1,Secondary / secondary special,Married,Working,-15991,-239,,0.6963973881238698,0.6083484476581015,0.7586908007224529
102060,0,F,N,Y,0,49900.0,129200.0,9944.1,Higher education,Civil marriage,Commercial associate,-24350,-3318,,0.8596954605837629,0.7108303867597117,0.2816162052188775
102061,0,M,N,Y,2,79900.0,200300.0,17448.4,Higher education,Married,State servant,-21459,-1221,,,0.6488048372044928,0.7850948758566237
102062,0,F,Y,N,0,111900.0,649100.0,64011.2,Secondary / secondary special,Married,Unemployed,-18364,365243,14.9,0.7770574945903438,0.7126321583503687,
102063,0,F,Y,Y,2,131100.0,286400.0,9790.5,Secondary / secondary special,Single / not married,Working,-20024,-842,6.9,0.681256008393399,0.5810417639285548,
102064,0,F,N,N,0,220700.0,1401500.0,129879.3,Secondary / secondary special,Married,Working,-20479,-1595,,,0.5895023157628575,
102065,0,F,Y,Y,2,179100.0,966000.0,41907.3,Higher education,Married,Commercial associate,-15671,-1723,10.7,,0.8551716468438435,0.7405081887893442
102066,0,M,N,Y,0,59700.0,308200.0,30561.7,Secondary / secondary special,Married,Working,-22859,-1001,,0.46699783490660873,0.9001466876688858,
102067,0,F,Y,N,0,283100.0,1298500.0,48939.2,Secondary / secondary special,Single / not married,Pensioner,-18492,365243,12.5,,0.6976462597792459,0.5215087264838744
102068,0,M,N,N,0,134600.0,232100.0,9921.6,Secondary / secondary special,Civil marriage,Commercial associate,-20609,-1718,,,,0.7057972022851048
102069,0,F,N,Y,1,151900.0,773700.0,26142.0,Secondary / secondary special,Civil marriage,Working,-7863,-1261,,,0.6488057455064468,0.6879485796430496
102070,0,F,N,Y,0,155500.0,530700.0,18476.6,Secondary / secondary special,Married,Working,-17101,-2837,,0.8994510813241945,0.7018447843620248,0.8051575991903732
102071,0,M,N,Y,0,100300.0,212400.0,7248.1,Secondary / secondary special,Married,Pensioner,-14055,365243,,,0.41516184161493463,0.5861483951447859
102072,0,F,N,Y,2,189800.0,1074300.0,93138.4,Secondary / secondary special,Married,Commercial associate,-8641,-988,,0.6254587587811727,0.8228558910711671,0.3055532342408906
102073,0,F,Y,Y,2,61300.0,194200.0,8946.2,Higher education,Single / not married,Commercial associate,-18998,-1071,0.0,,0.6819819864870078,0.6114009665938034
102074,0,M,N,Y,0,269200.0,1214600.0,48717.1,Secondary / secondary special,Married,Commercial associate,-23953,-606,,0.5942071612300136,0.8413747609246576,0.7537345465955816
102075,0,F,Y,Y,1,160200.0,365600.0,29310.3,Secondary / secondary special,Married,Working,-20516,-4144,17.6,,0.6093860924090752,0.501857816573249
102076,0,F,N,N,0,173400.0,371000.0,26149.3,Higher education,Married,Working,-9070,-102,,0.6780775278709953,0.838548227027225,
102077,0,M,N,Y,1,186600.0,696500.0,38346.4,Secondary / secondary special,Married,Commercial associate,-8664,-2089,,0.7768175707295905,0.6776312392790409,
102078,0,F,Y,N,1,120700.0,207000.0,7670.2,Higher education,Single / not married,Working,-13719,-1242,8.9,,0.3138523018093771,0.4056578430252504
102079,0,F,Y,N,0,260900.0,1192900.0,45319.1,Higher education,Separated,Commercial associate,-11852,-1708,5.4,0.7860549076752119,0.7298572987742374,0.7862642130363412
102080,0,F,N,N,1,106300.0,201300.0,7646.3,Secondary / secondary special,Married,Working,-8153,365243,,0.7450549323652397,0.3315114131223346,0.4879746717016122
102081,0,F,Y,Y,0,93900.0,386300.0,24919.6,Secondary / secondary special,Married,Pensioner,-8372,-701,12.2,,0.29820561888107955,0.751112581779259
102082,0,F,N,Y,0,157500.0,520200.0,20551.1,Secondary / secondary special,Married,Commercial associate,-13721,-14,,,0.7555727921386896,0.8124852080774502
102083,0,M,Y,Y,0,79200.0,247000.0,20769.1,Secondary / secondary special,Married,Working,-10011,-912,7.1,,0.8692381820328499,0.7324428249849865
102084,0,F,N,Y,0,114100.0,610000.0,21057.4,Secondary / secondary special,Married,Pensioner,-11083,365243,,0.7805677569700021,0.41148138609645607,
102085,0,M,N,Y,0,165600.0,641100.0,32176.8,Secondary / secondary special,Married,Commercial associate,-22914,-2283,,,0.5010525253965694,0.47582178207432874
102086,0,F,N,N,0,205000.0,505900.0,20785.6,Secondary / secondary special,Married,Commercial associate,-25091,-557,,,0.8071811513095907,
102087,0,F,Y,Y,0,144800.0,497600.0,16882.6,Secondary / secondary special,Single / not married,Working,-21776,-2361,4.9,,0.5788081203728639,0.8829580656466167
102088,0,F,N,Y,0,98000.0,336200.0,18374.3,Secondary / secondary special,Single / not married,Commercial associate,-11751,-164,,,0.8223466728550269,0.791303225174008
102089,0,M,N,N,0,126500.0,524400.0,32630.3,Secondary / secondary special,Married,Commercial associate,-10753,-100,,0.2733177484055706,0.368128596082008,
102090,0,F,N,N,0,109000.0,515900.0,31633.2,Secondary / secondary special,Married,Working,-17812,-763,,,0.676801738312859,0.3801609402761686
102091,0,F,N,Y,0,140900.0,427200.0,36042.0,Secondary / secondary special,Married,Commercial associate,-21413,-3247,,,0.8919229047140498,0.5229016379183216
102092,0,M,N,N,0,111400.0,342100.0,14537.4,Secondary / secondary special,Married,Working,-19196,-2352,,,0.6024684557605815,0.5372169235974483
102093,0,F,N,Y,3,94900.0,519200.0,17352.2,Higher education,Married,Pensioner,-21761,365243,,0.8349118542886668,0.7427797941233291,0.959686617485338
102094,0,F,N,N,1,89700.0,215400.0,7844.0,Higher education,Married,State servant,-16208,-544,,0.7716931750702571,0.5157144771252581,
102095,0,M,N,Y,0,64400.0,307300.0,10474.6,Secondary / secondary special,Married,Working,-24987,-850,,,0.23797383083768467,0.8544182405200887
102096,0,F,N,Y,1,239600.0,1543200.0,108546.7,Secondary / secondary special,Widow,Working,-21465,-1265,,,0.9129941485835211,0.8304264363545915
102097,0,F,Y,Y,1,203200.0,1099500.0,96539.9,Secondary / secondary special,Widow,Working,-8563,-446,6.3,,0.5765624963205468,0.33687773889394934
102098,0,F,N,Y,0,84700.0,240100.0,15470.8,Secondary / secondary special,Single / not married,Pensioner,-14052,365243,,,0.5392527039133328,
102099,0,F,N,N,0,197400.0,329300.0,14842.8,Incomplete higher,Married,Working,-17481,-1244,,0.773399169791228,0.7279098199594752,0.6990343165543168
102100,0,F,N,Y,1,150100.0,442000.0,17935.4,Secondary / secondary special,Single / not married,Pensioner,-11600,365243,,,0.3743359757058474,0.915821345991975
102101,0,M,N,Y,0,82300.0,124800.0,4865.5,Secondary / secondary special,Married,Pensioner,-14741,365243,,0.2490581129080471,0.8926626999670295,0.45020955227433207
102102,0,F,N,Y,0,91800.0,406400.0,37174.8,Secondary / secondary special,Single / not married,Working,-18708,-1098,,,0.7915033855875511,0.3242937797045138
102103,0,M,N,Y,1,137700.0,522500.0,23599.6,Higher education,Married,Pensioner,-17350,365243,,,0.8264908163870354,0.25086971205801106
102104,0,M,N,N,1,205600.0,926300.0,60537.6,Secondary / secondary special,Widow,Working,-22773,-1234,,0.5697099735855864,0.4863112935632244,0.7347935876123589
102105,0,F,N,Y,0,192400.0,1049800.0,68831.1,Higher education,Single / not married,Working,-12272,-5698,,,0.6043087083630944,0.6485670113667296
102106,0,M,N,N,0,115600.0,307300.0,11969.5,Higher education,Married,Pensioner,-23819,365243,,,0.6664230377099838,0.8573832791147389
102107,0,M,N,N,1,181100.0,608700.0,21828.6,Incomplete higher,Married,Working,-13318,-616,,0.40306556844840397,0.37666055517719405,
102108,1,M,Y,Y,0,136900.0,521000.0,23727.2,Secondary / secondary special,Single / not married,Working,-23806,-1142,14.4,,0.47439554283455954,0.4688240259733658
102109,0,F,Y,N,0,105800.0,565600.0,54508.3,Higher education,Separated,Commercial associate,-12023,-2656,18.3,,0.23918177551294398,0.5792891132618909
102110,0,F,N,Y,1,226900.0,856900.0,51769.4,Higher education,Married,Commercial associate,-16568,-839,,0.6238053022918446,0.5608035015172893,0.8039672841698511
102111,0,F,N,Y,0,158000.0,403800.0,14020.5,Higher education,Married,Commercial associate,-24014,-2881,,0.2927448367045572,0.7559580525505295,0.826933071799366
102112,0,F,N,Y,0,185300.0,1108000.0,49410.6,Higher education,Married,Working,-12535,-1101,,0.5650413410253735,0.36890322808283443,0.795863257498609
102113,1,F,N,Y,0,89900.0,163000.0,6108.4,Secondary / secondary special,Married,Commercial associate,-22550,-1976,,0.4639152915976873,0.5888891864918366,0.7811539211482952
102114,0,F,N,Y,1,116600.0,547700.0,28008.2,Higher education,Married,Working,-16457,-3873,,0.8196706291429969,0.8711338301637341,0.5053232331137697
102115,0,F,N,Y,2,213000.0,644900.0,34058.8,Secondary / secondary special,Married,Working,-15030,-1728,,0.6035481412406712,0.6978293824803993,
102116,0,M,N,N,1,129800.0,511300.0,24255.9,Higher education,Married,Working,-19306,-1060,,,0.6143454259857407,
102117,0,F,Y,Y,0,133200.0,843700.0,31399.6,Higher education,Married,Commercial associate,-11151,-1584,19.8,0.5181836078588246,0.9127128056017724,
102118,0,F,N,N,0,91400.0,408600.0,14116.0,Higher education,Single / not married,Pensioner,-19220,365243,,0.710257376697654,0.7023118307215538,0.5918282486811199
102119,0,F,N,Y,1,160900.0,782400.0,37819.4,Secondary / secondary special,Married,Working,-10766,-259,,,0.35758043021087305,
102120,0,F,N,Y,1,90600.0,431100.0,14789.9,Higher education,Married,Working,-20133,-2046,,0.6552676855723678,0.671026576946943,0.33793138613515117
102121,0,F,Y,Y,0,173600.0,884200.0,34439.7,Higher education,Married,Pensioner,-18376,365243,5.2,0.7928487834274086,0.5764390059752938,
102122,0,F,N,Y,1,94200.0,350400.0,13728.0,Secondary / secondary special,Civil marriage,Working,-10122,-1006,,0.7030983028781435,0.5896933589447416,0.4238586385901933
102123,0,F,Y,Y,0,134000.0,212500.0,7354.7,Secondary / secondary special,Married,Working,-9435,-1029,8.6,,0.6493925310323508,0.4661232426242927
102124,0,F,Y,N,1,299200.0,1780000.0,138975.6,Higher education,Married,Commercial associate,-18318,-882,10.6,0.6157035119017206,0.2960736073337415,0.7977414217784538
102125,0,F,N,N,2,173600.0,747700.0,68118.8,Higher education,Married,Working,-9800,-730,,0.5243790247771579,0.6351572890799739,0.8032573191276849
102126,0,F,Y,Y,0,126000.0,764400.0,61698.2,Secondary / secondary special,Married,Working,-18629,-286,10.7,,0.5948701996588774,0.476153711298991
102127,0,F,N,Y,2,216500.0,1122000.0,52607.4,Secondary / secondary special,Separated,Pensioner,-25185,-830,,,0.49347010673396485,0.29562188187448624
102128,0,F,N,Y,1,106300.0,559800.0,20596.1,Secondary / secondary special,Married,Working,-9826,-1248,,,0.3913410502855008,0.7973819195570588
102129,0,F,Y,Y,0,94500.0,450100.0,40779.1,Secondary / secondary special,Married,Pensioner,-15977,365243,12.5,0.4978565808308768,0.4810029696693601,0.3764815837174513
102130,0,F,N,Y,0,125000.0,788500.0,39068.7,Secondary / secondary special,Married,Pensioner,-23876,365243,,0.711722183416942,0.9108110451660539,0.24681906506914797
102131,0,F,N,Y,0,241400.0,1320800.0,58626.2,Secondary / secondary special,Married,Working,-24099,-89,,0.6880933908981743,0.7454584051389278,0.7043893777449597
102132,0,M,N,N,0,235400.0,865700.0,39020.5,Higher education,Single / not married,Pensioner,-8194,365243,,,0.6178446731981947,0.8030706560369555
102133,0,M,N,Y,0,117800.0,337700.0,21351.3,Higher education,Single / not married,Commercial associate,-21836,-5732,,0.7001620080990743,0.6565702392061018,0.5622996577223652
102134,0,M,N,Y,1,129600.0,450500.0,30370.1,Secondary / secondary special,Civil marriage,State servant,-11852,-2123,,,0.7322524436726868,0.702587932357464
102135,0,F,Y,Y,0,177900.0,428500.0,40995.7,Higher education,Married,Commercial associate,-20759,-844,5.8,0.6652129197941088,0.8457901594734542,
102136,0,F,Y,N,0,439200.0,1181900.0,89621.0,Secondary / secondary special,Married,Working,-13894,-724,13.4,,0.9209274070087042,0.5513247049078135
102137,0,F,N,Y,0,132300.0,305900.0,29818.4,Secondary / secondary special,Widow,Commercial associate,-11613,-250,,,0.8213333309301737,0.809235594061011
102138,0,M,N,Y,1,274300.0,489700.0,24780.3,Higher education,Married,Commercial associate,-15922,-132,,0.7041531002943879,0.593180949969847,0.9214615901965759
102139,0,M,N,Y,0,164800.0,571100.0,24554.7,Secondary / secondary special,Civil marriage,Commercial associate,-10754,-1715,,,0.39425866685010463,0.3175865823200226
102140,0,M,N,N,1,216200.0,1145100.0,51538.7,Secondary / secondary special,Married,Working,-15107,-564,,,0.50491432619811,0.8570035032982495
102141,1,M,Y,N,0,232400.0,429100.0,17613.6,Higher education,Married,Pensioner,-14592,-735,19.4,,0.7684252346405632,0.7505151190036006
102142,0,F,N,Y,1,159400.0,750600.0,64424.3,Secondary / secondary special,Separated,Working,-24551,-1074,,0.6900867111920754,0.4139009391554724,0.40763423373691965
102143,0,M,Y,Y,0,145400.0,930400.0,43627.9,Secondary / secondary special,Married,State servant,-17174,-805,6.5,0.7486017363546392,0.5655675532870507,0.4260805165908985
102144,1,M,N,N,1,134200.0,506100.0,35958.1,Secondary / secondary special,Single / not married,Working,-19891,-395,,0.668118108550483,0.6993965333683596,
102145,0,F,N,Y,1,172400.0,497100.0,21698.2,Secondary / secondary special,Married,Working,-10737,-1727,,0.8179306667870037,0.6730852059790485,0.4993886784644217
102146,0,M,Y,Y,1,251300.0,1158700.0,44301.5,Secondary / secondary special,Married,Working,-25154,-1280,9.9,0.5010273421595041,0.49660812635713664,
102147,0,F,Y,N,2,267100.0,1313800.0,57736.1,Secondary / secondary special,Married,Pensioner,-16395,365243,11.6,0.4117470315009713,0.5820281866114655,0.699724208797148
102148,0,M,N,Y,1,253900.0,753200.0,42067.8,Secondary / secondary special,Married,Pensioner,-8989,365243,,,0.5887783362559985,0.7154898434374835
102149,0,M,Y,Y,0,119400.0,417300.0,23537.5,Secondary / secondary special,Widow,Working,-18352,-2661,2.0,,0.6288835849120235,0.612943027758103
102150,0,F,N,Y,0,114000.0,706500.0,33367.3,Secondary / secondary special,Married,Pensioner,-13247,365243,,0.7883878470654946,0.37795291542460285,0.5853457787850913
102151,0,M,N,N,0,101500.0,419500.0,15065.0,Higher education,Married,Working,-12823,-6248,,0.8499644814367846,0.4373904797397748,0.6983151644594284
102152,1,F,Y,N,1,157800.0,1015300.0,43897.9,Secondary / secondary special,Married,Working,-13228,-1108,9.1,,0.7359191196850915,0.5328125984791474
102153,0,M,N,Y,0,224100.0,906300.0,75757.3,Higher education,Single / not married,Working,-15566,-1632,,,0.7765319662767924,0.7818627637154132
102154,0,M,Y,Y,0,114200.0,264900.0,10308.9,Lower secondary,Married,Working,-12704,-886,0.2,,0.7922910986639936,0.47220389207723157
102155,0,F,Y,N,1,135600.0,745000.0,67358.7,Secondary / secondary special,Married,Working,-21322,-1540,12.6,,0.7557010227586695,0.7018271949777782
102156,0,M,N,N,0,197000.0,1141400.0,65350.5,Secondary / secondary special,Single / not married,Working,-10807,-3297,,0.5498169502453892,0.7449693435018553,0.7282518538560301
102157,0,F,N,Y,0,127400.0,210500.0,11993.2,Secondary / secondary special,Single / not married,Working,-10158,-687,,0.8059962514179722,0.8630858622578544,
102158,0,F,N,Y,0,135200.0,360700.0,16046.1,Higher education,Widow,Working,-9501,-747,,0.5450133561255265,0.7538584878928591,0.5919042059339575
102159,0,F,Y,N,1,243200.0,912400.0,34144.4,Secondary / secondary special,Civil marriage,Working,-14864,-422,4.4,,0.6333165185161144,0.33774594933856783
102160,0,F,N,Y,0,148800.0,907900.0,58478.6,Secondary / secondary special,Married,Commercial associate,-9649,-3074,,,0.7889669771816663,0.6430833551553258
102161,1,F,N,Y,0,106500.0,630700.0,27791.4,Secondary / secondary special,Single / not married,Commercial associate,-8109,-196,,,0.5215119008018254,0.4341395106388898
102162,0,F,N,Y,0,153800.0,733400.0,34003.5,Higher education,Married,Working,-12831,-91,,0.7239478433353917,0.6638051094415724,0.36550055426802414
102163,0,F,N,N,0,179000.0,951900.0,42879.1,Secondary / secondary special,Married,Working,-24852,-140,,,0.713243587384128,0.6099540863826461
102164,0,F,N,Y,0,454500.0,1010400.0,97356.3,Secondary / secondary special,Married,Commercial associate,-7861,-1287,,,0.5589429123684322,0.36563812355181363
102165,0,M,Y,Y,2,291700.0,1265300.0,62521.5,Secondary / secondary special,Married,Pensioner,-8789,365243,10.3,0.7467417205830102,0.8709495212324018,0.43023748517636584
102166,0,F,N,Y,0,619400.0,3352200.0,116713.9,Incomplete higher,Married,Working,-17893,365243,,,0.7359902576137102,
102167,0,M,N,Y,1,91200.0,244200.0,16355.2,Secondary / secondary special,Married,Commercial associate,-16399,-529,,0.7945784258341364,0.9366452637297231,
102168,0,F,N,Y,0,275400.0,585700.0,22782.9,Secondary / secondary special,Single / not married,State servant,-9499,-1182,,,0.6502545104722086,0.9016037631046453
102169,0,F,N,Y,0,296200.0,1332700.0,54567.3,Higher education,Separated,Pensioner,-23356,365243,,,0.39532606789834535,
102170,0,F,N,Y,0,149300.0,910500.0,30637.1,Secondary / secondary special,Married,Working,-19494,-234,,0.4051011541437374,0.7564683834235021,0.7021286559102953
102171,0,F,N,N,1,123400.0,785900.0,48049.2,Higher education,Married,Pensioner,-16343,365243,,,0.4538064964503161,0.6091340153347788
102172,0,F,Y,Y,3,205200.0,744900.0,27544.0,Secondary / secondary special,Married,Commercial associate,-17202,-701,3.2,,0.7064670349723273,0.5164679948463776
102173,0,F,N,N,1,127200.0,488000.0,31438.8,Secondary / secondary special,Married,Commercial associate,-21628,-462,,0.710527263738881,0.657130584599445,0.5050998763946163
102174,0,F,N,Y,1,88000.0,407600.0,21266.3,Secondary / secondary special,Widow,Commercial associate,-9389,-602,,,0.759688503109962,0.3317499818658419
102175,0,F,N,Y,1,77800.0,131300.0,6684.4,Secondary / secondary special,Married,Working,-24030,-709,,,0.5653168578031116,0.4739650362452652
102176,0,F,N,Y,0,75100.0,316400.0,13159.1,Higher education,Married,Pensioner,-9644,365243,,0.8645491898894043,0.26719801390869735,0.37172141899167643
102177,0,F,Y,Y,0,163600.0,758900.0,50750.8,Secondary / secondary special,Married,Working,-15709,-984,12.5,,0.8528442242253276,0.9183341968447499
102178,0,M,N,Y,0,199200.0,423300.0,25297.8,Secondary / secondary special,Married,Working,-12010,-83,,,0.33080898553434335,0.7647588390785482
102179,0,F,N,Y,0,95000.0,536300.0,18171.8,Higher education,Married,Working,-19332,-14,,,0.4572767511229723,
102180,0,M,N,N,0,183100.0,764800.0,33159.7,Secondary / secondary special,Widow,Commercial associate,-22394,-745,,0.5287270875450227,0.7667573993233603,0.7775026183142832
102181,0,M,N,Y,0,182500.0,1066200.0,50762.9,Secondary / secondary special,Single / not married,Working,-18481,-2722,,0.33917700518271826,0.525030721200127,0.6576972925612979
102182,0,M,N,N,0,172100.0,735300.0,66193.2,Secondary / secondary special,Married,Working,-11597,-1507,,,0.6829770904507657,0.6957485378692649
102183,0,M,N,Y,0,200000.0,608200.0,20303.5,Academic degree,Single / not married,Pensioner,-21334,365243,,,0.6371457778284061,0.6557339270621823
102184,0,F,N,Y,0,162300.0,547500.0,21630.7,Secondary / secondary special,Civil marriage,Working,-24196,-839,,,0.6564404145418985,0.8626157052164122
102185,1,F,Y,Y,0,268300.0,1683700.0,56991.9,Higher education,Married,Working,-10492,-138,11.0,,0.7205448310589797,
102186,0,F,N,Y,0,195000.0,732300.0,43786.4,Higher education,Single / not married,Commercial associate,-12114,365243,,,0.6576323315988221,0.7080287851192406
102187,0,M,N,Y,0,83700.0,338300.0,26998.3,Secondary / secondary special,Married,Working,-16955,-1382,,0.763540244278879,0.4018392638043137,0.8315969995029576
102188,0,F,N,Y,0,337100.0,1784100.0,71594.3,Secondary / secondary special,Single / not married,Working,-20639,-1897,,0.8010947495524259,0.3739761812435786,0.5865363604597474
102189,1,F,N,Y,1,95600.0,533000.0,21540.5,Secondary / secondary special,Married,Working,-9896,-3322,,0.6167368900743769,0.5841236734660296,0.43426148526257735
102190,0,M,N,N,0,146200.0,892000.0,32546.1,Secondary / secondary special,Single / not married,Working,-8558,-500,,0.6614277347818533,0.5603198052528217,
102191,0,F,Y,Y,0,464400.0,2305300.0,227256.7,Incomplete higher,Single / not married,Working,-17610,-369,19.8,,0.7627774637532985,0.5541360326256924
102192,0,F,N,N,1,183600.0,548900.0,25245.8,Secondary / secondary special,Single / not married,Pensioner,-21647,365243,,,0.5554944220378706,
102193,0,M,N,Y,0,101700.0,228500.0,17783.7,Secondary / secondary special,Married,Working,-12888,-4364,,,,
102194,0,F,Y,Y,0,171400.0,650600.0,33230.4,Secondary / secondary special,Married,Working,-17891,-1599,8.5,,0.6238060116440354,
102195,0,F,Y,Y,0,186300.0,367400.0,12252.6,Secondary / secondary special,Single / not married,Working,-21756,-796,15.1,,0.6445908222489019,0.6139060004512005
102196,0,M,N,Y,0,161200.0,978500.0,39286.4,Secondary / secondary special,Single / not married,State servant,-8175,-639,,0.8407914062399247,0.6011512455906473,0.515620481953012
102197,0,F,Y,N,2,117200.0,750000.0,49063.4,Higher education,Widow,Pensioner,-13563,-541,11.8,,0.9344794548250932,
102198,0,F,N,N,0,82800.0,340000.0,15112.3,Higher education,Married,Working,-12985,-1350,,0.8062856061022207,0.7327697172771476,0.5155108044449661
102199,0,F,Y,Y,0,87200.0,147700.0,7524.9,Higher education,Married,Commercial associate,-20346,-268,12.6,,0.6752495870501742,0.7025708592892704
102200,0,M,N,Y,2,103700.0,309000.0,16207.4,Secondary / secondary special,Single / not married,Working,-19350,-887,,,0.7713210307164943,0.8041918007305532
102201,0,F,Y,N,0,263700.0,907700.0,80279.3,Secondary / secondary special,Single / not married,Working,-22165,-1748,1.6,0.6833459444173797,0.6191802135778478,0.7467109812079129
102202,0,M,N,Y,0,85100.0,293900.0,12834.5,Higher education,Married,Working,-17289,-685,,,0.7908206726600131,0.6786325692217182
102203,0,M,N,Y,1,158000.0,792400.0,35611.0,Secondary / secondary special,Single / not married,Commercial associate,-11665,365243,,0.6716063538058346,0.3998912117354041,0.7257817027847675
102204,1,F,N,Y,0,276300.0,1770300.0,149879.0,Secondary / secondary special,Married,Working,-15263,-493,,,0.6919372329211293,0.5034148124637492
102205,0,F,N,Y,0,197400.0,320300.0,25459.0,Secondary / secondary special,Married,Working,-14613,-1513,,0.8759632006656236,0.6079879990033943,
102206,0,F,N,Y,0,279200.0,1766700.0,91950.2,Higher education,Married,Commercial associate,-19377,-6735,,0.6652895933374204,0.588066952228366,0.8671823387780593
102207,0,M,Y,Y,1,113100.0,688200.0,33140.7,Secondary / secondary special,Married,Pensioner,-24394,365243,6.0,,0.6860324597681311,0.8494851571005714
102208,0,F,N,N,0,195400.0,1129500.0,81696.1,Secondary / secondary special,Single / not married,Pensioner,-15694,365243,,0.8324818896849062,0.9068710360076709,
102209,0,F,N,Y,1,247200.0,910000.0,34164.9,Secondary / secondary special,Married,Commercial associate,-18870,-2784,,,0.6611050441985586,0.8418452528185117
102210,1,F,N,N,1,224900.0,777700.0,32169.7,Secondary / secondary special,Civil marriage,Commercial associate,-10785,-1473,,0.5059562596586046,0.7293350782483464,0.5179695589767498
102211,0,M,N,N,0,219800.0,856600.0,59050.6,Secondary / secondary special,Married,Commercial associate,-17740,-602,,0.6089076683261359,0.5814450524790414,0.742590171986353
102212,0,F,N,Y,0,86000.0,410000.0,15719.7,Secondary / secondary special,Single / not married,Working,-20440,-1256,,,0.7612732969494521,0.8691204193550773
102213,0,M,N,Y,0,198800.0,559600.0,25771.9,Higher education,Married,Commercial associate,-21060,-3310,,,0.5652339475546992,0.5179018736952904
102214,0,F,Y,Y,1,183400.0,642100.0,39291.4,Incomplete higher,Married,Working,-24739,-1075,18.5,0.6679348793327112,0.7303411249169316,
102215,0,M,Y,N,0,137600.0,866600.0,32617.5,Higher education,Married,Pensioner,-24984,365243,0.2,,0.805591129603277,
102216,0,F,Y,Y,1,112200.0,209500.0,10349.1,Higher education,Separated,Working,-16707,-783,18.4,,0.7754654079319189,0.7142772265543097
102217,0,F,N,N,1,180400.0,453200.0,24177.1,Lower secondary,Separated,Working,-22758,-77,,,0.6682517242952031,0.47779236792774304
102218,0,M,N,Y,0,94400.0,161200.0,15622.8,Higher education,Married,Working,-20593,-23,,0.593154245376795,0.6709613094573323,0.5431951531398618
102219,0,M,N,Y,1,121300.0,541700.0,20499.4,Secondary / secondary special,Married,Pensioner,-16867,365243,,,0.4741704670936303,0.5737451234326812
102220,0,F,N,Y,1,225000.0,922100.0,59398.7,Higher education,Married,Working,-8197,-901,,,0.65328068736859,0.7025245254586783
102221,0,F,Y,Y,0,235400.0,430100.0,27206.8,Secondary / secondary special,Married,Commercial associate,-24799,-968,3.7,,0.616784614615712,0.8482426446133775
102222,0,F,N,Y,1,182900.0,696800.0,26087.7,Secondary / secondary special,Married,Working,-24592,-455,,0.657773865145496,0.5338259913092223,
102223,0,F,Y,Y,0,119700.0,296500.0,25286.5,Secondary / secondary special,Separated,Commercial associate,-16754,-872,10.3,,0.4714212644841951,0.6003850996701267
102224,0,F,N,Y,0,89300.0,422400.0,14520.2,Secondary / secondary special,Married,Commercial associate,-13708,-278,,,0.652983434116544,
102225,0,M,N,Y,0,103700.0,574700.0,34569.7,Higher education,Married,Unemployed,-9630,365243,,0.7851176263329366,0.553334802923907,
102226,0,F,N,Y,0,262600.0,534500.0,32063.2,Secondary / secondary special,Widow,Working,-8636,-2062,,,0.45025351872445635,0.6781936396889487
102227,0,M,Y,Y,1,160700.0,847700.0,35346.8,Secondary / secondary special,Single / not married,Working,-21755,-1097,16.9,0.5491599715878708,0.6671974613528591,0.7326874230879866
102228,0,F,Y,Y,0,140700.0,521200.0,30269.3,Secondary / secondary special,Married,Working,-14848,-286,9.1,0.590012484226891,0.6963840439727447,0.5209579478741274
102229,0,F,N,Y,0,158500.0,644300.0,41790.5,Higher education,Civil marriage,Working,-17537,-3173,,,0.5332463028349449,0.7818007987474852
102230,0,M,Y,N,0,200400.0,750900.0,56942.5,Higher education,Married,Pensioner,-12955,365243,2.1,0.2866915014099336,0.5053279228898176,0.7980817001914232
102231,0,F,N,Y,0,92800.0,471700.0,28349.6,Secondary / secondary special,Married,Working,-18434,-516,,,0.3872772912539523,0.6351334193668924
102232,0,M,N,Y,0,118300.0,598700.0,20329.3,Secondary / secondary special,Married,State servant,-20972,-3725,,0.4973901087026287,0.7300039474114528,0.1999633009188896
102233,0,F,Y,Y,0,197000.0,873800.0,69225.7,Secondary / secondary special,Married,Working,-23324,-554,11.1,0.5750302680820646,0.5102750920280641,0.8223347214531698
102234,0,M,Y,Y,1,164000.0,431500.0,15023.1,Higher education,Married,Pensioner,-16367,365243,2.8,0.8314011295861564,0.38651167281851617,
102235,0,M,N,N,1,242300.0,823900.0,38345.4,Secondary / secondary special,Civil marriage,Commercial associate,-12933,365243,,,0.7940564140092015,
102236,0,M,N,Y,0,206700.0,1151500.0,49010.6,Higher education,Married,Pensioner,-9016,365243,,0.6502558241074059,0.8015326130865366,0.7737446873822487
102237,0,F,N,Y,0,104000.0,318800.0,12302.5,Secondary / secondary special,Married,Commercial associate,-22642,-4226,,,0.7840569885712751,0.7785629896856935
102238,0,F,N,Y,0,32800.0,199800.0,18357.4,Incomplete higher,Widow,Commercial associate,-22634,-609,,0.9138983491635709,0.45972375886437933,0.7172596371988511
102239,0,F,Y,Y,0,161400.0,474500.0,16091.6,Secondary / secondary special,Widow,Working,-13865,-263,12.1,,0.7748794328321893,0.6006416182015565
102240,0,F,N,Y,1,92000.0,391200.0,15527.6,Higher education,Civil marriage,Working,-11303,-28,,,0.4632728817417126,0.6533695891586186
102241,0,F,N,Y,0,185100.0,843500.0,32391.9,Higher education,Civil marriage,Pensioner,-19476,365243,,0.30596005694314266,0.6042419834309045,0.7383379459272883
102242,0,F,N,Y,0,301300.0,706100.0,38139.6,Higher education,Separated,Working,-20936,-51,,0.523300571974681,0.7323642586561617,
102243,1,F,N,N,0,92700.0,367300.0,16738.7,Higher education,Civil marriage,Pensioner,-20325,365243,,,0.530942143337412,0.395872444463685
102244,0,F,N,Y,1,197000.0,552700.0,26037.1,Secondary / secondary special,Married,Working,-8919,-735,,,0.661937741848307,0.537893440236291
102245,1,F,N,Y,1,217900.0,587300.0,49097.3,Secondary / secondary special,Married,Working,-24925,-47,,,0.28036956692796616,0.5271847980811492
102246,0,F,N,N,0,172100.0,677800.0,48858.8,Secondary / secondary special,Married,Commercial associate,-17216,-260,,,0.838406172771938,0.5299140746729223
102247,0,F,N,N,0,170700.0,510400.0,20115.3,Secondary / secondary special,Married,Working,-18335,-521,,,0.36837383550380937,
102248,0,F,N,Y,1,57900.0,258600.0,13005.1,Secondary / secondary special,Married,Commercial associate,-8464,-1890,,0.8853397759047377,0.746888141545982,0.5967863104766584
102249,0,F,Y,N,1,151700.0,765300.0,55811.1,Secondary / secondary special,Married,Pensioner,-7877,365243,10.0,0.517394045500271,0.634418511984384,0.45474621666855464
102250,0,F,N,Y,0,146700.0,754200.0,27780.9,Higher education,Married,Working,-9885,-1662,,,0.5833946787358378,0.4950465584382756
102251,0,F,N,N,0,236200.0,601100.0,44823.9,Secondary / secondary special,Married,Working,-14524,-2353,,,0.6904381676049979,0.5406563898444033
102252,1,M,Y,Y,0,226800.0,721900.0,25359.4,Secondary / secondary special,Married,Working,-24234,-761,19.7,,0.4977437031152811,0.8710551633068944
102253,0,F,N,Y,0,117000.0,742900.0,29602.0,Secondary / secondary special,Married,Working,-20433,-1281,,,0.6166643945916687,
102254,1,F,N,Y,0,62600.0,380500.0,14461.5,Higher education,Married,Commercial associate,-25188,-1646,,,0.4925252117585538,0.6104485765298721
102255,0,M,N,N,1,71800.0,438100.0,21787.0,Secondary / secondary special,Married,Pensioner,-19589,365243,,,0.7961674239642047,0.7815179225876634
102256,1,F,N,Y,0,277600.0,1260900.0,62909.1,Higher education,Married,Working,-9419,-68,,0.8586943607635162,0.3719872429993795,0.10468864598277107
102257,0,M,Y,Y,0,142200.0,610900.0,49269.1,Secondary / secondary special,Married,Working,-19846,-4873,15.5,,0.550723656583295,0.6028448518499818
102258,0,M,Y,N,0,76800.0,319600.0,11144.3,Secondary / secondary special,Single / not married,Working,-18914,-701,10.1,0.5079539078953258,0.32974816398044726,0.6812915115623223
102259,0,F,N,Y,0,81200.0,418300.0,23512.9,Secondary / secondary special,Civil marriage,Working,-23209,-653,,,0.7392991140638213,0.45595753030941927
102260,0,F,N,N,0,163400.0,283000.0,13218.1,Higher education,Married,Working,-17211,-964,,,0.49053642352797,0.6786794097734324
102261,0,M,N,Y,0,155500.0,358100.0,31270.6,Higher education,Civil marriage,Pensioner,-11975,365243,,0.811512979503269,0.7931244589437664,0.866349087070603
102262,1,M,N,Y,0,310300.0,885500.0,63395.8,Secondary / secondary special,Civil marriage,Working,-20516,-893,,0.6114160760460666,0.7878797457601459,0.3526999632555619
102263,0,F,Y,Y,0,142000.0,670200.0,24461.5,Secondary / secondary special,Widow,Pensioner,-20878,365243,8.8,,0.4843206870652751,0.6260090213371828
102264,0,F,Y,Y,1,175200.0,494400.0,26399.2,Secondary / secondary special,Civil marriage,Working,-16685,-919,8.8,,0.6113319468050824,0.3612613825569831
102265,1,F,N,Y,0,144500.0,318200.0,17994.2,Secondary / secondary special,Married,Pensioner,-9332,365243,,,0.48259320863769944,0.43249611502590546
102266,0,F,Y,Y,1,212900.0,422800.0,27710.3,Secondary / secondary special,Married,Pensioner,-14924,365243,15.6,,0.6694726496583463,
102267,1,M,N,Y,0,325100.0,1944300.0,66608.4,Higher education,Married,Pensioner,-22395,365243,,,0.7613325717140821,
102268,0,F,N,Y,0,225300.0,1099000.0,46749.5,Secondary / secondary special,Married,Working,-12993,-730,,,0.6133335209885862,
102269,0,M,N,Y,0,357500.0,1289100.0,64860.2,Higher education,Married,Working,-20497,-1931,,,0.5312011556432643,0.6789413431045286
102270,0,M,N,N,0,187900.0,374200.0,12859.7,Secondary / secondary special,Separated,Working,-12114,-2080,,,0.5409499935978894,0.612221742403239
102271,0,F,Y,Y,0,72100.0,337400.0,15689.9,Secondary / secondary special,Married,Working,-13433,365243,10.0,,0.46287325136045426,0.4631370372219409
102272,0,F,Y,Y,1,101600.0,467700.0,16347.4,Higher education,Married,Commercial associate,-13579,-2428,11.0,,0.5570889410620369,0.7637841824576482
102273,0,M,Y,N,0,213100.0,327400.0,24818.8,Secondary / secondary special,Widow,State servant,-10046,-762,0.9,,0.7035276456376285,0.5045548620188738
102274,1,M,N,Y,0,132100.0,410400.0,22535.4,Secondary / secondary special,Married,Commercial associate,-13826,-212,,,0.4269853379258855,
102275,0,M,N,Y,0,147400.0,785800.0,37525.5,Secondary / secondary special,Married,Working,-20356,-457,,0.9186016064578832,0.7394932760523435,0.5878295559348824
102276,0,F,N,N,1,102300.0,595600.0,43877.2,Secondary / secondary special,Married,Working,-14706,-1125,,,0.8579049823853371,0.5204784483664049
102277,0,F,Y,Y,0,282100.0,781000.0,34411.3,Higher education,Married,Commercial associate,-12925,-195,15.2,0.4672218515789501,0.7331339135118972,0.3827872377626986
102278,0,F,N,N,1,293400.0,1094900.0,44253.0,Higher education,Married,Working,-19955,-2327,,0.5627621299061739,0.5204349220221304,0.6949210087603273
102279,0,M,Y,Y,0,132800.0,712500.0,48200.3,Higher education,Married,Working,-16707,-1207,15.8,0.8581623314693441,0.6224027582097118,0.7330101063770507
102280,0,F,N,Y,0,133400.0,597900.0,33479.8,Incomplete higher,Married,Working,-15311,-341,,,0.5352724564214949,0.2769366094439916
102281,0,F,N,Y,0,261400.0,853700.0,29890.2,Secondary / secondary special,Married,Pensioner,-21628,365243,,,,
102282,0,F,Y,Y,0,235800.0,1499200.0,68828.3,Secondary / secondary special,Single / not married,Working,-14366,-1491,7.2,,0.4960921243650194,
102283,0,F,N,N,0,70700.0,286400.0,11974.7,Secondary / secondary special,Married,State servant,-17213,365243,,0.5170669784701728,0.30309952131720824,0.8417634312704234
102284,1,M,Y,Y,3,199900.0,925600.0,35721.1,Secondary / secondary special,Married,Working,-8227,-1652,8.7,,0.2217027743900122,
102285,0,F,N,N,0,184100.0,739700.0,51345.9,Secondary / secondary special,Married,Commercial associate,-13620,-884,,,0.8327700037819119,0.932941358306062
102286,0,F,N,Y,1,160200.0,343300.0,14085.5,Secondary / secondary special,Civil marriage,Pensioner,-11823,365243,,0.8177578668530667,0.7114320794005987,0.7111725192232033
102287,0,M,N,N,0,99200.0,419500.0,15131.3,Incomplete higher,Married,Pensioner,-23199,365243,,,0.5023432714848045,0.744240506787293
102288,0,M,N,N,0,100200.0,290600.0,9999.7,Secondary / secondary special,Married,Working,-8039,-1464,,0.5051043629664128,0.787652990535759,0.8044795818783385
102289,0,F,N,Y,0,36500.0,59100.0,4934.2,Secondary / secondary special,Married,Working,-19943,-4714,,,0.6282067106301106,0.4508353451207268
102290,1,F,Y,N,0,109600.0,253100.0,17858.0,Secondary / secondary special,Married,Working,-20927,-381,6.7,,0.5949954705592079,0.8225321305675369
102291,0,M,N,N,0,60700.0,372100.0,36755.2,Secondary / secondary special,Civil marriage,Working,-13499,-3067,,0.8305327791143018,0.8068740791091397,
102292,1,M,N,Y,0,115500.0,635600.0,35461.4,Secondary / secondary special,Widow,Working,-12177,-16,,0.2193725120656667,0.5425557842719249,0.6467273703536438
102293,0,F,Y,Y,1,176500.0,284300.0,17747.3,Secondary / secondary special,Married,Commercial associate,-10560,-2345,16.7,0.7348417526010901,0.49874480003232724,
102294,0,F,N,Y,0,87100.0,396100.0,18210.6,Secondary / secondary special,Married,Working,-12528,-3173,,0.7287349503604933,0.7191885017364532,
102295,0,F,N,Y,0,268200.0,1191500.0,80048.8,Higher education,Married,State servant,-23693,-834,,,0.6547639673180387,
102296,0,F,N,Y,1,355100.0,1368600.0,57020.1,Secondary / secondary special,Single / not married,Pensioner,-8430,365243,,0.7631149901329752,0.6510325117407668,
102297,0,M,Y,Y,0,163800.0,363700.0,12457.4,Higher education,Married,Commercial associate,-15677,-4119,9.3,,0.6978866465106062,0.6818863866353762
102298,0,F,N,Y,0,193700.0,1196800.0,99540.5,Higher education,Married,Commercial associate,-12305,365243,,,0.5805936473488801,
102299,0,F,N,Y,1,71100.0,291500.0,20394.9,Higher education,Civil marriage,Working,-19870,-656,,,0.8555437854535763,0.8056246481378718
102300,0,M,Y,Y,0,159900.0,825800.0,59470.2,Higher education,Married,Working,-13524,-2317,10.0,0.5849598111012179,0.36451671789277523,0.6293149244674549
102301,0,M,Y,Y,0,78300.0,450000.0,15213.4,Secondary / secondary special,Civil marriage,Working,-13735,-427,9.5,,0.6572808320424186,
102302,0,M,N,N,1,67800.0,428100.0,19801.3,Secondary / secondary special,Married,Pensioner,-8692,365243,,,0.46552330411062437,0.5003588466057959
102303,0,F,N,N,0,83300.0,170500.0,10498.1,Secondary / secondary special,Separated,Working,-23633,-3002,,,0.5837375713531952,0.8005973720560313
102304,0,F,N,N,0,137400.0,470100.0,26689.2,Secondary / secondary special,Civil marriage,Working,-16814,-386,,,0.6478565792328124,0.5101566154103208
102305,1,F,Y,Y,0,144600.0,596800.0,22724.6,Higher education,Married,Pensioner,-8879,-283,3.6,,0.6742214125407191,0.4270900284805666
102306,1,F,N,Y,0,142500.0,625700.0,24978.3,Secondary / secondary special,Married,Working,-20849,-7341,,0.7078016960553353,0.6834933713438571,0.8271142648567589
102307,1,F,N,N,0,87200.0,527700.0,28721.4,Secondary / secondary special,Married,Pensioner,-21345,365243,,,0.30692996293245733,0.6062824031211518
102308,0,F,Y,Y,0,154500.0,603600.0,38455.1,Secondary / secondary special,Single / not married,State servant,-15754,-5099,19.5,0.4754839324755862,0.5380881616754745,0.4898296609743805
102309,0,F,N,Y,1,107700.0,574200.0,19698.1,Higher education,Married,Working,-24836,-380,,,0.6306374284418486,0.6543450634294712
102310,0,M,Y,Y,1,156000.0,584800.0,21880.8,Secondary / secondary special,Separated,Commercial associate,-11632,-1824,20.0,,0.5148574176383349,0.5410530348357714
102311,0,M,Y,Y,1,132400.0,452900.0,44711.3,Secondary / secondary special,Single / not married,Working,-22471,-1544,12.7,,0.8244734229974007,0.8765496522535359
102312,0,F,N,Y,0,65400.0,183100.0,9070.5,Higher education,Separated,Working,-22509,-309,,0.39062860224219875,0.8709558370895886,0.6500542127977007
102313,0,F,N,Y,0,108500.0,327500.0,30173.0,Higher education,Married,Pensioner,-16808,365243,,,0.5844429232588311,0.41672598283024836
102314,0,F,Y,N,0,188100.0,880600.0,42019.8,Secondary / secondary special,Married,Working,-17139,-269,6.0,,0.3569915920065749,0.6700812869191164
102315,0,F,N,Y,1,214800.0,381700.0,13224.2,Secondary / secondary special,Married,State servant,-9638,-824,,,0.8225554819403904,
102316,0,F,Y,Y,1,84600.0,259000.0,24905.9,Secondary / secondary special,Married,Unemployed,-10005,365243,3.5,0.5475108429108851,0.8128335956464751,0.5507901146580181
102317,0,F,N,Y,0,104400.0,508800.0,31558.7,Secondary / secondary special,Married,Commercial associate,-15082,-15,,0.5533125566612316,0.5508168309210637,0.7228044116143598
102318,0,M,N,Y,1,120400.0,234500.0,11695.3,Academic degree,Married,Working,-23766,-277,,,0.6403795005712182,0.918027025283069
102319,0,F,N,N,1,249500.0,1048500.0,69346.5,Higher education,Single / not married,Working,-11431,-162,,,0.5546497693013006,0.43188080896176295
102320,0,M,N,Y,0,181900.0,690500.0,55592.1,Secondary / secondary special,Married,Working,-15998,-1543,,0.7037838418160638,0.8475682092703605,
102321,0,F,N,Y,1,82800.0,151200.0,9806.4,Secondary / secondary special,Married,Working,-8796,-1146,,0.8361933377277861,0.4893361401920635,0.815640697298931
102322,0,F,N,Y,0,183800.0,346000.0,19504.5,Academic degree,Married,Working,-12916,-362,,0.7100229679595355,0.6858212511211125,
102323,0,F,Y,N,0,260700.0,1174200.0,72362.2,Secondary / secondary special,Single / not married,Working,-14192,-1217,18.3,0.589720242524084,0.8113062379505305,0.6540135796553779
102324,0,F,Y,N,0,162300.0,671900.0,22486.9,Secondary / secondary special,Single / not married,Commercial associate,-24551,-3310,11.4,0.7081504779031985,0.399837226683437,0.5916710114372218
102325,0,F,N,Y,0,103900.0,530300.0,18140.4,Higher education,Married,Working,-11054,-2148,,,0.6393341364290629,0.876032811724338
102326,0,M,Y,Y,0,215700.0,996900.0,43981.1,Secondary / secondary special,Married,Working,-9436,-710,12.7,,0.489980101555468,0.29612599790537775
102327,0,F,N,N,0,160100.0,634100.0,57173.8,Secondary / secondary special,Married,Commercial associate,-8612,-686,,,0.6317333450776875,0.44188572065995824
102328,0,F,Y,Y,0,131600.0,481500.0,41618.1,Secondary / secondary special,Married,Working,-16822,-1010,20.0,0.5638119086759592,0.7776131033206248,0.6827632359322348
102329,0,F,N,Y,0,220100.0,680500.0,28364.9,Secondary / secondary special,Married,Working,-16777,-3049,,,0.4375763136148161,0.6947769141641241
102330,0,F,Y,Y,0,147000.0,250000.0,10699.6,Secondary / secondary special,Married,Working,-11103,-402,6.4,,0.547082642565968,0.5860779756870036
102331,0,F,N,Y,0,152700.0,288800.0,21240.2,Higher education,Separated,Working,-12009,-3355,,,0.7617595387576729,0.6182521660039194
102332,0,F,N,Y,1,216900.0,952300.0,34400.8,Secondary / secondary special,Married,Working,-13260,-1139,,,0.7980800687338797,0.8040726852451003
102333,0,M,Y,Y,0,117500.0,516800.0,21185.5,Secondary / secondary special,Married,Working,-7835,-421,12.0,0.3727253225068799,0.4297029501148533,
102334,0,F,N,Y,0,87500.0,151000.0,10752.5,Secondary / secondary special,Married,Working,-21994,-278,,0.7487662029282806,0.6642775494390659,0.8406351773793028
102335,0,F,N,Y,0,170500.0,626500.0,22293.9,Secondary / secondary special,Separated,Working,-21218,-296,,,0.5368609192680253,0.7628582774100789
102336,0,M,Y,Y,0,296700.0,1853600.0,74948.8,Secondary / secondary special,Married,Working,-13284,365243,1.8,0.6439925244789919,0.5391635369380932,0.6683655378452964
102337,0,M,Y,Y,0,52900.0,129100.0,4584.9,Lower secondary,Separated,Commercial associate,-17738,-2379,0.7,,0.32257737994200997,0.5687020247664277
102338,0,F,N,N,2,204800.0,1093800.0,39317.7,Higher education,Civil marriage,Commercial associate,-13423,365243,,,0.5155229595380899,0.8506407651957614
102339,1,F,N,N,0,149600.0,604500.0,60037.7,Secondary / secondary special,Single / not married,Working,-8139,-330,,,0.6866140934084811,0.4160341633463827
102340,1,F,Y,Y,0,115800.0,624100.0,30054.4,Secondary / secondary special,Married,State servant,-18010,-651,5.8,,0.6333415290866746,0.6754871290806731
102341,0,F,N,Y,1,110100.0,314800.0,26172.0,Lower secondary,Married,Pensioner,-20321,365243,,,0.4048236127590302,0.610916639667234
102342,0,F,Y,Y,1,221100.0,1420000.0,84490.4,Higher education,Civil marriage,Commercial associate,-13523,-1749,5.6,,0.43797984255304384,0.6477781044497788
102343,1,M,Y,Y,1,200000.0,660000.0,41341.8,Higher education,Widow,Working,-11901,-1297,16.7,,0.7182333863045706,0.5259921312115405
102344,0,F,N,Y,0,92300.0,427700.0,21118.1,Secondary / secondary special,Civil marriage,Working,-12302,-88,,0.7656849930661874,0.8310951663869577,0.7448638137174717
102345,1,M,Y,Y,0,168900.0,830600.0,30843.1,Secondary / secondary special,Separated,Working,-13790,365243,4.3,,0.4385264500197332,0.7745513096954076
102346,0,F,Y,N,0,273100.0,1311700.0,101637.0,Secondary / secondary special,Single / not married,Commercial associate,-15867,-616,4.5,0.6285349985632203,0.7772698109930237,0.8485965629761784
102347,0,M,N,N,0,201600.0,836300.0,43251.6,Secondary / secondary special,Married,Unemployed,-20905,365243,,0.684526103181503,0.4200812634945404,0.6655984709686623
102348,1,M,Y,N,0,69500.0,339300.0,12531.2,Secondary / secondary special,Married,State servant,-11159,-600,19.2,,0.6329723739938938,
102349,0,F,Y,Y,1,196900.0,964100.0,49825.7,Higher education,Married,Working,-20053,-463,10.6,,0.7407627062813877,0.6648072272848194
102350,0,F,N,N,1,84000.0,435800.0,28336.6,Secondary / secondary special,Married,State servant,-24580,-1421,,,0.7723410144410288,0.8730891648391731
102351,0,F,N,N,1,162500.0,833800.0,39288.7,Secondary / secondary special,Married,Pensioner,-10830,-760,,0.6066633909595609,0.7848700108664547,0.6455175075508253
102352,0,M,N,N,0,105200.0,511900.0,49563.7,Higher education,Married,Commercial associate,-16569,-403,,0.2642206216703598,0.8341459367675768,0.8234616623971301
102353,0,F,N,N,0,176500.0,1068400.0,55987.0,Incomplete higher,Married,Pensioner,-14004,365243,,,0.43719179507153105,0.8460612851937779
102354,0,F,N,N,1,108900.0,652500.0,31822.1,Secondary / secondary special,Married,Working,-18197,-792,,0.5802505964458334,0.610323302004941,0.33345886319923745
102355,0,F,Y,N,0,92000.0,157600.0,10933.3,Secondary / secondary special,Single / not married,Working,-23113,-428,4.3,0.5119202985508581,0.4209543854516864,0.3802527016619725
102356,1,M,N,Y,1,169700.0,1087000.0,72344.7,Higher education,Married,Pensioner,-23209,365243,,,0.43303097243262123,0.4954116403447073
102357,1,F,Y,Y,0,155100.0,848500.0,70285.6,Incomplete higher,Married,Working,-15437,-634,8.2,,0.6391277207118672,0.5710134996112223
102358,0,F,Y,Y,0,213100.0,952000.0,34160.4,Secondary / secondary special,Single / not married,Commercial associate,-20948,-5629,16.2,0.6258273597992916,0.6196995099458973,0.6167420636409968
102359,0,M,N,Y,3,116000.0,526800.0,47972.9,Secondary / secondary special,Married,Pensioner,-16634,365243,,,0.7312543864126287,0.48176716357758786
102360,0,F,N,Y,0,74500.0,256600.0,9218.3,Secondary / secondary special,Married,Pensioner,-21205,365243,,0.7264127464273621,0.48500474155324425,
102361,0,M,N,Y,1,199600.0,728900.0,24962.7,Higher education,Married,Working,-23174,-725,,,0.6036280827474844,0.5785523122946077
102362,0,F,Y,Y,0,282400.0,958800.0,44594.9,Secondary / secondary special,Married,Commercial associate,-20149,-766,17.0,,0.7241414296596954,0.47541378357710884
102363,0,F,Y,Y,1,113500.0,708900.0,25465.7,Secondary / secondary special,Married,Working,-8735,-2160,3.4,,0.6375890201073734,0.4007186353402523
102364,0,M,N,N,0,183300.0,823100.0,40321.7,Higher education,Single / not married,Pensioner,-11970,365243,,0.634215575518658,0.6064841735748034,0.534563435253315
102365,0,M,N,Y,1,128000.0,293700.0,27490.3,Secondary / secondary special,Married,Working,-21446,-711,,0.6888614898436294,0.7718174345791928,0.6423167204524739
102366,0,M,N,Y,1,351400.0,1880700.0,125720.7,Secondary / secondary special,Civil marriage,Commercial associate,-8014,-1440,,,0.5651874200233816,0.6322965797324075
102367,0,F,Y,Y,0,116200.0,577700.0,19634.1,Higher education,Married,Pensioner,-16750,365243,17.2,,0.5718847226593607,0.2639991486472867
102368,0,F,Y,Y,1,144200.0,672900.0,25616.5,Secondary / secondary special,Married,Working,-18372,-4125,18.6,0.4322085303703839,0.7673757219348342,0.9001831991170428
102369,0,F,N,Y,1,59300.0,167300.0,5640.5,Secondary / secondary special,Civil marriage,Working,-22046,-521,,,0.4612293577732995,0.6932900995107962
102370,0,F,N,Y,0,298900.0,1372900.0,73970.1,Secondary / secondary special,Single / not married,Working,-21811,-315,,,0.40950520190372663,0.5169958816206867
102371,0,F,Y,Y,0,115800.0,646400.0,44459.9,Secondary / secondary special,Married,Commercial associate,-8953,-2378,15.9,0.7368301288810846,0.8639611166801435,0.7661118812375801
102372,0,F,Y,Y,0,264200.0,617200.0,40282.6,Lower secondary,Married,Commercial associate,-19586,-185,15.9,0.4732211430461963,0.4852898970292685,0.8093792527710159
102373,0,F,Y,Y,2,108900.0,461400.0,17396.3,Secondary / secondary special,Married,Pensioner,-21525,365243,2.0,0.6911675444254305,0.6594489052641251,0.2637596008839727
102374,0,F,Y,Y,1,142100.0,361600.0,25757.3,Higher education,Single / not married,Working,-9518,-1589,17.2,0.2665048827736386,0.7202228006598764,
102375,0,F,N,N,1,103600.0,441500.0,19925.3,Secondary / secondary special,Married,Working,-16180,-267,,,0.536247150418674,
102376,0,F,Y,N,1,96700.0,455500.0,16272.6,Higher education,Married,Working,-19054,-858,18.5,,0.4842888054272581,0.24449168173868208
102377,0,M,N,Y,0,129100.0,717000.0,27269.6,Incomplete higher,Married,Working,-13673,-7098,,0.6315268487840721,0.9590413807855384,
102378,1,F,N,N,1,138400.0,552500.0,29937.0,Incomplete higher,Widow,Pensioner,-14166,365243,,,0.5268419275446357,0.7705679028184473
102379,0,F,N,N,1,125000.0,769000.0,43211.3,Higher education,Married,Commercial associate,-9473,-738,,,0.58746915561055,
102380,0,M,N,N,0,74200.0,449400.0,20530.4,Secondary / secondary special,Separated,Working,-21246,365243,,0.5961831695308111,0.44584445387631344,0.874846007943721
102381,0,M,Y,Y,1,167300.0,934300.0,49827.4,Secondary / secondary special,Married,Commercial associate,-11827,-621,2.3,,0.6293045674490202,0.6980787672118516
102382,0,F,Y,Y,1,61000.0,260800.0,16833.4,Secondary / secondary special,Married,Working,-15295,-77,1.8,,0.6943623458960669,0.363582743793538
102383,0,F,Y,Y,0,126500.0,309600.0,25247.5,Secondary / secondary special,Married,Commercial associate,-16723,-1920,11.5,,0.5410201567991498,0.6025219697908103
102384,0,F,N,Y,0,72300.0,343700.0,21175.4,Secondary / secondary special,Married,Working,-9199,-264,,0.49617754189573116,0.6307598019293075,0.5895947514107586
102385,0,F,Y,Y,3,220800.0,1110600.0,86662.6,Secondary / secondary special,Married,Working,-15228,-669,16.0,,0.6420095947059865,0.45737539038540526
102386,0,M,N,Y,1,256400.0,1018700.0,90532.7,Secondary / secondary special,Married,Working,-10341,-824,,,0.3220958678305641,0.6901542208652807
102387,0,M,Y,Y,1,192200.0,1217500.0,43613.8,Higher education,Married,Working,-11746,-357,6.1,0.28855912210869683,0.8831913706945737,0.6696822416684947
102388,0,F,Y,N,0,118900.0,236000.0,10174.0,Secondary / secondary special,Single / not married,Commercial associate,-13916,-652,2.0,,0.7551156085570653,0.6042696123331253
102389,0,M,N,Y,0,105500.0,608800.0,20785.8,Secondary / secondary special,Married,Commercial associate,-16256,-567,,0.7600520239424662,0.5713136462569574,0.6640007189829618
102390,0,F,N,N,1,131400.0,790900.0,31717.4,Secondary / secondary special,Married,Working,-15282,-62,,,0.6780758770788379,0.3422221525180767
102391,0,F,N,N,0,143700.0,666900.0,27101.7,Secondary / secondary special,Married,Commercial associate,-8925,-2350,,,0.7238084805969897,0.5374679177486876
102392,0,M,N,N,2,183000.0,1086800.0,55591.7,Higher education,Married,Working,-13812,-1070,,0.7616909969449841,0.7178383752455231,0.6640255749021303
102393,0,F,Y,N,0,176100.0,450900.0,20142.3,Secondary / secondary special,Married,Pensioner,-8357,365243,11.3,,0.4872461814247015,
102394,0,F,Y,Y,0,58900.0,190000.0,15943.0,Higher education,Married,Working,-12067,-1721,15.6,,0.6627742298731536,
102395,0,F,N,Y,0,198400.0,477500.0,20508.1,Secondary / secondary special,Single / not married,Commercial associate,-9162,-649,,,0.6968839886432914,0.7106618906573439
102396,0,M,N,N,0,175200.0,537500.0,23521.7,Secondary / secondary special,Widow,Commercial associate,-10604,-1347,,,0.43791839558856954,0.7399372111000502
102397,0,F,N,Y,0,103600.0,241000.0,12182.0,Higher education,Married,Commercial associate,-16479,-5372,,,0.552457687924727,
102398,0,F,Y,Y,0,95300.0,221000.0,9555.7,Secondary / secondary special,Married,Working,-23927,-386,11.5,0.6449411788128186,0.3330247960161958,
102399,0,F,N,Y,0,151400.0,250400.0,9581.5,Higher education,Widow,Working,-11084,-274,,0.79137972574858,0.7278847193671246,0.6700120279187316
102400,0,F,Y,Y,0,159700.0,834200.0,45530.1,Higher education,Married,Working,-20482,-3944,10.3,,0.43978861880349374,0.8243681258094047
102401,0,F,N,Y,0,89700.0,270100.0,16334.3,Secondary / secondary special,Married,Pensioner,-8436,365243,,,0.5637177702844477,0.515873590867234
102402,0,M,N,Y,0,151200.0,688800.0,43393.0,Higher education,Single / not married,Commercial associate,-13558,-988,,0.7228309293453823,0.9280959556497765,0.7224587203739862
102403,0,M,N,Y,0,160000.0,795600.0,28923.0,Secondary / secondary special,Married,Commercial associate,-14707,-2442,,,0.5952109599461337,0.5304726118876556
102404,0,M,N,Y,0,216700.0,1052200.0,35865.1,Secondary / secondary special,Married,Commercial associate,-9569,-2466,,0.35896220037498383,0.7124715109186408,0.6879393549554703
102405,0,M,N,Y,0,140100.0,862100.0,33027.3,Secondary / secondary special,Separated,Working,-18834,-2974,,0.7495784213776853,0.9021123628276018,0.6891664837448779
102406,0,F,Y,Y,1,59100.0,301300.0,12631.5,Secondary / secondary special,Married,Working,-10224,-789,8.5,0.599028342380817,0.43429766280678805,
102407,0,F,N,Y,0,165000.0,755600.0,28172.8,Lower secondary,Single / not married,Commercial associate,-21707,0,,0.461949913825086,0.41611755605216066,0.4300829371130536
102408,0,F,N,Y,1,68800.0,148700.0,5875.4,Secondary / secondary special,Married,Working,-18040,-2446,,,0.9057261204911945,
102409,0,F,N,Y,1,100500.0,161400.0,10085.6,Secondary / secondary special,Married,Pensioner,-20666,365243,,0.44484343576794616,0.7893791341437683,0.8180376486503392
102410,0,M,N,Y,0,80200.0,411100.0,26906.2,Secondary / secondary special,Separated,Working,-10549,365243,,,0.31105497469115695,0.3802449992265
102411,1,M,N,N,0,183900.0,1073500.0,39138.4,Secondary / secondary special,Separated,Commercial associate,-13229,-419,,0.4260511306203775,0.4829342996193317,
102412,0,M,Y,Y,0,90300.0,405800.0,14941.5,Secondary / secondary special,Civil marriage,Working,-20038,-1212,6.5,,0.7709165007419857,0.6632157159718887
102413,0,F,N,N,0,230900.0,1490100.0,94834.5,Higher education,Married,Pensioner,-15618,365243,,0.5705624650199638,0.6152651285648592,0.6070201603954372
102414,0,F,N,Y,1,87500.0,519700.0,33631.3,Higher education,Civil marriage,Pensioner,-18756,365243,,0.630962806798535,0.8168241192822986,0.4946937238503369
102415,0,F,N,Y,0,59500.0,368600.0,12583.0,Higher education,Married,Working,-14919,-566,,,0.6218538757017414,0.7938001213208854
102416,0,F,N,Y,1,125900.0,648900.0,30166.9,Secondary / secondary special,Married,Working,-19455,-875,,0.8173804938546219,0.7307714650188242,0.4264655422141091
102417,0,F,N,N,0,81000.0,511700.0,20369.4,Secondary / secondary special,Single / not married,State servant,-18917,-384,,,0.527008172249743,
102418,0,F,Y,Y,1,266300.0,1199000.0,110849.9,Secondary / secondary special,Married,Commercial associate,-12921,-1968,13.8,0.45550298229979724,0.504257926374371,
102419,0,F,N,Y,0,108500.0,417100.0,20667.7,Higher education,Married,Working,-23127,-1745,,0.7332757469609383,0.37769280634447433,0.5327548290770381
102420,1,M,N,Y,0,247600.0,428100.0,23705.9,Secondary / secondary special,Single / not married,Pensioner,-20510,365243,,,0.5913143143326879,0.40310017665747166
102421,0,F,N,Y,0,128300.0,783800.0,51231.6,Secondary / secondary special,Separated,Working,-8866,-715,,0.1631752905821721,0.5141369157480713,
102422,0,F,N,N,1,172900.0,600700.0,36661.3,Higher education,Married,Working,-8331,-561,,,0.7744630959209419,0.5342878979749347
102423,0,M,N,N,1,116100.0,230500.0,8518.5,Secondary / secondary special,Married,Pensioner,-20225,365243,,,0.6459714321883651,
102424,0,F,N,Y,1,429200.0,2172500.0,209135.9,Secondary / secondary special,Married,State servant,-18751,-975,,,0.8956371165193352,0.6376059835914388
102425,0,M,N,Y,1,87800.0,277900.0,11600.2,Academic degree,Married,Working,-23877,-2,,0.8558426193431627,0.43971384010409875,0.7368770769320543
102426,0,M,Y,Y,2,37300.0,157400.0,7791.8,Secondary / secondary special,Married,Working,-19512,-1202,3.7,,0.5742587699639736,0.41685997740256747
102427,0,F,Y,N,0,165600.0,1073500.0,61282.3,Secondary / secondary special,Married,Working,-11320,-1992,2.1,,0.6061108264749113,
102428,0,M,N,Y,0,92900.0,443500.0,15902.7,Incomplete higher,Married,Pensioner,-8407,365243,,,0.7400277861821888,0.8179739059905456
102429,0,F,Y,Y,0,161400.0,262300.0,10412.8,Higher education,Married,Pensioner,-17004,365243,14.0,0.7266781430161441,0.6624559374423628,
102430,0,M,N,N,0,142700.0,253800.0,11484.9,Secondary / secondary special,Widow,Pensioner,-16371,365243,,0.91077902116788,0.6757461018686859,0.8090684394925184
102431,0,M,Y,N,0,116000.0,510200.0,27799.0,Higher education,Civil marriage,Working,-24104,-1318,5.6,,,0.6436159021293429
102432,1,M,N,Y,2,122600.0,215000.0,7600.6,Secondary / secondary special,Married,Working,-20089,-2675,,0.44484847651969395,0.6729591841431166,0.6434063052044153
102433,1,F,Y,Y,0,177000.0,271100.0,9422.3,Higher education,Married,Commercial associate,-23449,-3055,1.5,,0.651670054392893,0.7970074257878408
102434,0,F,Y,Y,0,125200.0,388900.0,15763.0,Secondary / secondary special,Single / not married,Working,-20934,-2696,6.0,,0.807216177247676,0.7393078477346383
102435,0,M,N,N,2,137500.0,245200.0,13261.8,Secondary / secondary special,Married,Working,-19252,365243,,,0.453953173634207,0.6183731199420831
102436,0,M,Y,Y,0,117700.0,680900.0,22953.7,Higher education,Single / not married,Working,-17543,-6,7.1,0.7588575169865239,0.6704033767317965,
102437,0,F,Y,Y,0,306400.0,1031100.0,94648.2,Secondary / secondary special,Married,Commercial associate,-17839,-1166,16.7,0.2927646166800644,0.8747187649720534,0.5347652670513857
102438,0,M,Y,Y,0,265500.0,1035300.0,38360.0,Higher education,Single / not married,Commercial associate,-16566,-238,8.7,0.8763075030338008,0.32784195692838997,0.7207562675718173
102439,0,F,Y,Y,2,75900.0,401800.0,25215.2,Higher education,Married,Pensioner,-22379,365243,15.4,0.8442177926593163,0.6642302732654953,0.52231694658899
102440,1,M,N,Y,0,147400.0,465100.0,23549.7,Incomplete higher,Civil marriage,Working,-11783,-1818,,0.44301102646744267,0.567945926107956,0.772586321955333
102441,0,M,Y,N,0,102100.0,317900.0,27132.9,Secondary / secondary special,Single / not married,Pensioner,-23715,365243,10.1,,0.8665062082572397,0.5570793686268092
102442,0,F,N,Y,0,84100.0,239100.0,12369.7,Secondary / secondary special,Married,Working,-17479,-1627,,0.3999979845133743,0.5500587955771724,0.8311219646382385
102443,1,F,N,Y,1,34900.0,222700.0,15264.4,Secondary / secondary special,Widow,Working,-15339,-1732,,,0.6549002836569082,0.4124529647313267
102444,0,F,N,N,0,127200.0,324100.0,19864.7,Secondary / secondary special,Married,Commercial associate,-11369,-466,,0.5416158843290094,0.7864657805405435,0.9409169954458695
102445,0,F,N,Y,2,131700.0,648100.0,30394.5,Secondary / secondary special,Married,Pensioner,-12510,365243,,0.6726686220455168,0.3190115119794573,0.32398143947748453
102446,0,F,Y,Y,0,271100.0,1280700.0,43497.8,Secondary / secondary special,Single / not married,Working,-17911,-43,4.8,,0.9119468882465303,
102447,1,F,N,N,3,235900.0,898100.0,61913.4,Secondary / secondary special,Married,Pensioner,-10330,365243,,,0.2189324343871042,0.32060895070558865
102448,0,F,N,Y,0,183700.0,975700.0,57881.3,Incomplete higher,Married,Commercial associate,-7728,-1069,,0.8903779304530834,0.762298961707801,0.7133040002944014
102449,0,F,Y,N,0,205300.0,493100.0,33327.2,Secondary / secondary special,Married,Commercial associate,-12214,-2004,13.3,,0.7923454368594083,0.7538920430523689
102450,0,F,N,Y,1,216100.0,409800.0,20387.4,Secondary / secondary special,Married,Pensioner,-13001,365243,,,0.6325672232551931,0.6700830725808413
102451,0,M,N,Y,0,183400.0,861000.0,56085.6,Secondary / secondary special,Married,Commercial associate,-24173,-1813,,,0.4841431896889415,0.7619979571981487
102452,0,M,N,Y,2,274600.0,770200.0,55632.5,Secondary / secondary special,Married,Commercial associate,-17870,-4041,,,0.6945564422857365,0.7285521101879153
102453,0,F,N,Y,0,83200.0,488600.0,21205.0,Higher education,Married,Working,-14784,-1111,,,0.6525085103729922,0.8498131722269852
102454,0,M,Y,Y,0,118300.0,515100.0,38114.3,Secondary / secondary special,Married,Working,-24904,-5383,0.5,0.7810267524596014,0.5299867761726058,
102455,0,F,N,Y,0,111000.0,268800.0,12641.0,Higher education,Married,Pensioner,-14111,365243,,0.5888098981102201,0.628884930953115,0.7464405247408894
102456,0,F,N,Y,1,114900.0,336000.0,30319.2,Secondary / secondary special,Single / not married,Unemployed,-24468,365243,,,0.5504946185396271,0.5302567780711114
102457,0,F,N,Y,3,137600.0,617200.0,25333.5,Higher education,Separated,Pensioner,-24176,365243,,,0.4764406665400687,0.6833978301434359
102458,0,F,Y,N,0,307000.0,1890800.0,188897.7,Lower secondary,Married,Pensioner,-19765,365243,12.5,,0.6198249206766225,0.32652452704885165
102459,0,F,Y,Y,0,220300.0,751000.0,31847.6,Secondary / secondary special,Married,Commercial associate,-16878,-816,7.4,,0.5212832622161249,
102460,0,F,N,Y,1,255400.0,459300.0,35609.7,Secondary / secondary special,Married,Pensioner,-22077,-4502,,,0.6443542671529159,0.6221316724089074
102461,0,M,Y,Y,1,142200.0,703700.0,29252.1,Higher education,Married,Working,-13349,-593,10.8,,0.7192487463077224,0.6388828995017745
102462,0,M,Y,Y,0,139300.0,596500.0,51318.7,Secondary / secondary special,Married,Working,-14119,-166,9.5,0.8699658566972598,0.6323558559483707,
102463,0,F,N,Y,0,191000.0,1006700.0,61454.4,Secondary / secondary special,Married,Commercial associate,-11297,-671,,,0.6737321620806485,0.5862378003194756
102464,0,F,N,Y,1,178900.0,717000.0,29617.1,Secondary / secondary special,Single / not married,Commercial associate,-12147,-4437,,,0.31536241125073405,0.7029058402794591
102465,0,F,Y,Y,0,178800.0,624600.0,27903.7,Secondary / secondary special,Separated,Commercial associate,-10062,-3488,17.4,,0.5798973213473106,0.5442830706462622
102466,0,M,N,Y,0,418000.0,1526100.0,96620.3,Secondary / secondary special,Married,State servant,-22584,-7625,,0.7055860105393791,0.8354290672320873,0.6659229428513391
102467,0,M,N,Y,1,191700.0,1065700.0,55652.2,Higher education,Married,Pensioner,-7692,365243,,,0.6171084520900769,0.960754653678423
102468,0,F,N,N,0,103300.0,356300.0,21379.8,Secondary / secondary special,Single / not married,Pensioner,-15112,365243,,0.5296638589318854,0.3917761046463118,0.5416534804371551
102469,0,F,Y,Y,0,107300.0,409900.0,40021.0,Secondary / secondary special,Single / not married,Pensioner,-14055,365243,0.2,,0.617907933440314,0.7072243691030745
102470,0,F,Y,Y,0,215100.0,591900.0,27878.9,Higher education,Married,Pensioner,-14466,365243,10.8,0.8513199108272981,0.782639777259866,0.3557859857397119
102471,0,F,N,Y,0,207700.0,326300.0,10951.2,Higher education,Married,Commercial associate,-22463,-3580,,,0.4184814121648129,0.5304522284236206
102472,0,M,Y,N,0,228800.0,585300.0,28878.0,Secondary / secondary special,Married,Working,-22065,-1631,15.0,0.46973462456207105,0.745567716408884,0.3845280873749068
102473,0,M,N,Y,0,186200.0,1030700.0,59082.0,Secondary / secondary special,Married,Pensioner,-19300,365243,,0.596491527688286,0.702290791956071,0.7857109712358177
102474,0,F,Y,Y,2,92200.0,560300.0,28158.9,Secondary / secondary special,Single / not married,Working,-19751,-2630,7.1,,0.75514641974413,0.3708374192450163
102475,0,F,N,Y,1,294100.0,1531700.0,63019.6,Higher education,Married,Commercial associate,-21757,-3433,,,0.9022140813571463,
102476,0,F,N,Y,0,269500.0,993400.0,82940.4,Secondary / secondary special,Married,Working,-14420,-2948,,,0.5155813624754427,0.6505313439524172
102477,1,F,N,Y,2,123800.0,606600.0,32026.0,Higher education,Married,Commercial associate,-15569,-1623,,0.5199666096703972,0.8091083006344588,0.20794989589704266
102478,0,F,N,Y,0,173700.0,368100.0,27330.1,Higher education,Married,Working,-11960,-261,,,0.6057314372261348,0.6484634753320151
102479,0,F,N,N,0,160100.0,313800.0,13674.4,Secondary / secondary special,Civil marriage,Commercial associate,-11843,-2780,,0.8688650447337192,0.3668065190584691,0.5163871098315754
102480,0,M,N,N,0,124600.0,303800.0,10461.5,Secondary / secondary special,Married,Pensioner,-24055,365243,,,0.726899548322023,0.3568550801775226
102481,0,F,N,Y,0,87400.0,395100.0,26954.1,Higher education,Civil marriage,Working,-21005,-1636,,,0.7716335850963518,0.6445907770357457
102482,1,F,N,Y,0,190700.0,686900.0,38558.3,Higher education,Single / not married,Working,-15612,-528,,,0.8358744058494814,
102483,1,F,N,Y,1,75300.0,181800.0,11789.6,Secondary / secondary special,Single / not married,Pensioner,-8353,365243,,0.4320144772871857,,0.7051486207224854
102484,0,F,N,Y,0,112700.0,476500.0,26865.1,Secondary / secondary special,Married,Working,-20693,-790,,,0.6981179599371046,0.7292236293071325
102485,0,M,N,Y,1,318200.0,1927600.0,100479.9,Secondary / secondary special,Married,Commercial associate,-24299,-2314,,0.7014147008722027,0.7587246650522583,0.8376043530526398
102486,0,F,Y,N,0,177600.0,755900.0,29556.9,Secondary / secondary special,Married,Pensioner,-23917,365243,17.5,0.7312694272325612,0.5596916616722954,0.7176851820936153
102487,0,M,N,Y,0,175000.0,715400.0,33685.3,Secondary / secondary special,Married,Commercial associate,-20190,-131,,,0.8603057795212801,0.43769571608168817
102488,1,M,N,Y,0,129000.0,422500.0,21101.3,Secondary / secondary special,Married,Working,-19026,-2227,,0.6930854805987122,0.2954004087349843,0.7178272518368224
102489,0,F,N,Y,0,72900.0,113900.0,10738.6,Higher education,Married,Commercial associate,-9788,-1192,,0.5584990998142778,0.6767828872387316,0.7202819149232955
102490,0,F,N,N,0,177400.0,484200.0,44648.2,Secondary / secondary special,Separated,State servant,-9172,-1297,,,0.8467910168616417,
102491,1,M,N,Y,1,184300.0,580700.0,21335.9,Secondary / secondary special,Single / not married,Working,-12319,365243,,0.5753182527932418,0.46561127555338666,0.4175318932644713
102492,0,F,N,N,2,210500.0,794000.0,29874.5,Secondary / secondary special,Civil marriage,Commercial associate,-17553,-7316,,,,
102493,0,F,Y,N,0,123400.0,754100.0,58996.8,Secondary / secondary special,Widow,Working,-23680,-4834,17.8,0.7667253858674292,0.7698510241848481,0.5811771791476554
102494,1,M,N,Y,1,122500.0,367900.0,13332.3,Secondary / secondary special,Single / not married,Unemployed,-22942,365243,,,0.31724837670522205,0.6054055533189991
102495,1,M,Y,Y,0,190200.0,583000.0,19707.5,Secondary / secondary special,Married,Working,-13036,-2683,10.2,0.3435945898422326,0.4679817467706383,0.6838205204716243
102496,0,F,Y,Y,0,83600.0,259600.0,10679.0,Secondary / secondary special,Married,Working,-14091,-849,3.5,,0.6587563997992057,0.8698644744028862
102497,0,F,Y,Y,1,212300.0,545800.0,28305.9,Secondary / secondary special,Single / not married,Working,-13111,-3555,3.6,,0.766111575025202,0.35030341259242337
102498,0,F,N,Y,0,137000.0,501900.0,34791.4,Secondary / secondary special,Civil marriage,State servant,-16965,-1590,,0.6222562088943886,0.6491401564368274,
102499,0,M,Y,Y,0,168000.0,880000.0,31694.3,Secondary / secondary special,Civil marriage,Commercial associate,-21852,-155,11.7,0.8996919137418383,0.43787424312551815,0.28682728190550744
102500,0,F,N,N,1,416000.0,2152700.0,125985.2,Secondary / secondary special,Married,Working,-21399,-314,,0.6385063692529813,0.6990141204265107,
102501,0,F,N,N,1,130300.0,198000.0,13370.6,Secondary / secondary special,Single / not married,Working,-23208,-409,,,0.7378522207485624,0.5856946340523758
102502,0,M,N,Y,0,156800.0,837700.0,38928.8,Secondary / secondary special,Married,Pensioner,-16817,365243,,0.6037967868167887,0.6346431499499461,0.6282069400420903
102503,0,M,Y,Y,0,149300.0,517400.0,18399.2,Higher education,Married,Working,-19209,365243,10.4,0.63891732747864,0.9178630041682281,0.5462488123318976
102504,0,M,Y,Y,0,60400.0,96500.0,3520.5,Secondary / secondary special,Married,Commercial associate,-24394,-2183,12.2,0.7824445513571454,0.6938487432456758,0.6994295742936952
102505,0,F,N,Y,0,193900.0,1251600.0,47785.8,Secondary / secondary special,Married,Commercial associate,-19514,-605,,,0.26659289270973585,0.881832259516127
102506,0,F,N,Y,1,51400.0,301700.0,18638.2,Secondary / secondary special,Married,Pensioner,-10599,365243,,0.6512842849578355,0.8001394477920646,0.5898764588062242
102507,0,M,N,Y,1,207100.0,680900.0,26929.2,Secondary / secondary special,Single / not married,Commercial associate,-13400,-3254,,0.43718565984954433,0.5057527632817063,0.831825494918787
102508,0,M,N,N,0,107900.0,529800.0,18947.1,Secondary / secondary special,Married,Pensioner,-8997,365243,,,0.7893212559958241,0.3844585458841678
102509,0,F,N,Y,0,105600.0,495100.0,18501.7,Secondary / secondary special,Separated,Working,-9607,-14,,,0.4173947054878664,0.701393300482742
102510,0,F,N,N,1,144700.0,930000.0,41824.4,Secondary / secondary special,Married,Working,-16293,-579,,,0.8024963324576208,0.5264010684458559
102511,0,F,N,Y,0,81100.0,195300.0,9160.6,Higher education,Married,Working,-20618,-302,,0.6835067096241542,0.7313667943864193,0.6121028251827925
102512,1,F,N,Y,0,140000.0,359200.0,13365.2,Secondary / secondary special,Married,Working,-10982,-3435,,0.5187971011338771,0.783439852637306,
102513,0,F,N,N,0,89900.0,436000.0,21299.2,Secondary / secondary special,Married,Commercial associate,-13280,-1552,,0.6931462299181764,0.7737202686163533,
102514,0,F,N,Y,0,82400.0,154600.0,10363.4,Secondary / secondary special,Married,Commercial associate,-13570,-1914,,,0.7438332761512059,0.5187364863182847
102515,0,F,Y,Y,1,133500.0,748200.0,39317.9,Incomplete higher,Married,Pensioner,-22399,365243,14.7,,0.6612192388195381,0.6143744342754504
102516,0,M,Y,N,1,255400.0,656500.0,24329.0,Secondary / secondary special,Married,Pensioner,-10896,365243,19.2,,0.5612962669901626,0.7461312857007797
102517,0,F,N,Y,2,203800.0,1087300.0,104786.7,Secondary / secondary special,Married,Working,-8267,-1426,,,0.5343656584326526,0.895093684371725
102518,1,F,N,Y,2,115300.0,261500.0,14298.6,Secondary / secondary special,Married,Commercial associate,-18607,-90,,,0.5691479485803868,
102519,0,F,Y,Y,0,136800.0,711600.0,26198.4,Academic degree,Married,Commercial associate,-16907,-2463,0.7,0.6559389398279802,0.656865050777092,0.6855470529273019
102520,0,F,N,Y,0,115300.0,219200.0,10509.4,Higher education,Married,State servant,-7717,-1143,,0.7073256147359425,0.8239556034220971,
102521,0,F,Y,Y,0,86000.0,173800.0,9722.1,Secondary / secondary special,Married,Working,-21076,-137,19.2,,0.4196466408183827,0.4263040395448127
102522,0,F,Y,N,0,91900.0,160100.0,6599.1,Secondary / secondary special,Married,Commercial associate,-15101,-2051,17.0,,0.4937338217342594,0.6117934075302023
102523,0,F,N,Y,0,165900.0,796000.0,35723.4,Higher education,Civil marriage,Working,-17274,-1012,,0.8134722141090538,0.8889078987265845,0.42059488515290705
102524,0,F,N,Y,1,106000.0,246700.0,11605.5,Secondary / secondary special,Married,Working,-19430,-3028,,0.6179978958326449,0.7252950605329426,0.6523099195746401
102525,0,M,Y,Y,0,143300.0,475400.0,32499.6,Secondary / secondary special,Married,Commercial associate,-8570,-407,1.5,,0.7260975481119933,
102526,0,F,N,Y,0,93000.0,552800.0,19451.0,Secondary / secondary special,Civil marriage,Working,-10695,-7,,0.6332582859509158,0.843542287812323,
102527,0,M,N,N,1,210300.0,649100.0,55548.6,Secondary / secondary special,Married,Working,-15790,-892,,,0.8803210131677279,0.5896185936646309
102528,0,M,N,Y,0,196300.0,455900.0,19127.6,Secondary / secondary special,Civil marriage,Pensioner,-10684,365243,,,0.7679315947813822,0.840180986046217
102529,0,M,N,Y,0,296700.0,1438500.0,61507.5,Secondary / secondary special,Single / not married,Working,-9714,-792,,,0.5076427813442297,0.7293217836498705
102530,0,F,N,Y,1,271800.0,623600.0,49480.8,Higher education,Single / not married,Working,-13367,-3564,,,0.6702608724166973,0.6221402352104666
102531,0,F,N,N,0,97300.0,500600.0,41723.0,Secondary / secondary special,Civil marriage,Commercial associate,-15150,-517,,0.6611919049865743,0.593236474674672,0.7310856521988492
102532,0,F,N,Y,0,100000.0,372600.0,22121.8,Secondary / secondary special,Married,Commercial associate,-22570,-1323,,,0.7915711611050094,0.7274815202348885
102533,0,M,N,Y,0,172500.0,1064600.0,91628.5,Secondary / secondary special,Married,Commercial associate,-18100,-98,,,0.4513081052838378,
102534,0,F,Y,N,1,98800.0,262900.0,9043.3,Higher education,Married,Unemployed,-23964,-200,8.5,0.6287080177282247,0.6580588216954203,0.6856543483784608
102535,0,M,Y,Y,1,163700.0,643800.0,23681.1,Secondary / secondary special,Single / not married,Working,-15685,-1443,8.8,0.547140653001677,0.31491576613037864,0.574609382014394
102536,0,F,N,Y,1,126000.0,725300.0,25040.7,Secondary / secondary special,Married,Working,-15952,-1138,,,0.6522702870026853,0.367690719151399
102537,0,M,N,N,1,222500.0,1055700.0,35388.8,Secondary / secondary special,Married,Working,-13130,-307,,,0.6080775651942203,0.7300709559682371
102538,0,F,N,N,0,225300.0,568700.0,39486.0,Secondary / secondary special,Widow,Working,-9100,-978,,0.8373974553837199,0.8649326267989609,0.5162180058888062
102539,0,F,Y,Y,0,128300.0,237800.0,9360.7,Secondary / secondary special,Married,Working,-10685,-4016,11.4,,0.5459195934611614,0.49743563563026
102540,0,F,N,N,1,64700.0,278600.0,14563.7,Secondary / secondary special,Married,Pensioner,-8857,365243,,0.45390340856003925,0.6371485279681159,0.5677253078913508
102541,0,F,Y,Y,0,232000.0,1007900.0,92778.3,Secondary / secondary special,Married,Working,-20003,-2510,8.7,,0.5649975599793148,0.4528267717889562
102542,0,F,N,N,0,111900.0,288000.0,14191.4,Secondary / secondary special,Married,Working,-13788,-3330,,,0.582360723619864,
102543,0,F,N,Y,0,145700.0,794700.0,68251.9,Higher education,Married,Pensioner,-8222,365243,,,0.6478605068588906,
102544,0,F,N,Y,0,138500.0,371400.0,12493.1,Secondary / secondary special,Married,Pensioner,-20857,365243,,,0.6927191311161592,0.4136827986487969
102545,0,F,N,Y,1,175100.0,1113700.0,41793.8,Secondary / secondary special,Separated,Commercial associate,-12138,-225,,0.6528056296520478,0.4830293512479289,0.5970648444977242
102546,0,F,Y,N,0,111300.0,562900.0,21221.4,Higher education,Married,Commercial associate,-23335,-3302,13.3,0.3603637541470675,0.710307419786512,0.5965886020086782
102547,0,M,N,N,0,89000.0,403000.0,34866.7,Higher education,Married,Working,-22100,-3938,,0.6949610257409788,0.7938566273727978,
102548,0,F,N,Y,0,157700.0,753100.0,74166.9,Secondary / secondary special,Single / not married,Commercial associate,-12995,-712,,,0.6619846803670416,
102549,0,F,N,Y,1,213600.0,327400.0,21326.4,Secondary / secondary special,Married,Working,-11802,-1514,,0.8008760694910552,0.7223312660648007,0.6325970677268795
102550,0,F,N,Y,1,139300.0,460300.0,17285.4,Secondary / secondary special,Married,Commercial associate,-25080,-2651,,0.7335867328353524,0.5959711452015797,0.6988442933239535
102551,0,F,N,Y,0,139100.0,811500.0,37572.1,Secondary / secondary special,Married,Pensioner,-22040,365243,,0.5276144759640093,0.8218224100285969,0.463961612190465
102552,0,F,N,N,0,86300.0,527100.0,22870.1,Secondary / secondary special,Single / not married,Working,-23915,-888,,,0.8214175431762503,0.620541549420924
102553,0,F,N,Y,1,185600.0,456000.0,36267.0,Secondary / secondary special,Married,Working,-7968,-18,,,0.6073270758757539,0.344827583754727
102554,0,M,N,N,0,191700.0,1148700.0,59782.1,Secondary / secondary special,Single / not married,Working,-18160,-2484,,,0.7388726562767007,0.25768666318475886
102555,0,F,N,N,1,140300.0,472200.0,24466.1,Secondary / secondary special,Civil marriage,Pensioner,-12345,365243,,,0.7285445234056311,0.4428470321583643
102556,1,M,N,Y,0,95000.0,473100.0,15989.2,Secondary / secondary special,Married,Working,-14240,-3432,,0.611302647841036,0.37237819326100124,0.7801377442037023
102557,1,F,N,Y,0,152800.0,897900.0,35234.1,Higher education,Married,Commercial associate,-9266,-583,,,0.7608804819216559,
102558,0,F,Y,N,1,158700.0,414500.0,32682.4,Secondary / secondary special,Civil marriage,Pensioner,-20790,365243,3.2,0.9150624212465709,0.5226661346544453,0.6389224477017963
102559,0,F,N,N,0,144600.0,315200.0,16433.0,Secondary / secondary special,Married,Working,-16885,-2485,,0.909123805378528,0.8147847826767419,0.947066035549614
102560,0,F,N,N,0,90500.0,349700.0,13752.2,Secondary / secondary special,Married,Commercial associate,-21555,-2357,,0.9070046958029941,0.43727008824105024,0.9405226079991456
102561,0,F,N,Y,0,165100.0,761800.0,29647.9,Secondary / secondary special,Married,Working,-9712,-3137,,,0.48079557826233543,0.4235780735829846
102562,0,M,Y,Y,0,158500.0,687800.0,36011.6,Higher education,Married,Commercial associate,-25154,-410,7.0,0.2582108153445844,0.571882346802829,0.8811177121598066
102563,0,M,N,N,1,177800.0,871100.0,32903.4,Higher education,Separated,Working,-13781,-81,,0.5828906460573196,0.8310645703243881,0.6943064185572883
102564,0,F,N,Y,1,138500.0,844000.0,43263.5,Secondary / secondary special,Married,Working,-24350,-432,,,0.7526533339133905,0.6429731243906026
102565,0,F,N,Y,2,262400.0,544000.0,50990.2,Secondary / secondary special,Married,Working,-19529,-1465,,0.6356820017333212,0.6868172779326503,0.9095143581541663
102566,0,F,Y,N,0,147100.0,929300.0,35415.8,Secondary / secondary special,Married,Pensioner,-9578,365243,4.1,,0.7302624610661159,0.6992492965053059
102567,0,F,Y,Y,0,275900.0,635600.0,21267.8,Incomplete higher,Married,Commercial associate,-21380,-1012,18.6,,0.8563688095176897,0.4997911456618209
102568,0,F,N,Y,0,162800.0,1003400.0,64485.7,Secondary / secondary special,Civil marriage,Pensioner,-17499,365243,,,0.5960862709563085,0.5681009263635837
102569,0,M,Y,Y,0,87400.0,462600.0,19837.1,Secondary / secondary special,Married,Commercial associate,-10978,-3261,11.8,0.5888939319596483,0.3809104725909164,0.521508333115771
102570,0,M,N,N,1,214500.0,1191900.0,65815.4,Secondary / secondary special,Civil marriage,Pensioner,-10952,365243,,,0.6088886731143395,
102571,0,F,N,Y,0,125000.0,734100.0,40509.7,Secondary / secondary special,Married,Commercial associate,-24380,-43,,0.8053065753423865,0.5743731445883002,0.6979696862587811
102572,0,F,N,Y,1,120600.0,248900.0,8780.1,Secondary / secondary special,Separated,Working,-25177,-878,,0.37371901153553416,0.8438193902883937,
102573,0,M,Y,N,0,235000.0,1132600.0,38788.0,Higher education,Civil marriage,Commercial associate,-17770,365243,8.3,0.6427322046524704,0.8437241466582603,0.3705591750044869
102574,0,M,N,Y,0,83900.0,271000.0,22257.6,Secondary / secondary special,Married,Working,-10951,-264,,0.35799785450078586,0.6264319514426788,
102575,1,F,N,Y,0,66900.0,227600.0,9274.3,Secondary / secondary special,Civil marriage,Pensioner,-13635,365243,,,0.8850937045321521,0.5718711486626978
102576,0,F,N,N,0,133400.0,551000.0,40515.1,Secondary / secondary special,Married,Pensioner,-11386,365243,,,0.7295518450584145,0.9256282087462303
102577,0,M,Y,Y,0,168700.0,758200.0,36769.8,Secondary / secondary special,Married,Working,-18320,-713,11.4,,0.4353636265254904,0.6862134690899581
102578,0,M,Y,N,0,217600.0,1090900.0,41930.0,Incomplete higher,Married,Pensioner,-14687,365243,1.7,,0.6579352425092763,0.520101765805676
102579,0,F,N,N,0,157200.0,715700.0,49464.7,Secondary / secondary special,Married,Working,-14298,-2245,,,0.749718326501027,
102580,0,M,N,Y,1,53500.0,141000.0,8544.1,Higher education,Widow,Commercial associate,-21720,-200,,,0.4660483889635286,0.5032170456213751
102581,0,F,Y,Y,1,95100.0,314800.0,10897.1,Higher education,Single / not married,Pensioner,-24563,365243,18.1,,0.4915843093124254,0.6375927089600734
102582,0,M,N,Y,0,83500.0,484800.0,26413.9,Secondary / secondary special,Married,Working,-11124,-249,,,0.7709003618998513,0.5782055570181747
102583,0,F,Y,Y,0,63000.0,319400.0,27691.9,Secondary / secondary special,Separated,Working,-14935,-466,11.3,,0.5793712395388239,0.5626864212410112
102584,0,F,N,Y,1,136400.0,518300.0,28277.0,Secondary / secondary special,Married,Pensioner,-17076,365243,,0.6573561748549851,0.6907182160931088,0.811007968806895
102585,0,F,Y,Y,0,185300.0,498200.0,26178.3,Secondary / secondary special,Married,Working,-11980,-772,10.6,,0.5066730663938646,0.7514649502434484
102586,1,F,N,N,2,228000.0,1290700.0,50468.8,Secondary / secondary special,Civil marriage,Working,-14716,-2892,,,0.56779051924087,0.8125667668017916
102587,0,F,N,Y,1,184100.0,505800.0,29809.9,Secondary / secondary special,Married,Pensioner,-8648,365243,,0.4129201979981016,0.5905289905080876,0.617722390140718
102588,0,F,Y,N,1,114600.0,690000.0,55051.9,Secondary / secondary special,Civil marriage,Working,-8392,-191,11.4,,0.6719859965449138,0.7354772568785213
102589,0,F,N,Y,1,239700.0,886700.0,34687.3,Secondary / secondary special,Married,Working,-21456,-1734,,0.660810724671093,0.6651630063378549,0.9456206633925831
102590,0,F,Y,Y,0,134000.0,644900.0,36837.8,Secondary / secondary special,Married,State servant,-13615,-456,6.9,,0.7920253945585222,0.7914898577079966
102591,0,M,Y,Y,0,151300.0,395300.0,37208.1,Secondary / secondary special,Married,Commercial associate,-20072,-1080,4.2,0.6947644217660289,0.6595295781452672,
102592,0,M,Y,Y,1,109300.0,247700.0,9295.6,Secondary / secondary special,Married,Commercial associate,-9123,-236,3.0,,0.7567888335695454,0.8070840096507762
102593,0,M,Y,Y,1,131900.0,354200.0,12076.1,Secondary / secondary special,Married,Working,-19428,-1568,6.3,0.6555521042679407,0.7532175438192615,0.9023563866006652
102594,0,F,N,Y,0,121800.0,522100.0,17846.4,Secondary / secondary special,Married,Unemployed,-19125,-5072,,,0.6508512234598814,0.7905519156834179
102595,0,F,Y,N,0,79100.0,390700.0,17432.9,Higher education,Married,Working,-22071,-338,19.7,0.6026973405196038,0.43389472085208164,0.5887779647764223
102596,0,M,N,Y,0,196200.0,766700.0,50191.9,Higher education,Single / not married,Working,-11257,-1930,,,0.5371233204433848,
102597,0,F,Y,Y,1,158800.0,863300.0,31572.8,Secondary / secondary special,Married,Working,-17332,-819,1.0,,0.4657480105413563,
102598,0,F,N,N,0,210600.0,475600.0,35077.8,Secondary / secondary special,Married,Commercial associate,-23469,-3197,,,0.8449386223008469,0.7976540523930838
102599,0,M,N,Y,0,107300.0,663700.0,26562.7,Secondary / secondary special,Married,Working,-11525,-1286,,0.3614464540838045,0.889570529899281,0.6531615274394181
102600,1,M,N,Y,0,202300.0,910300.0,33167.7,Secondary / secondary special,Married,Working,-9859,-767,,,0.3253786431037054,0.612120284746361
102601,0,F,Y,Y,1,72700.0,229800.0,8048.8,Secondary / secondary special,Married,Commercial associate,-13714,-617,13.5,0.7807941017335723,0.43756815506493996,0.5518824098838823
102602,0,M,Y,Y,1,187900.0,796000.0,37222.3,Higher education,Married,Commercial associate,-24594,-3196,15.7,,0.6141668624775186,0.4906550664258208
102603,0,F,N,Y,1,199600.0,740600.0,25413.3,Higher education,Married,Working,-10429,-638,,,0.8386901996433808,0.5587425415495149
102604,0,M,N,Y,1,92300.0,511400.0,47714.8,Secondary / secondary special,Widow,Commercial associate,-9762,-142,,0.7381748714770578,0.65301481491446,0.25039241482256075
102605,0,F,N,Y,1,243400.0,713700.0,66317.8,Higher education,Married,Working,-25162,-78,,,0.6510076457785255,0.617950792377751
102606,0,F,Y,Y,1,296900.0,1371800.0,54369.1,Secondary / secondary special,Married,Working,-14563,-1347,13.6,0.4017779748657101,0.5629001005759955,0.7480607279999966
102607,0,F,Y,Y,0,113700.0,585700.0,19552.3,Higher education,Single / not married,Working,-10286,-341,19.7,,0.6101993922150379,0.6847141626079238
102608,0,F,N,N,1,282700.0,1798400.0,138821.7,Secondary / secondary special,Married,State servant,-17463,-414,,0.6421964330926456,0.5563498312619914,0.7375416126182105
102609,0,M,N,Y,0,68500.0,133800.0,7650.3,Higher education,Married,Commercial associate,-7913,-1255,,,0.6116473375826711,0.9119725932577072
102610,0,F,N,Y,1,138500.0,638200.0,21472.8,Secondary / secondary special,Married,Working,-15131,-6716,,0.7796632957520009,0.7043492024357938,
102611,0,M,Y,N,0,45400.0,150500.0,5485.6,Secondary / secondary special,Married,Working,-8305,-1730,11.0,,0.74992178628518,0.6421668152957646
102612,0,M,Y,Y,0,223800.0,775200.0,42552.2,Secondary / secondary special,Civil marriage,Working,-17581,-2514,16.2,,0.6612549249704642,0.7164285675954809
102613,0,F,N,Y,1,74000.0,268500.0,9654.1,Secondary / secondary special,Married,Commercial associate,-18623,-600,,0.5062468427015001,0.801434833687552,0.5858799302897747
102614,0,M,N,N,0,61200.0,194800.0,10241.1,Higher education,Civil marriage,Commercial associate,-7732,-1157,,0.9583319094266229,0.6928312291349912,0.6108154616170955
102615,0,F,Y,N,0,165700.0,686800.0,40914.7,Secondary / secondary special,Married,Working,-16658,-277,15.8,,0.6537144673613996,0.8713941624372915
102616,0,F,N,Y,1,234800.0,638500.0,29354.1,Higher education,Single / not married,Pensioner,-24237,365243,,,0.6655964083799405,0.7221975893673461
102617,0,F,N,Y,0,122800.0,706000.0,45338.9,Secondary / secondary special,Married,Working,-14649,-11,,0.9028738284512724,0.7056139637497335,0.5609735500281395
102618,0,M,Y,N,2,156600.0,889200.0,38428.3,Higher education,Separated,Working,-24404,-779,16.4,,0.9338531079927632,0.7233783524292472
102619,0,M,N,Y,2,325400.0,639800.0,40458.1,Higher education,Married,Working,-24561,-108,,0.39969545830548436,0.8671068632724152,0.7800182839957852
102620,0,M,N,N,0,96000.0,180100.0,8937.1,Secondary / secondary special,Married,Working,-11882,-5307,,,0.6853184008866287,0.3745311431765901
102621,0,M,N,Y,0,94700.0,339800.0,13346.9,Secondary / secondary special,Married,Pensioner,-17792,-983,,0.7718348466218241,0.7579879208267406,0.4642319904647594
102622,0,M,N,Y,1,240000.0,1162300.0,42651.0,Secondary / secondary special,Separated,Working,-22227,-2526,,,0.8414480631526301,0.708981868663406
102623,0,F,N,N,0,162900.0,734200.0,67955.9,Secondary / secondary special,Married,Pensioner,-20103,365243,,0.40806658626427095,0.94013125988956,0.6618582099035664
102624,0,M,Y,N,2,279600.0,709100.0,28929.0,Secondary / secondary special,Married,Working,-20996,-30,0.2,0.4825584817529591,0.46421317958765457,0.3132380707761466
102625,0,F,N,Y,2,82200.0,349700.0,12592.9,Higher education,Widow,Working,-12244,-381,,0.5017055082039501,0.5062254612093177,0.7085040439067746
102626,0,F,N,Y,1,65800.0,105400.0,4262.1,Higher education,Civil marriage,Working,-23768,-24,,,0.7703475582243239,0.6887394466624144
102627,0,F,N,N,1,77200.0,179600.0,12294.9,Secondary / secondary special,Single / not married,Working,-11801,-16,,,0.7111211228735058,
102628,0,F,N,Y,2,202400.0,586400.0,23518.3,Higher education,Married,Working,-18975,-569,,,0.6410653606092437,
102629,0,F,N,N,1,252800.0,1303000.0,49935.5,Higher education,Married,Working,-23181,-1210,,,0.7632008724641908,0.24980257498040653
102630,1,F,N,Y,0,238400.0,1254400.0,92281.5,Secondary / secondary special,Separated,Unemployed,-13972,-1454,,,0.7766101913791228,0.25477318143321304
102631,0,F,N,Y,0,189100.0,399800.0,14160.2,Incomplete higher,Married,Commercial associate,-17350,-1566,,,0.5957445632006905,0.7520333421882703
102632,0,F,N,N,0,258800.0,606200.0,39239.7,Higher education,Single / not married,Working,-19776,-504,,0.6925438860534501,0.6585522249775617,
102633,0,M,N,N,1,112000.0,277800.0,9602.8,Secondary / secondary special,Married,Pensioner,-23948,365243,,,0.6837788491511588,0.6909890113799085
102634,1,F,N,Y,0,60300.0,262500.0,13130.9,Incomplete higher,Widow,Working,-15525,-1415,,0.4109407644412664,0.49621365569082343,0.4668383170712393
102635,0,F,Y,N,0,71100.0,137000.0,10883.6,Secondary / secondary special,Married,Pensioner,-18245,365243,8.3,0.7302332522672481,0.499100112989532,0.4607572293004087
102636,0,F,N,Y,0,76600.0,416500.0,17247.2,Secondary / secondary special,Married,State servant,-10156,-43,,0.7722169488198397,0.5218891505252256,0.6367280417772916
102637,0,F,N,Y,0,61600.0,300800.0,14092.1,Secondary / secondary special,Single / not married,Working,-8813,-209,,0.7192491859120773,0.6890720612626123,0.8040889218651269
102638,0,F,Y,Y,2,79800.0,403500.0,15976.1,Secondary / secondary special,Widow,State servant,-8046,-547,11.2,0.7818354721089595,0.6690842368930022,0.35504244296929377
102639,0,M,N,N,1,97100.0,288700.0,18071.6,Lower secondary,Separated,Working,-16025,-2782,,0.7323330397525616,0.5778994588124816,0.8918050356555016
102640,0,F,Y,Y,0,193500.0,823200.0,73892.8,Secondary / secondary special,Married,Working,-17237,-257,8.4,,0.7531457698651913,
102641,0,M,Y,Y,0,168100.0,508800.0,37839.9,Secondary / secondary special,Married,Commercial associate,-9184,-2250,13.7,,0.9107475121543327,0.40599788881605725
102642,0,M,Y,N,1,290300.0,1061500.0,54305.4,Secondary / secondary special,Single / not married,Commercial associate,-10845,-442,3.4,,0.7538953597415391,0.8549664132698908
102643,0,F,Y,Y,0,84300.0,164000.0,15024.9,Higher education,Married,Working,-12339,-2110,19.6,0.46804213034859893,0.6735933585859202,0.7845775754292516
102644,0,M,Y,Y,0,174200.0,432000.0,18634.3,Secondary / secondary special,Married,Working,-23296,-3818,0.5,0.6563747330679218,0.6837400561088947,0.389114208092722
102645,0,F,N,Y,0,266300.0,509100.0,25333.9,Secondary / secondary special,Married,Working,-9410,-1130,,,0.8145337756198333,0.822884078155055
102646,0,M,N,N,0,117000.0,537800.0,37891.5,Secondary / secondary special,Married,Working,-16255,-1511,,0.39894099323068316,0.6690887735510674,
102647,0,M,Y,Y,0,120500.0,665200.0,25606.5,Secondary / secondary special,Married,Working,-21504,365243,5.1,,0.5876847881834854,
102648,0,M,Y,N,1,274200.0,1754100.0,76002.9,Higher education,Married,Working,-22926,-512,6.2,,0.6502368659816018,0.9117068618948335
102649,0,M,N,Y,0,125500.0,618400.0,29468.4,Incomplete higher,Widow,State servant,-19822,-139,,0.6474445359698264,0.8792629432104705,
102650,0,M,Y,Y,0,280700.0,1626400.0,66495.6,Secondary / secondary special,Single / not married,Pensioner,-12325,365243,17.3,0.5253065694058788,0.8003868577373708,0.5771944627244614
102651,0,M,N,N,0,75600.0,244000.0,11163.5,Higher education,Married,State servant,-9798,-1120,,,0.7910637224931196,
102652,0,F,N,Y,1,305200.0,1682100.0,165060.2,Higher education,Married,Working,-10438,-2403,,0.6822354496038919,0.16529560055781364,0.4713745535138629
102653,0,M,N,Y,0,259300.0,682300.0,32580.8,Secondary / secondary special,Married,Working,-21174,-21,,,0.41330656761262635,0.6936692165015611
102654,0,M,N,Y,2,95800.0,409200.0,27222.9,Secondary / secondary special,Single / not married,Commercial associate,-12869,-112,,0.44138135914514665,0.5152437803545632,0.7854527059106988
102655,0,F,N,Y,0,128200.0,434200.0,17109.5,Secondary / secondary special,Civil marriage,Commercial associate,-13593,-245,,,,0.314309543242474
102656,0,M,N,Y,1,84200.0,415700.0,17829.8,Secondary / secondary special,Married,Commercial associate,-10747,-4173,,,0.680402829994561,0.8803542254401591
102657,1,F,N,N,1,117900.0,522500.0,23890.0,Secondary / secondary special,Widow,Working,-15290,-1440,,,0.6516500052683483,0.5939539274497108
102658,0,F,Y,Y,1,72900.0,392900.0,18993.5,Secondary / secondary special,Married,Pensioner,-13535,365243,1.6,,0.7289758869488437,0.5797005662537819
102659,0,F,Y,Y,0,66100.0,175600.0,11593.5,Higher education,Single / not married,Working,-13929,-1945,19.2,0.7227207426371712,0.47667989036038527,0.6184963420246897
102660,0,F,N,Y,1,83800.0,500000.0,21652.1,Secondary / secondary special,Separated,Working,-8262,-580,,,0.7930585867720453,0.722805343549661
102661,0,M,N,Y,0,234800.0,721000.0,27854.6,Secondary / secondary special,Single / not married,Working,-15780,-548,,,0.6776397205679267,
102662,0,F,N,Y,0,63800.0,117500.0,6582.1,Secondary / secondary special,Married,Working,-9631,-776,,0.2668029210827311,0.6623061762287238,0.5279652792182037
102663,0,F,Y,N,1,273100.0,949100.0,55764.1,Secondary / secondary special,Married,Working,-17061,365243,11.1,0.6348885467006226,0.6671660643541399,0.4929948865262715
102664,0,F,Y,Y,0,222200.0,370200.0,12870.9,Higher education,Married,Unemployed,-19402,365243,0.0,,0.35789564884679165,0.508078900781413
102665,0,F,N,N,0,266400.0,1274400.0,48965.7,Higher education,Married,Commercial associate,-17244,-3,,0.7905819081704305,0.7274236276974358,0.40716672170088514
102666,0,M,N,Y,0,172000.0,420100.0,37286.3,Secondary / secondary special,Married,Working,-10238,-3663,,,0.7418235351150867,0.6314297602776564
102667,0,M,N,Y,1,309300.0,1608100.0,103509.5,Secondary / secondary special,Married,Working,-18478,-110,,0.6141471208475988,,
102668,0,F,N,N,0,77200.0,466600.0,17252.2,Secondary / secondary special,Married,Working,-14907,-1170,,,0.4508097536560732,0.6058852478900991
102669,0,F,Y,Y,1,272600.0,1212700.0,48343.4,Secondary / secondary special,Married,Pensioner,-13971,365243,9.0,,0.708225610615665,0.8669309579121298
102670,0,F,N,N,0,578800.0,2790800.0,201056.6,Higher education,Married,Pensioner,-10278,365243,,0.6667924804736898,0.6216497107442694,0.3506982385407892
102671,0,F,N,N,0,130800.0,475900.0,24056.3,Secondary / secondary special,Single / not married,Commercial associate,-25102,-4608,,0.46923558977692853,0.5071416330391398,
102672,0,F,N,N,1,143600.0,278900.0,20291.4,Higher education,Married,State servant,-14554,-5929,,0.6247283540506092,0.7822417882064719,0.7204271059564032
102673,1,F,N,Y,1,97300.0,355400.0,16302.7,Secondary / secondary special,Married,Working,-15671,-248,,0.48782580865531205,0.8028697643267259,0.33854389895014336
102674,0,F,N,Y,1,151700.0,538600.0,45775.0,Secondary / secondary special,Single / not married,Pensioner,-9324,365243,,0.4270079020757347,0.7039360961945514,0.397493545735705
102675,0,F,Y,Y,0,160100.0,549200.0,35962.4,Secondary / secondary special,Married,Working,-19512,-5415,14.1,,0.5631910520970009,
102676,0,F,N,N,0,50900.0,235300.0,20157.8,Higher education,Married,Pensioner,-12625,365243,,,0.5360771211438787,0.8401498279008361
102677,0,F,N,Y,0,194000.0,788100.0,27666.9,Secondary / secondary special,Single / not married,Pensioner,-20646,365243,,,0.4895744303951208,0.6936240903614409
102678,1,M,N,Y,0,242600.0,1467000.0,107876.8,Higher education,Married,Working,-8847,-32,,,0.609262895936706,0.5675874970154877
102679,0,M,N,Y,0,99100.0,523800.0,25632.9,Higher education,Married,Working,-12874,-825,,0.2830314096356037,0.6328802815500163,0.6641088724786759
102680,0,F,N,Y,2,121700.0,616300.0,45324.5,Secondary / secondary special,Civil marriage,Working,-20743,-128,,,0.7896341439987329,0.7330383811444439
102681,0,M,Y,Y,1,215700.0,1299400.0,103460.4,Secondary / secondary special,Civil marriage,Working,-14613,-1122,8.6,0.6951895279955534,0.6756851514355569,0.7490743801736095
102682,0,M,N,Y,0,96900.0,377700.0,37486.3,Secondary / secondary special,Married,Working,-8271,-704,,,0.6525548851657043,0.8370764743877448
102683,0,F,N,Y,2,205800.0,1254400.0,107751.9,Secondary / secondary special,Married,Working,-21512,-2,,0.6791727496934303,0.5965246987139484,0.7141966156734847
102684,0,F,Y,N,0,167500.0,598400.0,29065.5,Secondary / secondary special,Civil marriage,Working,-24599,-1878,9.2,0.5356614981002821,0.8400232134449894,
102685,0,F,N,Y,0,421100.0,1238600.0,60350.5,Secondary / secondary special,Married,Working,-14271,-1716,,,0.6849370728648678,0.40451493880421546
102686,1,M,N,Y,1,139000.0,758300.0,50237.0,Secondary / secondary special,Single / not married,Pensioner,-18568,365243,,,0.7953142312945869,0.4572611622821657
102687,0,F,N,Y,0,115800.0,637400.0,22236.2,Secondary / secondary special,Married,Working,-14203,-443,,0.8616284032576208,0.689259427170157,
102688,0,M,N,Y,0,164600.0,585100.0,31118.8,Secondary / secondary special,Married,Working,-17400,-1325,,0.8119329564543896,0.5765353380413486,0.7111241121800295
102689,0,F,N,Y,0,155100.0,724400.0,27712.5,Secondary / secondary special,Married,Working,-20618,-1294,,0.5947733675433099,0.6943973492564832,0.4537566700098455
102690,0,F,N,Y,0,306900.0,1790300.0,88662.3,Higher education,Civil marriage,State servant,-18766,-1198,,0.588979490845333,0.37919998127995547,
102691,0,M,N,Y,1,299800.0,492700.0,33124.7,Higher education,Married,Working,-13187,-166,,0.4119467429719668,0.3908885185842536,0.5454194275534252
102692,0,F,N,Y,1,106100.0,564600.0,42826.5,Lower secondary,Widow,Working,-11092,-217,,,0.7305974881284486,0.43431161172413363
102693,0,M,Y,Y,0,135100.0,438200.0,32449.6,Secondary / secondary special,Single / not married,Working,-17213,-860,19.3,,0.676556652719638,0.4779599875952359
102694,0,M,N,Y,0,107700.0,662600.0,28197.2,Secondary / secondary special,Single / not married,Working,-19232,-141,,0.8198116322183464,0.8859285205333509,0.8420205022968253
102695,0,M,N,Y,0,99500.0,218400.0,8744.3,Secondary / secondary special,Civil marriage,State servant,-17742,-63,,0.6605879828946434,0.5288423727742991,0.7602541401820925
102696,0,F,N,Y,2,34000.0,160500.0,12028.7,Higher education,Married,Commercial associate,-9916,-81,,,0.49777059251509975,0.41169697355339224
102697,1,M,N,Y,2,314900.0,1667500.0,56028.7,Secondary / secondary special,Married,Working,-13894,-2239,,0.3158495384268668,0.5929903978496891,
102698,0,F,Y,Y,0,108900.0,242300.0,8566.2,Secondary / secondary special,Married,Working,-20725,-44,11.9,0.657967761020068,0.7339231670761586,0.45422878369720776
102699,0,F,N,Y,1,120500.0,708100.0,47658.9,Secondary / secondary special,Married,Working,-10243,-1529,,0.7085296769461901,0.5839537915797078,0.7976749658261687
102700,0,M,Y,Y,0,512300.0,1805800.0,110927.3,Secondary / secondary special,Married,Working,-23157,-44,17.6,0.6938088128495412,0.45680678305702743,0.6857050460800828
102701,0,M,Y,N,0,110400.0,182600.0,6203.9,Secondary / secondary special,Single / not married,Working,-15849,-213,17.9,,0.6742233452075322,0.5860558781674925
102702,0,F,N,Y,0,135600.0,648700.0,21658.0,Secondary / secondary special,Civil marriage,Commercial associate,-21540,-1875,,,0.6302400679669149,0.7231503717523569
102703,1,F,Y,Y,0,166100.0,252900.0,13880.8,Secondary / secondary special,Married,Working,-13645,-1055,3.4,,0.32767116344111663,0.6087890025103231
102704,1,M,N,Y,0,171500.0,1061300.0,39665.2,Higher education,Married,Working,-13968,-590,,0.6251676235881544,0.3339526935368817,0.5413608700506175
102705,0,M,Y,Y,0,111500.0,453100.0,15945.7,Secondary / secondary special,Single / not married,Commercial associate,-24624,-139,19.3,0.7526266422286829,0.6807298896920927,0.749686536566312
102706,0,F,N,N,0,244100.0,1437200.0,52068.4,Secondary / secondary special,Single / not married,Commercial associate,-17617,-220,,,0.36757391239685494,0.47566912692064756
102707,1,M,N,Y,0,158300.0,766000.0,32743.4,Higher education,Widow,Working,-9456,-491,,,0.6525349046804998,0.5562345306175885
102708,0,F,Y,Y,0,154900.0,959000.0,52214.2,Higher education,Married,Pensioner,-24460,-3862,4.4,,0.4122751301521931,0.48286595637464275
102709,0,F,N,N,0,108800.0,457900.0,22789.1,Secondary / secondary special,Married,Pensioner,-14242,365243,,,0.5347860972797063,0.5353188691592247
102710,0,F,N,Y,0,138900.0,434400.0,17900.9,Secondary / secondary special,Civil marriage,Pensioner,-20121,365243,,,0.6006509570074446,0.2985961597886968
102711,0,M,N,Y,2,228300.0,434200.0,28605.3,Secondary / secondary special,Married,Working,-9924,-861,,0.5034974365343653,0.38375160127078484,0.2980878573968257
102712,0,F,N,Y,2,228700.0,633100.0,26165.3,Secondary / secondary special,Single / not married,Pensioner,-22665,365243,,,0.6674250571802086,0.5029167461644205
102713,1,F,N,N,1,121400.0,731800.0,35668.8,Higher education,Married,Commercial associate,-24484,-2103,,,0.43011632645957504,
102714,0,F,N,Y,0,104000.0,667400.0,30850.0,Secondary / secondary special,Married,Commercial associate,-14382,-1411,,0.6122722158098503,0.3236216633874399,0.345450183953492
102715,0,M,Y,Y,1,218700.0,368400.0,13788.0,Higher education,Married,Commercial associate,-10207,-946,8.5,0.3736418275164964,0.5352635994996021,0.9046057409922545
102716,0,F,Y,Y,0,168700.0,469600.0,16271.2,Secondary / secondary special,Single / not married,Working,-17446,-4402,17.4,0.7061552559440627,0.6014034620483424,0.5829511016489578
102717,0,F,N,Y,0,218500.0,549600.0,34115.7,Higher education,Married,Commercial associate,-10506,-236,,,0.1644228708791343,
102718,0,M,N,Y,0,95200.0,388100.0,15368.2,Secondary / secondary special,Civil marriage,Pensioner,-15421,365243,,0.565309612118323,0.7145281620401678,0.5507343334309668
102719,0,F,N,Y,0,145900.0,553500.0,25173.5,Higher education,Civil marriage,State servant,-18586,-118,,0.710430621019786,0.5793655619052772,0.3768953000489677
102720,0,F,N,Y,0,218800.0,1401900.0,88651.1,Secondary / secondary special,Civil marriage,Working,-10112,-56,,0.7182118746273375,0.883618733887077,0.8635622429331362
102721,0,F,Y,Y,1,106900.0,349500.0,15234.9,Secondary / secondary special,Separated,Unemployed,-24290,365243,3.7,0.49235577121918017,0.7550127550362149,0.5032545404877884
102722,0,M,N,Y,1,344300.0,1537000.0,66544.9,Secondary / secondary special,Civil marriage,Working,-20040,-856,,0.8245572825845027,0.8869091173285344,
102723,0,F,Y,Y,0,306700.0,1680100.0,63631.1,Secondary / secondary special,Single / not married,State servant,-14004,-101,12.0,0.5169682588617439,0.7034417731514857,0.36485707758363
102724,0,F,N,N,1,134400.0,211700.0,11687.3,Secondary / secondary special,Married,Commercial associate,-14958,-46,,0.6788326006953572,0.7272674312759482,0.7682691956457857
102725,0,F,Y,N,0,134800.0,735000.0,28024.9,Secondary / secondary special,Civil marriage,Commercial associate,-22539,-224,11.2,,0.46307255360225713,0.6254978172985798
102726,0,M,Y,N,1,170200.0,844900.0,56749.2,Secondary / secondary special,Widow,Commercial associate,-16015,-3647,0.8,,0.8700932409109395,0.8258584199247404
102727,0,M,N,Y,0,159000.0,961100.0,49992.6,Secondary / secondary special,Married,State servant,-24975,-1053,,,0.5488298724312424,0.5185178591874727
102728,0,F,Y,Y,1,254400.0,1607700.0,71823.8,Secondary / secondary special,Married,Working,-8760,-1346,19.2,0.7781748237966654,0.3860545817384202,0.809749854776282
102729,0,F,N,Y,0,99100.0,429400.0,19546.4,Higher education,Married,Working,-12427,-75,,,0.5207583328244028,0.9696141243111919
102730,0,M,N,N,0,99500.0,514400.0,46867.6,Secondary / secondary special,Civil marriage,Pensioner,-16759,365243,,0.7136968182853726,0.7995467987100545,0.8354084089573263
102731,1,F,Y,Y,0,166400.0,1070600.0,62774.5,Secondary / secondary special,Widow,Working,-10051,-50,18.7,0.5160032942622322,0.5089414862882956,0.5124648037918796
102732,0,F,Y,Y,0,184000.0,1051900.0,64244.9,Secondary / secondary special,Married,Commercial associate,-13915,-1977,15.1,,0.7660979393502194,0.5905422219645459
102733,0,F,N,Y,1,144900.0,638800.0,21755.7,Secondary / secondary special,Widow,Commercial associate,-16786,-633,,0.6989186369816621,0.6483549999024674,0.8764394470618351
102734,0,F,N,N,2,220400.0,492300.0,16759.8,Higher education,Married,Pensioner,-12245,-173,,0.7519461472502666,0.6334558127288664,0.5905959707732291
102735,0,F,N,N,0,272500.0,914600.0,53012.5,Secondary / secondary special,Married,Pensioner,-10556,365243,,,0.7871063392987402,0.44053073256808584
102736,0,F,Y,N,0,206100.0,1212600.0,47139.9,Higher education,Separated,Working,-12374,-976,13.1,0.7607952217774743,0.8642700745894537,0.6559571566317027
102737,0,F,N,Y,1,174000.0,333500.0,15847.6,Higher education,Widow,Commercial associate,-9117,-1558,,,0.6266908607540836,
102738,0,F,N,Y,1,133600.0,792800.0,44253.1,Higher education,Married,Commercial associate,-11105,-2170,,,0.9633051991383101,
102739,0,M,N,N,2,152300.0,708900.0,27648.7,Secondary / secondary special,Separated,Commercial associate,-8739,-1566,,0.8628722484588743,0.5131530568544977,0.4755441950583418
102740,0,F,N,Y,0,79600.0,441700.0,15209.0,Secondary / secondary special,Civil marriage,Working,-24370,-199,,,0.6124745254739115,0.7993054419446295
102741,0,F,Y,Y,0,86200.0,302600.0,17600.9,Higher education,Civil marriage,Working,-10493,-1425,14.9,0.6693877753101225,0.6588242792006356,0.5048107130739796
102742,1,M,N,Y,0,259500.0,787200.0,58870.2,Higher education,Civil marriage,Commercial associate,-7692,-1117,,,0.7382631075165462,
102743,0,F,N,Y,1,324200.0,2058000.0,70962.7,Higher education,Married,Working,-24455,-2210,,0.25399365421908,0.8195030775793026,0.8203137469668149
102744,0,M,N,N,0,79600.0,354100.0,14654.4,Higher education,Married,Commercial associate,-20969,-1085,,,0.2711355391100266,0.34866109419170566
102745,0,F,N,Y,2,188300.0,927700.0,64824.1,Higher education,Married,Working,-12351,-395,,,0.49867421899431347,0.6794277823547962
102746,0,M,Y,N,1,74200.0,455300.0,44766.5,Higher education,Married,State servant,-23079,-821,6.1,,0.7553382311367683,0.7449927421964174
102747,0,F,Y,N,0,309200.0,1197800.0,51489.6,Secondary / secondary special,Married,Pensioner,-22951,365243,8.8,,0.6783579288965242,0.484202287784088
102748,0,F,Y,Y,0,146200.0,279400.0,12441.3,Secondary / secondary special,Married,Commercial associate,-20661,-64,5.8,0.7563243615514186,0.3933526741776777,0.6294398126726273
102749,0,F,N,Y,0,457600.0,1254700.0,86672.8,Secondary / secondary special,Married,Pensioner,-18053,365243,,,0.549807960693272,0.8930835713030811
102750,1,F,Y,Y,0,110600.0,510600.0,22347.2,Higher education,Married,State servant,-17921,-52,18.9,0.5517747918523697,0.7787970189174664,0.6992312523304622
102751,0,F,N,Y,0,117100.0,622400.0,47553.3,Secondary / secondary special,Married,Pensioner,-24657,365243,,,0.3396652028776299,0.7809897374114113
102752,0,M,Y,Y,0,176300.0,710500.0,39297.4,Secondary / secondary special,Married,Commercial associate,-15825,-512,4.7,0.6584843337815617,0.7471404115988889,0.8364908833936713
102753,0,M,N,N,1,221200.0,1041200.0,64161.9,Academic degree,Married,Working,-21845,-2327,,,0.3495599593095925,0.5418321496154691
102754,0,F,N,Y,1,212200.0,1041400.0,38175.4,Secondary / secondary special,Married,Pensioner,-9642,-2602,,0.8673563049972022,0.6388915753564474,0.3993978542269706
102755,1,M,N,Y,0,228300.0,390100.0,24625.3,Secondary / secondary special,Single / not married,Commercial associate,-19957,-938,,,0.878478080919035,
102756,0,M,Y,N,0,133000.0,515700.0,32986.8,Secondary / secondary special,Separated,Working,-25019,-260,2.6,0.5756541858249954,0.5982757970926801,0.717534356564798
102757,0,M,N,N,0,229500.0,1350700.0,53846.9,Secondary / secondary special,Single / not married,Working,-7845,-335,,,0.9197289431280165,0.6899983653075806
102758,0,M,Y,Y,0,400600.0,720400.0,69628.1,Secondary / secondary special,Single / not married,Working,-12191,-4253,7.1,,0.7998638124007637,0.6525148456964421
102759,0,M,N,Y,1,211200.0,1029300.0,42222.3,Secondary / secondary special,Widow,Pensioner,-21431,365243,,,0.28185174649462313,0.44628263167807264
102760,0,F,N,Y,1,101900.0,433800.0,39648.7,Incomplete higher,Single / not married,Pensioner,-20535,365243,,0.7156885450592121,0.8654130271220007,0.5225602048842398
102761,0,M,N,Y,1,178500.0,909700.0,81816.5,Secondary / secondary special,Married,Working,-20542,-634,,,0.37627155243936644,
102762,0,M,Y,Y,1,61000.0,363300.0,18337.6,Secondary / secondary special,Married,Working,-24894,-2625,17.7,0.5728686918121982,0.7811563395630482,0.7883040841229624
102763,0,F,N,Y,0,202000.0,1200200.0,41165.3,Secondary / secondary special,Married,Unemployed,-9350,365243,,,0.7572416472066454,0.8802318227978189
102764,0,F,N,Y,1,69500.0,390100.0,29434.8,Secondary / secondary special,Married,Working,-19505,-2947,,,0.7124293818889469,0.6970530417587493
102765,1,F,N,Y,1,203500.0,745500.0,46356.1,Secondary / secondary special,Civil marriage,Commercial associate,-18911,-764,,,0.41339047251740085,0.5537105808940782
102766,0,M,N,Y,2,144600.0,345700.0,14635.4,Secondary / secondary special,Married,Working,-11277,365243,,0.4787468787160871,0.7801258487215813,0.4952762418087401
102767,0,F,N,Y,0,231500.0,1179000.0,42328.1,Secondary / secondary special,Widow,Commercial associate,-11403,-1376,,,0.7027331030916483,
102768,1,M,Y,Y,0,150500.0,792800.0,39832.4,Lower secondary,Married,Working,-19069,-1373,12.7,0.5576507675999154,0.5466736633709341,0.7658249911747774
102769,0,M,N,Y,1,278200.0,624200.0,31293.2,Secondary / secondary special,Separated,Working,-19145,-926,,0.48438471234495606,0.3609005011204675,0.5151271605037047
102770,0,M,N,Y,1,190500.0,991400.0,61096.0,Secondary / secondary special,Married,Commercial associate,-18190,-1299,,0.7427623094967518,0.49335761933190714,0.7135815117417643
102771,0,F,N,N,0,241800.0,1258600.0,71725.1,Higher education,Married,Working,-15768,-1265,,0.5725671373050863,0.42934198543267366,0.5117903847757095
102772,0,M,Y,Y,1,123900.0,521800.0,40699.0,Secondary / secondary special,Married,Pensioner,-19718,365243,6.7,0.6823601459629084,0.6514767764634204,0.7853203616810711
102773,0,M,N,Y,0,121000.0,699500.0,56283.7,Higher education,Married,State servant,-13313,-866,,0.7150554141846113,0.709399420394583,0.47238136533329644
102774,1,F,N,Y,0,78700.0,473100.0,19150.7,Secondary / secondary special,Married,Pensioner,-11804,365243,,0.36391649547551175,0.6607150125826817,0.5178464135852742
102775,0,M,Y,N,2,88300.0,211200.0,10726.1,Secondary / secondary special,Separated,Working,-18109,-1182,12.1,0.4904095591265294,0.6659612209139699,
102776,0,F,N,Y,0,153800.0,365900.0,14322.3,Secondary / secondary special,Married,Working,-18492,-1045,,0.5643742237558436,0.47404141438140135,0.5170156051073199
102777,0,F,N,Y,0,151700.0,297800.0,12965.0,Secondary / secondary special,Married,Working,-21910,-1589,,,0.29284160542922855,
102778,0,F,N,N,0,176500.0,1076800.0,106942.1,Higher education,Married,Commercial associate,-14964,-259,,,0.748688761467491,0.3046803528465889
102779,0,F,N,Y,0,108000.0,250800.0,12493.0,Secondary / secondary special,Married,Working,-21066,-1980,,0.3533425738164156,0.48058927541017815,0.5550009529608985
102780,0,F,Y,Y,0,159000.0,663800.0,31623.4,Higher education,Married,Pensioner,-23759,365243,1.1,,0.41663289819681887,
102781,0,F,N,Y,1,269900.0,530100.0,41608.8,Higher education,Married,Commercial associate,-15132,-5,,0.6968956371146124,0.614351002858141,0.6224789841029795
102782,0,F,N,N,1,179000.0,797900.0,27397.3,Secondary / secondary special,Civil marriage,Working,-17182,-2007,,,0.6353462829267826,0.5564860235469105
102783,1,F,N,N,0,149900.0,542000.0,20875.5,Higher education,Married,Working,-23628,-134,,,0.4195467518609048,
102784,0,F,N,Y,0,167500.0,446400.0,15944.7,Higher education,Separated,Commercial associate,-12934,-2472,,,0.6220139093672331,0.8013930999456186
102785,0,F,Y,N,0,257800.0,1263900.0,57591.2,Secondary / secondary special,Married,Pensioner,-20339,365243,7.9,0.881082354969579,0.6983126114346735,0.4980321113507409
102786,0,M,Y,N,1,159300.0,613000.0,23000.7,Higher education,Single / not married,Working,-17790,-695,2.0,,0.4034447371103329,0.57618041983574
102787,0,M,N,Y,1,116600.0,460100.0,33814.0,Higher education,Single / not married,Commercial associate,-14928,-2646,,,0.6559890526129993,0.8629473637895855
102788,0,F,N,Y,1,117100.0,742100.0,27397.6,Secondary / secondary special,Married,Working,-22821,-583,,0.6008053113156957,,0.5535096973116566
102789,0,M,N,Y,0,115300.0,354400.0,12475.4,Secondary / secondary special,Single / not married,Pensioner,-10418,365243,,0.6894764664672525,0.7357413010127358,0.8361230440249338
102790,1,F,Y,Y,1,114000.0,736800.0,70978.0,Secondary / secondary special,Married,Commercial associate,-8290,-985,2.3,0.6197431020584658,0.5577664224683501,
102791,0,M,N,Y,0,210100.0,1196200.0,52423.8,Lower secondary,Married,Pensioner,-11301,365243,,,0.6740089030398864,0.7042465840088429
102792,0,F,N,N,1,316600.0,729400.0,61300.9,Higher education,Civil marriage,Working,-23033,0,,0.5394779066309067,0.9194211054561888,
102793,1,M,N,Y,0,122500.0,399300.0,17407.5,Higher education,Separated,State servant,-13694,-493,,0.37334025400206683,0.4410933012795227,0.39386939937330173
102794,0,M,Y,Y,1,98100.0,301400.0,10795.5,Higher education,Married,Commercial associate,-19661,-738,4.6,0.7603842733924029,0.5477322713266427,0.3567117979604023
102795,0,M,N,Y,2,83100.0,428300.0,31474.9,Secondary / secondary special,Single / not married,Working,-11717,-2514,,,0.5453092838552833,0.41668706371845726
102796,0,F,N,Y,2,320300.0,906200.0,45588.4,Incomplete higher,Married,Commercial associate,-16276,-1883,,,0.6773857175043748,0.4073835632600012
102797,0,F,N,Y,1,227500.0,659200.0,55317.3,Secondary / secondary special,Married,Working,-16836,-2522,,0.5181124639413026,0.766997649386625,0.4974463341360233
102798,0,F,Y,Y,0,108400.0,561600.0,24407.4,Higher education,Married,Pensioner,-11972,365243,10.6,,0.5240244249155787,0.5992112802615321
102799,0,M,Y,Y,1,156900.0,843800.0,68216.2,Secondary / secondary special,Married,Pensioner,-14462,365243,16.7,0.6551128467468633,0.5503741045216619,0.4985219692537113
102800,0,M,N,Y,0,276900.0,1432700.0,48671.2,Secondary / secondary special,Single / not married,Working,-12259,-227,,,0.87067644087451,0.47291694059972267
102801,0,M,N,Y,0,143100.0,569600.0,34706.2,Secondary / secondary special,Married,Working,-9435,-986,,0.8742473409266005,0.677731603054813,0.5510844525827842
102802,0,F,N,N,0,217100.0,1133000.0,82728.3,Secondary / secondary special,Separated,Pensioner,-15237,365243,,0.6912965599625635,0.5219380694955769,
102803,0,F,Y,Y,3,137300.0,611700.0,21051.4,Secondary / secondary special,Single / not married,Pensioner,-17551,365243,3.3,0.8249121035364284,0.5110008193187234,0.6206306884901419
102804,0,F,N,Y,0,128900.0,746000.0,32598.8,Secondary / secondary special,Married,Working,-9249,-2674,,,0.8718498289647213,0.8349671263981406
102805,0,F,N,Y,0,44700.0,225100.0,11398.5,Secondary / secondary special,Married,Commercial associate,-13944,-358,,,0.41221895270402564,0.8958222093106443
102806,0,F,Y,Y,0,122800.0,560600.0,22359.4,Higher education,Married,Working,-15782,-7675,7.7,,0.7639037932901609,0.8936224984650077
102807,0,F,N,Y,0,115700.0,531600.0,19461.8,Secondary / secondary special,Married,Working,-24019,-728,,,0.7943665826603005,0.716981150782944
102808,0,M,N,Y,0,186100.0,551700.0,21071.5,Secondary / secondary special,Married,State servant,-18370,-3693,,,0.5150831758479062,0.7683479127130991
102809,0,F,N,Y,1,164800.0,734700.0,42929.6,Secondary / secondary special,Married,Commercial associate,-24190,-771,,,0.8678477900081262,0.6607905350765263
102810,1,F,N,N,2,161000.0,1026500.0,57271.8,Secondary / secondary special,Married,Working,-16863,-38,,,0.4535622722774453,0.4378912384073148
102811,0,F,N,Y,0,226100.0,1408900.0,68612.9,Secondary / secondary special,Married,Working,-21752,-2006,,,0.8460430962365015,0.6570292185965392
102812,0,M,Y,N,0,51400.0,108100.0,4975.7,Incomplete higher,Single / not married,Working,-9357,-1689,11.8,,0.6844128269357244,0.7161193282593729
102813,0,M,Y,N,1,144000.0,499500.0,31176.3,Secondary / secondary special,Single / not married,Working,-17565,-604,15.6,,0.2857608886284609,0.5240956329556691
102814,0,F,Y,Y,0,87000.0,229400.0,18030.2,Secondary / secondary special,Widow,Unemployed,-13857,365243,4.3,0.889047184579168,0.48293513255758613,
102815,0,F,Y,Y,2,83900.0,449800.0,23954.8,Higher education,Civil marriage,Working,-20441,-1067,1.9,,0.8124500524919201,
102816,0,F,N,N,0,129200.0,555600.0,21122.1,Secondary / secondary special,Married,Working,-23056,-2479,,,0.7296729530266581,0.6878671778942189
102817,1,F,N,Y,0,148700.0,882600.0,56845.0,Secondary / secondary special,Married,Pensioner,-20157,365243,,,0.45852818681912305,
102818,0,F,N,N,1,184600.0,395400.0,22601.0,Higher education,Married,Working,-9218,-1504,,,0.5857656101439379,0.9234742543755227
102819,0,F,Y,Y,0,179200.0,825300.0,53313.5,Secondary / secondary special,Widow,Working,-18558,-6767,4.8,0.471590365708346,0.7777009914208035,0.6794283782680539
102820,0,M,N,N,0,101500.0,398200.0,17940.8,Secondary / secondary special,Married,Commercial associate,-20715,-340,,0.8427235668380874,0.5111464195791203,
102821,0,F,Y,N,0,134800.0,597100.0,20563.8,Secondary / secondary special,Married,Working,-8193,-722,14.5,0.8445217901148094,0.8165549937956725,0.6276517087285557
102822,0,M,N,N,0,281200.0,1569600.0,115383.7,Higher education,Single / not married,Working,-10645,-224,,,0.7346317333034669,0.6558935610525739
102823,0,F,Y,Y,1,304400.0,1742600.0,68096.0,Higher education,Married,Commercial associate,-19597,-909,7.3,,0.8324195028966084,0.5393906705170031
102824,0,M,N,N,0,128300.0,192600.0,8268.8,Secondary / secondary special,Widow,State servant,-13191,-3324,,0.680885219052106,0.5495626414229943,0.8740565508440183
102825,0,M,N,Y,2,153600.0,886700.0,29807.8,Secondary / secondary special,Married,Pensioner,-8760,365243,,0.5982725144019319,0.8357434133988272,0.6686575881679856
102826,0,M,Y,Y,1,98400.0,630000.0,52536.1,Secondary / secondary special,Married,Working,-23263,-1181,6.0,,0.37465485708798285,0.6572795779436861
102827,1,F,N,Y,0,233800.0,1246500.0,44248.4,Secondary / secondary special,Separated,Commercial associate,-24363,-2450,,0.5522009975767824,0.4946808304960135,0.5583441291868876
102828,0,F,N,Y,0,417600.0,1036400.0,39632.4,Higher education,Married,Commercial associate,-14217,-1971,,,0.9174563360771936,
102829,0,M,N,Y,0,115700.0,345200.0,12278.8,Secondary / secondary special,Married,Working,-25077,-2023,,,0.721637772776308,0.9076644425374344
102830,0,M,N,Y,1,250000.0,498300.0,19917.2,Higher education,Married,Working,-22687,-1250,,,0.4889161937512423,0.5692174873330037
102831,1,F,Y,Y,0,205100.0,1321900.0,84599.1,Higher education,Single / not married,Commercial associate,-17415,-1463,9.1,,0.4546463824382418,0.6040561001728753
102832,0,F,N,Y,0,136600.0,487900.0,26600.7,Secondary / secondary special,Married,Working,-20770,-219,,0.7609914106299813,0.6183504377694847,0.7504577964658272
102833,0,F,Y,Y,1,107700.0,647600.0,53197.4,Higher education,Married,Pensioner,-24084,365243,19.0,0.43652410292049826,0.4418111125820847,0.897165697563429
102834,0,M,N,N,0,449200.0,2402800.0,239280.0,Higher education,Married,Working,-20421,-24,,,0.6106039138424711,0.6624206732703801
102835,0,M,Y,N,0,207900.0,680400.0,23510.1,Secondary / secondary special,Married,Working,-13587,-210,4.9,,0.7015233787643291,0.6186347067315715
102836,0,F,N,N,0,226700.0,633800.0,23880.8,Secondary / secondary special,Married,Pensioner,-11054,365243,,0.5603555735514396,0.6578939937611306,0.5331281818072492
102837,0,F,N,N,0,133900.0,505700.0,43489.2,Higher education,Married,Pensioner,-15239,365243,,0.6610111874259298,0.4272266519619618,0.6958576418154878
102838,0,F,Y,Y,0,151400.0,480400.0,25159.5,Secondary / secondary special,Single / not married,Working,-10942,-1133,9.2,0.8008127761391638,0.41997070906131895,0.6350214865177298
102839,1,F,N,Y,0,85200.0,365000.0,23143.2,Higher education,Married,Pensioner,-8047,-81,,,0.40678390098007705,0.6070766738872861
102840,0,F,N,Y,0,207400.0,341800.0,21434.2,Secondary / secondary special,Married,Pensioner,-15663,-679,,,0.6433478055187607,
102841,0,M,Y,Y,0,124400.0,574200.0,20585.6,Higher education,Married,Working,-13442,-2812,11.1,0.6184510154414153,0.7261060638080874,0.4990109268615032
102842,0,F,N,Y,0,92800.0,551000.0,18462.3,Higher education,Married,Commercial associate,-9340,-1834,,,0.8858395961338703,
102843,0,F,N,N,0,100200.0,263000.0,14261.5,Secondary / secondary special,Married,Commercial associate,-22948,-2413,,0.49348583167249727,0.7933399255202644,0.3631528778009001
102844,0,F,N,Y,0,435700.0,1402700.0,53354.3,Secondary / secondary special,Separated,Working,-9825,-1081,,,0.6085711620421224,0.7512915248560824
102845,0,F,N,N,2,128800.0,780600.0,58621.3,Secondary / secondary special,Married,State servant,-18722,-1227,,,0.6626841535341835,0.47128118012357145
102846,0,F,N,Y,0,173800.0,866100.0,34105.9,Higher education,Civil marriage,State servant,-17651,-1709,,,0.7817326250115323,0.7119414708306343
102847,0,F,N,N,0,86000.0,134800.0,12236.6,Secondary / secondary special,Married,Working,-24833,-805,,0.2672340798703538,0.8795394228060212,0.516296622864993
102848,1,F,Y,Y,0,135300.0,480700.0,28541.9,Higher education,Civil marriage,Working,-12120,-89,10.8,,0.4054100003002263,0.37831047030885157
102849,0,M,Y,N,2,79500.0,167500.0,7836.7,Secondary / secondary special,Civil marriage,Pensioner,-11799,365243,19.1,,0.8287856757258675,0.6212127947405548
102850,0,F,Y,Y,0,174100.0,466300.0,41416.4,Higher education,Civil marriage,Commercial associate,-18666,-2246,10.8,,0.9241039884341326,0.7786393185543772
102851,0,F,N,Y,0,97800.0,522100.0,42244.3,Secondary / secondary special,Married,Working,-17457,-2643,,0.8859678170708922,0.5381635002194546,
102852,0,F,N,Y,0,210900.0,408600.0,24945.7,Higher education,Married,Commercial associate,-21902,-148,,,0.25175579368482126,0.8525392453404527
102853,0,M,N,Y,0,65800.0,208000.0,10667.0,Secondary / secondary special,Single / not married,Commercial associate,-10704,-964,,0.7698076993648353,0.4067018845033342,0.48355739953922916
102854,0,F,Y,Y,0,110800.0,254200.0,17786.6,Secondary / secondary special,Married,Working,-12940,-3147,2.3,,0.7309077924423583,0.6072863206347442
102855,0,M,N,Y,0,250100.0,1336400.0,81723.8,Incomplete higher,Married,Working,-7757,-1183,,0.47040189440841135,0.7843912786748758,0.8252953340889775
102856,0,M,N,Y,1,293600.0,1010500.0,75494.6,Secondary / secondary special,Civil marriage,Pensioner,-20321,365243,,0.7987413239473551,0.7288011999929501,0.6067585955257554
102857,0,M,N,N,0,147700.0,577600.0,48029.5,Secondary / secondary special,Married,State servant,-13376,-696,,0.8663409250316101,0.7488425756723143,0.7021403447762892
102858,0,F,Y,Y,2,123700.0,269500.0,14648.1,Secondary / secondary special,Married,Working,-11809,-826,8.7,,0.46513841413864465,
102859,0,M,N,Y,2,155200.0,937100.0,64986.2,Secondary / secondary special,Separated,Working,-18275,-397,,0.737643060255255,0.7030000008395831,0.6020162142328902
102860,0,F,Y,N,0,370800.0,2166000.0,94022.0,Higher education,Married,Working,-12083,-257,2.5,0.7036616474263448,0.8042722059454493,0.38825075700872175
102861,0,F,Y,Y,0,130500.0,710600.0,48839.2,Secondary / secondary special,Civil marriage,Working,-8665,-457,4.9,,0.6933441452937433,0.584882325701847
102862,0,F,N,N,0,147500.0,834500.0,60448.9,Higher education,Single / not married,Working,-11812,-658,,,0.703202803281126,0.5954255382159849
102863,0,F,N,Y,1,91700.0,594000.0,34226.1,Secondary / secondary special,Married,Commercial associate,-22567,-370,,,0.5685029547552456,0.5610726624488889
102864,0,F,N,Y,0,108600.0,455600.0,37743.8,Higher education,Married,Working,-18108,-20,,0.6430835693335235,0.895471643353223,
102865,0,F,N,Y,0,179600.0,1048800.0,96861.7,Secondary / secondary special,Separated,Pensioner,-15930,-496,,0.816380407447307,0.694397507044134,
102866,0,F,N,Y,1,220100.0,1294900.0,51178.6,Incomplete higher,Married,Pensioner,-16285,365243,,0.5371003738727276,0.7360372217711986,0.7629804429053535
102867,0,F,Y,Y,0,168700.0,657900.0,48898.8,Secondary / secondary special,Widow,Pensioner,-25149,365243,14.7,,0.3074332724314366,0.5948160949772686
102868,0,F,N,N,0,214000.0,510000.0,22939.5,Lower secondary,Married,Working,-8222,-885,,,0.4510080422840139,0.41759604309003273
102869,0,M,Y,Y,1,93900.0,407400.0,25314.0,Secondary / secondary special,Married,Commercial associate,-10496,-989,5.7,0.6612498153778237,0.6863112445120554,0.4535801313478728
102870,0,F,Y,N,0,89800.0,487100.0,29473.1,Secondary / secondary special,Single / not married,Working,-22844,-1892,9.0,,0.6196918934441091,0.6431374773310362
102871,0,F,N,Y,0,210600.0,1022700.0,77704.1,Higher education,Married,Working,-17046,-253,,0.8090719543378231,0.5425133584865108,0.5393898956064681
102872,0,F,N,Y,0,118900.0,604700.0,41426.9,Secondary / secondary special,Married,Commercial associate,-25115,-1065,,0.5056085789120727,0.874658635818419,0.5814326569762336
102873,0,F,Y,N,0,86800.0,211900.0,9881.8,Secondary / secondary special,Single / not married,Pensioner,-19660,365243,14.5,,0.6736390813746957,
102874,0,F,N,N,0,161300.0,326200.0,14995.1,Secondary / secondary special,Married,Pensioner,-20353,365243,,,0.3678193475425976,0.7783739962130418
102875,0,F,N,Y,1,153100.0,464900.0,29545.9,Higher education,Married,Working,-17834,-220,,,0.5631541646970362,
102876,0,F,N,Y,0,135200.0,569200.0,40068.7,Higher education,Civil marriage,Commercial associate,-7974,-96,,0.2741781617975781,0.6619279654389686,0.9334505929143357
102877,1,F,N,Y,0,300800.0,774000.0,45887.8,Secondary / secondary special,Married,Working,-23589,-2660,,,0.16059435887130388,
102878,0,F,N,Y,0,342400.0,843100.0,71707.9,Higher education,Single / not married,Commercial associate,-16839,-5916,,,0.6957621251293126,0.6457192657281549
102879,0,F,N,N,0,226800.0,1457600.0,70801.6,Secondary / secondary special,Married,Working,-7828,-389,,0.7795217989884593,0.7921733398650892,0.6716468402755421
102880,0,F,N,Y,0,178700.0,943100.0,35634.6,Secondary / secondary special,Married,Pensioner,-11350,365243,,0.587960102337742,0.6974206517938846,0.3317582271410758
102881,0,F,N,N,0,274000.0,904100.0,40011.6,Secondary / secondary special,Married,State servant,-13813,-466,,0.8991617539290055,0.5616457795456771,
102882,0,F,N,Y,0,158100.0,334300.0,32028.3,Secondary / secondary special,Separated,Working,-12687,-449,,0.49110199033027274,0.5977101709685276,0.5105323983626551
102883,0,F,Y,Y,1,135000.0,304100.0,19675.4,Secondary / secondary special,Married,Pensioner,-8156,365243,12.7,0.8369995261717214,0.757423945535486,0.7414707213804657
102884,0,F,Y,Y,0,113300.0,394700.0,20314.9,Secondary / secondary special,Separated,Commercial associate,-12583,-133,10.9,,0.47127130151857494,0.8310717497727739
102885,0,F,Y,Y,1,103600.0,264700.0,9385.4,Secondary / secondary special,Civil marriage,Commercial associate,-23384,-936,13.2,0.5909718364258908,0.4175086218239767,
102886,0,F,N,Y,1,223600.0,362100.0,27006.5,Secondary / secondary special,Single / not married,Commercial associate,-17993,-1867,,,0.7531245081692102,0.6330468547231303
102887,0,F,N,N,0,74900.0,414700.0,36115.3,Higher education,Married,Working,-13402,-170,,0.603973826464806,0.6821000505327196,0.701922382098916
102888,0,M,N,N,1,112700.0,315800.0,15336.7,Secondary / secondary special,Married,Working,-9215,-402,,0.4770409093403119,0.6979483822324015,0.9279204271474174
102889,0,F,N,N,1,125600.0,728900.0,34400.8,Secondary / secondary special,Married,Working,-20841,-2029,,0.4410434375039845,0.7312938052062627,0.42159702484564504
102890,0,F,N,Y,0,78200.0,485200.0,16369.3,Higher education,Single / not married,Commercial associate,-20264,-676,,0.7486332117850075,0.7210921846407198,0.3667645188211375
102891,0,F,N,N,0,123500.0,484000.0,23244.8,Secondary / secondary special,Married,Working,-7711,-733,,,0.2718483498003153,0.4533449731556289
102892,0,M,N,N,0,153600.0,424300.0,41045.2,Higher education,Married,Working,-25086,-856,,,0.6611378853211967,
102893,0,F,N,N,0,233800.0,1100500.0,47060.0,Secondary / secondary special,Married,Pensioner,-12327,365243,,,0.6784277300546508,0.4711861506234035
102894,0,F,N,Y,1,117300.0,732500.0,51908.5,Secondary / secondary special,Married,Commercial associate,-12270,-228,,,0.6422039823861156,0.8633851291852622
102895,0,M,Y,Y,1,154100.0,811000.0,30860.7,Secondary / secondary special,Married,Working,-12947,-100,2.2,0.3775787079570881,0.5055374904876442,0.6999699334413356
102896,1,F,N,N,0,75200.0,170600.0,9060.8,Secondary / secondary special,Married,Commercial associate,-24531,-690,,,0.7985263806401617,
102897,0,M,N,Y,0,85200.0,478600.0,17557.9,Secondary / secondary special,Married,Working,-22416,-552,,,0.6672368650914837,0.6092138075652132
102898,0,F,N,Y,0,62500.0,269700.0,19961.4,Higher education,Married,Pensioner,-18843,365243,,0.8923584335171615,0.680015638738876,0.6161257743396079
102899,1,F,N,Y,0,228800.0,866600.0,39511.4,Secondary / secondary special,Married,Working,-16335,-955,,0.5668271460172122,0.5025984679020716,0.732883040431747
102900,0,F,N,Y,2,127100.0,306400.0,12743.3,Secondary / secondary special,Married,Working,-13403,-421,,,0.2745785192241035,0.8943260894854009
102901,0,F,N,Y,0,162700.0,683100.0,62870.5,Secondary / secondary special,Separated,State servant,-13544,-91,,0.7356037425036378,0.9258853432464168,0.5066453867271399
102902,0,M,Y,Y,0,186400.0,968100.0,49680.0,Secondary / secondary special,Married,Working,-13379,-4699,6.9,0.5143599102816507,0.8511530460781987,0.24251207941510558
102903,0,F,N,Y,0,211900.0,718600.0,30449.7,Higher education,Single / not married,Working,-22793,-115,,,0.2676111705906395,0.6642185303734931
102904,0,M,N,Y,1,363100.0,2274800.0,101272.3,Secondary / secondary special,Married,Working,-19615,-1017,,,0.6669790672315657,0.4324518748222584
102905,0,F,N,Y,0,144600.0,339400.0,27987.1,Higher education,Married,Working,-14802,-171,,,0.5458191293346514,0.5822117361062629
102906,0,F,N,N,0,106900.0,171900.0,16115.7,Secondary / secondary special,Married,Pensioner,-25089,365243,,,0.7806807272426717,0.7296476745400087
102907,0,M,Y,Y,3,201600.0,813600.0,56724.1,Secondary / secondary special,Civil marriage,Working,-10781,-445,14.6,0.9125051587745595,0.6889165183658785,0.5772431019236055
102908,0,F,N,Y,0,426500.0,1004200.0,67843.9,Secondary / secondary special,Single / not married,Working,-9014,-136,,,0.6826409051268102,0.8191426103112857
102909,0,M,N,Y,0,115500.0,544000.0,24770.4,Secondary / secondary special,Single / not married,Pensioner,-14124,-109,,0.413738369249788,,0.697531031136738
102910,0,F,N,Y,1,103000.0,377700.0,36052.7,Secondary / secondary special,Married,Working,-24883,-275,,0.7924548849171196,0.9556926250497837,0.5093967446097402
102911,0,M,N,Y,1,46600.0,165700.0,10724.4,Higher education,Civil marriage,Working,-8091,365243,,,0.6728582253613545,0.5110758842215227
102912,0,F,N,Y,0,58100.0,219300.0,14956.4,Secondary / secondary special,Married,Working,-9090,-2515,,,0.4001337995472947,0.6880670642265745
102913,0,F,N,N,0,278900.0,587200.0,21973.7,Secondary / secondary special,Married,Pensioner,-13656,365243,,,0.3222395313452544,0.8295677020256306
102914,0,M,Y,Y,0,136200.0,391400.0,22890.5,Secondary / secondary special,Single / not married,Commercial associate,-24981,-836,5.5,0.5862485707002499,0.7072504829596706,
102915,0,F,Y,N,2,88300.0,330100.0,13519.8,Higher education,Married,Commercial associate,-13691,-656,4.0,0.8619106323311367,0.6935076910467959,
102916,0,F,N,Y,0,147500.0,784900.0,29616.6,Secondary / secondary special,Civil marriage,Commercial associate,-19558,-1897,,0.8052876501724227,0.9030196930951337,
102917,0,F,N,Y,1,474800.0,2812400.0,116411.0,Secondary / secondary special,Single / not married,Commercial associate,-22818,-674,,0.4985801610605631,0.5153769165135296,0.9121454153758165
102918,0,M,N,Y,1,147500.0,421400.0,34402.6,Incomplete higher,Single / not married,Pensioner,-19426,365243,,0.6524789645792488,0.8912368140612672,0.551925752298722
102919,0,F,Y,Y,0,348600.0,796900.0,32160.2,Secondary / secondary special,Married,Pensioner,-9244,365243,5.7,,0.4995190287628291,
102920,0,M,Y,N,0,96600.0,321400.0,11912.3,Secondary / secondary special,Married,Commercial associate,-10274,-20,7.2,0.6320305277000292,0.6968796641894109,
102921,0,M,Y,N,0,284100.0,949500.0,54255.7,Higher education,Married,Pensioner,-12208,-343,19.3,,0.7779050038770906,0.620660350436872
102922,0,F,N,Y,0,114400.0,430900.0,15525.6,Secondary / secondary special,Married,Working,-21625,-661,,0.5115782856152512,0.779682396378449,0.7014383032957212
102923,0,F,N,Y,1,104200.0,475200.0,19975.4,Secondary / secondary special,Single / not married,Working,-21728,-1054,,0.46361875387346957,0.7545927069621872,0.621049773755993
102924,0,M,N,N,0,96500.0,348800.0,14408.9,Higher education,Married,Commercial associate,-10655,-530,,,0.4360819042481653,0.36146376657897245
102925,0,F,N,Y,0,127300.0,352600.0,16847.7,Secondary / secondary special,Single / not married,Working,-14316,-725,,0.4797465262672534,0.7498673077543492,0.5874698628700203
102926,0,F,N,Y,1,228500.0,435400.0,24642.2,Secondary / secondary special,Married,Working,-10121,-700,,0.679685948208612,0.7708965206521301,0.8642268558129873
102927,0,M,N,Y,0,118600.0,654400.0,39851.4,Secondary / secondary special,Married,Working,-15964,-31,,,0.6354581946842878,0.7551754894322109
102928,0,F,Y,Y,1,238300.0,1237900.0,47665.5,Higher education,Separated,Working,-14056,-864,8.1,0.6545316221703071,0.636791386320521,0.6058957581554518
102929,1,F,N,N,0,106600.0,615900.0,22991.0,Secondary / secondary special,Married,Pensioner,-25063,365243,,,0.5625500614906553,0.5446826543705597
102930,0,M,N,Y,0,141900.0,347100.0,20862.3,Secondary / secondary special,Married,Working,-14485,-149,,,,0.3687301400768383
102931,0,F,Y,N,0,116000.0,667000.0,29474.3,Secondary / secondary special,Single / not married,Commercial associate,-8547,-1972,17.7,0.4316911588989195,0.8497797092329356,0.7187613474434763
102932,0,F,Y,Y,4,332800.0,2002600.0,81868.7,Secondary / secondary special,Married,Working,-16795,-289,1.6,0.6017643378579841,0.833097780030258,
102933,0,F,N,Y,0,185900.0,1064600.0,74505.0,Higher education,Married,Commercial associate,-23574,-5412,,0.9424361076266792,0.6592312581882717,0.4045305830729809
102934,0,M,N,Y,1,167400.0,283200.0,12528.3,Higher education,Single / not married,Working,-14148,-3098,,0.6315673231330994,0.2524454549744924,0.36009436026223285
102935,0,M,N,N,1,129900.0,419700.0,25001.5,Secondary / secondary special,Married,Working,-22020,-281,,,0.6619218874529884,0.20039573000116595
102936,0,F,N,Y,0,113300.0,718100.0,46441.5,Secondary / secondary special,Separated,Working,-14976,-1178,,0.656164972813544,0.7304804834661061,0.3761694470562932
102937,0,F,N,N,0,93600.0,392500.0,24051.7,Secondary / secondary special,Civil marriage,Working,-17634,-865,,,0.3957308129699254,0.9655306525447513
102938,0,F,N,Y,1,267000.0,1427800.0,86425.5,Higher education,Married,Working,-16477,-2208,,0.7843046390272563,0.45905478936548,0.610127090792216
102939,0,F,N,N,0,71200.0,216800.0,10893.6,Secondary / secondary special,Widow,Commercial associate,-22996,-1100,,0.45984466709635896,0.6075884000608898,0.47390553034031363
102940,0,F,Y,N,0,125100.0,467400.0,27346.2,Secondary / secondary special,Married,State servant,-17629,-1720,3.7,0.7696300813917915,0.5345067518235938,0.7596005271519778
102941,1,M,N,N,0,219100.0,748600.0,30699.9,Secondary / secondary special,Married,Commercial associate,-14316,-1833,,,0.2892255388878457,0.7371446842713733
102942,0,F,Y,Y,1,69300.0,379900.0,13572.8,Secondary / secondary special,Single / not married,Working,-21117,-4193,0.3,0.8969571250915401,0.4225639190714184,0.7724565891382431
102943,0,M,Y,N,1,159600.0,358600.0,14087.1,Secondary / secondary special,Married,Commercial associate,-8552,-1121,14.2,,0.688016643199501,0.4413446599928816
102944,0,F,N,Y,0,99500.0,378100.0,17993.9,Secondary / secondary special,Married,Working,-12448,-17,,0.8918406340884987,0.28899253496587524,0.6960209526500606
102945,0,F,N,Y,1,149000.0,884400.0,37408.4,Secondary / secondary special,Married,Commercial associate,-12691,-1838,,,0.7893157442434741,0.5190712437502861
102946,0,F,Y,N,0,136500.0,794600.0,28428.0,Secondary / secondary special,Married,Commercial associate,-17644,-471,0.1,,0.4754038663434243,0.6027220985898554
102947,0,F,N,N,0,53400.0,297600.0,13625.9,Secondary / secondary special,Married,Working,-22294,-600,,,0.785306193343516,0.833673898678655
102948,0,M,N,Y,1,196200.0,398000.0,35951.6,Secondary / secondary special,Married,Pensioner,-17379,365243,,,0.4774643929177267,0.6455646220278816
102949,0,M,Y,N,0,94400.0,415500.0,26043.3,Secondary / secondary special,Separated,Working,-15705,-751,18.4,0.6842129430529311,0.67503255065898,0.24254780872656836
102950,0,M,N,Y,1,115000.0,357900.0,21543.0,Secondary / secondary special,Civil marriage,Working,-8815,-893,,0.8725322772664904,,0.4420586784229118
102951,0,F,N,N,0,150700.0,957900.0,32278.3,Secondary / secondary special,Married,Commercial associate,-24677,-76,,0.7962006955781319,0.429196042936743,0.7400516036545499
102952,0,M,Y,N,0,174400.0,765300.0,30906.2,Academic degree,Married,Pensioner,-12851,365243,3.1,0.46796434762348915,0.6923422392529746,0.7634620888601468
102953,0,F,Y,N,0,180100.0,1081700.0,58278.2,Secondary / secondary special,Married,Pensioner,-9943,365243,12.0,,0.6701898100575815,
102954,0,M,N,N,1,210200.0,504600.0,29608.7,Secondary / secondary special,Married,Working,-22272,-530,,0.4764958042220146,0.6823461366585192,
102955,0,F,Y,N,2,48500.0,273300.0,9348.7,Higher education,Married,Commercial associate,-23279,-1455,17.1,,0.5486742520892384,0.6423795248257372
102956,0,F,Y,Y,0,183000.0,653900.0,25834.8,Secondary / secondary special,Single / not married,Unemployed,-12905,365243,11.1,,0.6724125527042056,0.3801822085573273
102957,0,F,N,Y,0,148000.0,581200.0,41213.5,Secondary / secondary special,Married,Working,-17287,-912,,,0.7430339071883423,0.5850195139447288
102958,0,F,N,Y,1,114800.0,644400.0,33064.1,Secondary / secondary special,Separated,Commercial associate,-21405,-8445,,,0.6936388241720289,0.35730055840789504
102959,0,F,N,N,0,165700.0,413600.0,28490.3,Secondary / secondary special,Civil marriage,Working,-8050,-685,,0.6094977264094552,0.6572017865340029,0.7169276291054387
102960,0,M,N,Y,1,222800.0,515700.0,17306.6,Secondary / secondary special,Married,Pensioner,-24972,365243,,0.8378118867102797,0.4934359628308567,0.7313180627478111
102961,0,M,N,N,1,99300.0,174600.0,8143.2,Secondary / secondary special,Separated,Working,-13349,-2316,,0.42741578780978356,0.4635401148887084,0.9143944864886296
102962,0,M,N,Y,0,276800.0,1162300.0,99955.3,Secondary / secondary special,Married,Commercial associate,-16081,-980,,,0.6145406552637951,0.5026201441304218
102963,1,F,N,N,1,246700.0,1231600.0,75910.8,Secondary / secondary special,Separated,Working,-8556,-1982,,0.40740840056316274,0.6181114298032832,0.4780747046616594
102964,0,F,N,Y,0,174000.0,1068700.0,51813.0,Secondary / secondary special,Married,Working,-8493,-1918,,0.8248540103576616,0.8838950001751504,0.6748719590047254
102965,0,F,N,N,0,84900.0,453600.0,22390.0,Secondary / secondary special,Married,Working,-9627,-918,,,0.3501447227749778,0.5816732930382115
102966,0,F,N,N,2,388400.0,1783700.0,123799.3,Secondary / secondary special,Married,Working,-13300,-1734,,0.4859214062503708,0.6213158468167517,0.7870494433477483
102967,0,F,N,Y,0,167400.0,676600.0,28541.5,Secondary / secondary special,Married,Pensioner,-23826,365243,,,0.5849347124991199,0.6429866269301123
102968,0,F,N,N,0,157400.0,595500.0,40604.0,Secondary / secondary special,Civil marriage,Working,-16706,-3252,,,0.7203727903595917,
102969,0,F,N,Y,0,155000.0,571300.0,19262.1,Secondary / secondary special,Civil marriage,Working,-13381,-1395,,0.42601753065217773,0.34697753673193094,
102970,0,F,N,N,0,188800.0,1043900.0,39406.3,Secondary / secondary special,Married,Pensioner,-15579,365243,,,0.8645938730907582,
102971,0,F,N,N,0,223500.0,733600.0,38719.3,Higher education,Civil marriage,Working,-12317,-774,,,0.7386369199008014,0.7754210275242169
102972,0,M,N,Y,0,145600.0,447300.0,25812.0,Secondary / secondary special,Married,Commercial associate,-18610,-850,,,0.5474727557170854,
102973,1,F,N,Y,0,84200.0,502100.0,37102.0,Lower secondary,Married,Working,-16562,-697,,,0.5295215750556767,0.6116045520101943
102974,0,M,Y,Y,0,234600.0,1374200.0,117610.0,Secondary / secondary special,Married,Pensioner,-14306,365243,16.0,,,0.8629626554756854
102975,0,F,Y,Y,1,102000.0,528700.0,21068.9,Higher education,Civil marriage,Working,-19699,-390,10.3,0.4949884161162498,0.7832708564797661,0.4503492391688625
102976,0,M,Y,N,1,93700.0,447200.0,16121.2,Secondary / secondary special,Married,Working,-14537,-1125,4.1,0.73074229382437,0.7447505453249622,0.42366775602717494
102977,0,M,N,Y,2,143100.0,475000.0,23767.1,Secondary / secondary special,Married,Commercial associate,-21810,-278,,,0.9742179735297746,0.5831610766280375
102978,0,M,N,N,0,120000.0,639800.0,22927.3,Higher education,Single / not married,Working,-18161,-3534,,,0.6197584742284844,
102979,0,M,Y,N,1,174700.0,948200.0,32713.5,Incomplete higher,Civil marriage,Working,-11214,-1817,0.7,0.3881583871378705,0.8577312914748778,
102980,0,M,N,N,1,190300.0,766100.0,35130.4,Higher education,Married,Working,-10531,-1206,,0.39995467138639507,0.8377009046823268,
102981,0,F,Y,Y,0,119200.0,410000.0,27177.1,Secondary / secondary special,Married,Working,-12157,-3874,2.5,,0.8794002287076012,0.6789254784698114
102982,0,F,Y,Y,1,155500.0,325400.0,12353.3,Secondary / secondary special,Married,Commercial associate,-23768,-84,9.1,,0.7879397677958949,0.31530887098717697
102983,0,F,N,N,0,118400.0,520300.0,36187.4,Secondary / secondary special,Married,Working,-22106,-840,,0.5969753982171615,0.1788356683243068,0.648311478666304
102984,0,F,N,N,0,208000.0,853700.0,29864.3,Secondary / secondary special,Married,Pensioner,-24715,365243,,0.5868470837958203,0.8374426734925345,
102985,0,F,N,N,1,183600.0,860400.0,62279.3,Secondary / secondary special,Single / not married,Working,-20719,-975,,0.43261150197059317,0.5694993313704866,0.7512162014195694
102986,0,F,N,Y,0,203400.0,318800.0,18645.0,Secondary / secondary special,Married,Commercial associate,-23702,-1275,,,0.4357523283610989,0.6812327938295966
102987,0,F,N,Y,1,129600.0,599100.0,48249.9,Secondary / secondary special,Civil marriage,Working,-13900,-102,,,0.6272651259243033,0.5830228780122193
102988,0,F,Y,N,0,165400.0,928300.0,59269.0,Higher education,Separated,Working,-18538,-632,6.1,,0.7412487727410375,0.6379275446459047
102989,0,F,N,N,1,185300.0,823600.0,41010.6,Secondary / secondary special,Married,Commercial associate,-14534,-136,,,0.6486058777015218,0.3044360328054622
102990,0,F,N,Y,0,206300.0,775600.0,43656.9,Secondary / secondary special,Married,Commercial associate,-22833,-4888,,0.6471373914649926,0.5733803016137228,0.54219385779004
102991,0,M,Y,N,0,198400.0,1285400.0,56939.7,Secondary / secondary special,Married,Pensioner,-25149,365243,19.3,,0.7852517380180783,
102992,0,M,N,Y,0,139300.0,636500.0,36750.8,Secondary / secondary special,Single / not married,Working,-20740,-1220,,,0.5538848218298879,
102993,0,F,N,Y,1,87800.0,482000.0,22534.0,Secondary / secondary special,Married,Pensioner,-21372,365243,,,0.7993919236378628,
102994,0,F,N,Y,0,184600.0,481900.0,21333.8,Higher education,Married,State servant,-23114,-678,,0.9059561970601903,0.5699769778653251,
102995,0,F,N,Y,0,180500.0,445800.0,15635.6,Secondary / secondary special,Single / not married,State servant,-9341,-2058,,,0.9065685280882324,
102996,0,F,N,Y,0,89800.0,549400.0,19875.3,Secondary / secondary special,Single / not married,Working,-16117,-364,,0.7491017500015594,0.6366170953053351,
102997,0,M,Y,Y,1,215600.0,1323100.0,86503.0,Secondary / secondary special,Married,Working,-20512,-496,4.2,0.6250929641489195,0.6984476073423316,
102998,0,F,N,Y,1,158000.0,338400.0,17425.3,Secondary / secondary special,Civil marriage,Commercial associate,-18277,-301,,0.689708110668496,0.8345573075662407,0.9491868548057153
102999,0,M,N,Y,2,139000.0,878200.0,73253.7,Secondary / secondary special,Separated,Working,-17143,-3313,,0.782832763180769,0.9040934963760991,0.6611789174021431
103000,0,F,Y,Y,0,162100.0,834100.0,57736.9,Secondary / secondary special,Married,Pensioner,-14434,365243,15.7,0.6311378758023931,0.4878043011737491,0.8026479223114473
103001,0,M,Y,Y,1,223900.0,670700.0,42232.8,Secondary / secondary special,Married,Working,-11535,-108,2.9,,0.7542972144075688,
103002,0,F,N,N,0,297000.0,769100.0,26441.6,Secondary / secondary special,Single / not married,Pensioner,-23841,365243,,0.5074571349824,0.6714320382848931,0.30088871522029165
103003,0,F,Y,Y,2,143800.0,684100.0,27236.1,Secondary / secondary special,Separated,Working,-20540,-1302,18.1,,0.6009351408744541,0.6219670689032283
103004,0,M,N,Y,1,132800.0,263900.0,9447.7,Secondary / secondary special,Married,Pensioner,-18426,365243,,,0.45573543786960197,0.5572746569367029
103005,0,F,N,Y,1,193600.0,978300.0,61248.5,Secondary / secondary special,Single / not married,Commercial associate,-9166,-889,,,0.3445764214327897,0.6868340702101725
103006,0,M,Y,N,1,80600.0,452200.0,16639.3,Secondary / secondary special,Married,Working,-9628,-3053,14.2,,0.8525771501639628,
103007,0,F,N,N,0,217100.0,878200.0,34520.7,Secondary / secondary special,Married,Working,-15250,-1704,,0.6968028200363218,0.3542796169226497,
103008,0,F,Y,N,1,80000.0,450200.0,34875.5,Higher education,Civil marriage,Working,-9874,-704,17.3,,0.47616635215183306,
103009,1,F,N,N,0,79300.0,386400.0,23515.6,Secondary / secondary special,Civil marriage,Pensioner,-10281,365243,,,0.6017348225003422,0.72720710155125
103010,0,M,N,Y,0,296300.0,1301600.0,53726.9,Secondary / secondary special,Married,Commercial associate,-9095,-321,,,0.6972512753478914,0.2762177582563985
103011,0,F,Y,N,0,57700.0,209700.0,12691.3,Secondary / secondary special,Married,Commercial associate,-12825,-1242,14.8,0.5328827908716958,0.9065663678345933,0.6553438504448112
103012,0,M,N,Y,0,265200.0,1262900.0,84003.0,Secondary / secondary special,Married,Working,-7865,-374,,0.5763112352443216,0.7610000676225251,0.6905936570484721
103013,0,M,N,N,1,297100.0,1893000.0,63463.9,Secondary / secondary special,Married,Commercial associate,-20508,-2830,,,0.40873810695328616,0.529708201322289
103014,0,M,N,N,1,171600.0,358500.0,18214.1,Secondary / secondary special,Single / not married,Working,-18177,-802,,,0.28177657192605793,0.3657891034652341
103015,0,F,N,N,2,193400.0,453300.0,26720.6,Secondary / secondary special,Married,State servant,-16570,-1816,,,0.8713053605164008,
103016,0,M,N,Y,0,72500.0,349100.0,20371.4,Secondary / secondary special,Single / not married,Commercial associate,-24972,-4741,,0.44778230658734325,0.48209548370480193,0.7686881509862431
103017,0,M,N,Y,1,118000.0,757900.0,33888.7,Secondary / secondary special,Married,Pensioner,-16118,365243,,0.48724814089596513,0.7252726133874792,
103018,0,F,Y,Y,0,173000.0,691600.0,30201.1,Secondary / secondary special,Single / not married,Pensioner,-22917,365243,12.2,,0.8737315471215866,0.5303291654750238
103019,0,F,N,Y,0,170800.0,594400.0,21766.3,Higher education,Married,Working,-10990,-839,,0.6814930732189733,0.6860950252706021,
103020,0,F,Y,N,0,179900.0,1133700.0,48982.2,Secondary / secondary special,Civil marriage,Working,-12312,-2003,13.4,0.25092658008261315,0.638466332955287,0.8960379193300382
103021,0,F,N,N,3,170700.0,494000.0,17184.8,Secondary / secondary special,Married,Working,-13430,-6855,,,0.46940418743038886,
103022,0,M,N,Y,1,148700.0,467600.0,21761.3,Secondary / secondary special,Married,Working,-25032,-1852,,0.48906347300786684,0.7578050952393514,0.7380045481271317
103023,0,F,N,N,1,85000.0,306800.0,15441.8,Secondary / secondary special,Married,Working,-23582,-1171,,0.4833881251454413,0.7130893463717459,0.4692823015225175
103024,0,F,N,Y,0,172500.0,706700.0,27487.9,Secondary / secondary special,Married,Pensioner,-15535,365243,,,0.5325895169943891,
103025,0,F,Y,Y,1,88300.0,156300.0,10956.3,Secondary / secondary special,Married,Commercial associate,-22475,-563,17.3,,0.6004519384001774,
103026,0,F,N,Y,0,125000.0,439100.0,19352.3,Secondary / secondary special,Separated,Commercial associate,-11758,-493,,0.382026123212897,0.7148613042307023,0.4665523628031115
103027,0,F,N,Y,0,275500.0,1215900.0,67520.2,Secondary / secondary special,Single / not married,Working,-18059,-637,,0.3280464964939146,0.7036858929702198,
103028,0,M,N,N,0,72800.0,154200.0,12160.6,Secondary / secondary special,Married,Working,-10507,-518,,,0.6403568157086703,0.3787561317952026
103029,0,F,N,N,3,139300.0,530100.0,32403.0,Secondary / secondary special,Single / not married,Working,-17754,-865,,,0.8612255580423548,0.7026663192924285
103030,0,F,Y,N,1,217700.0,661000.0,29185.3,Secondary / secondary special,Married,Working,-11566,-1107,14.2,0.5283080319586179,0.8526320737225491,0.3353893494273083
103031,0,M,N,Y,0,196300.0,403900.0,14006.7,Secondary / secondary special,Married,Pensioner,-17939,365243,,,0.6869209630486593,0.40801211873059673
103032,0,F,Y,N,1,169000.0,1027500.0,48835.7,Higher education,Married,Commercial associate,-15185,-2575,10.2,0.6191675948543519,0.6746529529343741,0.6320772874048678
103033,0,F,Y,Y,0,108600.0,357300.0,19568.3,Higher education,Married,Working,-17466,-1796,13.7,0.42739754097479504,0.5851212990617928,0.6273419922352133
103034,0,F,N,Y,0,265600.0,1053000.0,37743.1,Incomplete higher,Married,Commercial associate,-10496,-1871,,,0.632717323991083,
103035,0,M,N,Y,1,84900.0,350100.0,25035.4,Secondary / secondary special,Married,Commercial associate,-16549,-2458,,,0.48491273083690906,0.5481658040211381
103036,0,M,Y,Y,0,201200.0,468700.0,40325.9,Secondary / secondary special,Married,Working,-13216,-2543,16.2,0.5286031583459508,0.41427044286941656,
103037,0,F,Y,N,1,157800.0,683700.0,41529.4,Higher education,Married,Working,-10193,-1035,7.3,0.9412077640215843,0.5415262782824114,0.23585095120475505
103038,0,F,N,Y,0,103400.0,282200.0,24026.4,Secondary / secondary special,Married,Working,-16443,-2611,,0.35963795209416866,0.6706522118252619,0.8721228130368771
103039,0,F,Y,N,0,123600.0,559300.0,30412.3,Secondary / secondary special,Married,Pensioner,-10097,-418,19.1,0.5015839197016553,0.5434253699743009,0.7256221303389929
103040,1,F,Y,Y,0,332700.0,694200.0,46834.8,Higher education,Married,Pensioner,-15161,365243,15.3,0.601621975524842,0.6776591260422418,0.3095022997789291
103041,0,F,Y,Y,0,87300.0,476700.0,34666.3,Secondary / secondary special,Married,Commercial associate,-13335,-2587,15.9,0.7154104244488607,0.7945275805665444,0.7806647392293599
103042,0,M,Y,N,1,66700.0,388000.0,28012.9,Higher education,Married,Working,-17190,-208,6.3,0.810533893165875,0.5334202838558453,0.6010158522868743
103043,0,M,Y,N,0,110500.0,707400.0,47230.7,Incomplete higher,Married,Working,-16152,-313,3.4,,0.7322225464740321,0.5713337089238153
103044,0,F,N,N,2,177300.0,1059800.0,50949.6,Academic degree,Married,Working,-10029,-1555,,0.40133635645020604,0.4349663616906023,0.6670663251954322
103045,0,M,N,N,0,279500.0,1347400.0,134281.5,Secondary / secondary special,Single / not married,Working,-12561,-406,,0.8035094701431289,0.8411754019401134,0.8171344283277759
103046,0,M,N,Y,0,149000.0,331200.0,14825.0,Secondary / secondary special,Single / not married,Commercial associate,-17431,-1360,,0.2600172754385716,0.6980676132726601,0.7342597939534753
103047,0,F,N,N,0,70800.0,137100.0,5693.6,Secondary / secondary special,Single / not married,Working,-22290,-1249,,0.7575906678908335,0.820947413590604,0.5494907857478586
103048,0,F,N,N,0,153700.0,291300.0,11989.3,Secondary / secondary special,Married,Working,-8708,-539,,,0.7164939104965102,0.49690025843884916
103049,1,M,N,Y,1,216500.0,1234000.0,61225.9,Secondary / secondary special,Married,Commercial associate,-9263,-25,,,0.35807605075730803,0.47373430390046856
103050,0,F,N,Y,0,170100.0,905700.0,46965.0,Secondary / secondary special,Married,Working,-21641,-113,,,0.6124116232020851,
103051,0,M,N,Y,0,183900.0,480500.0,21805.3,Secondary / secondary special,Separated,Commercial associate,-13628,-629,,0.38201136926157553,0.5463918947678157,0.7324578081558337
103052,0,F,N,N,0,63400.0,170100.0,10645.0,Secondary / secondary special,Married,Pensioner,-12173,365243,,,0.518888792916859,0.4631250304917156
103053,0,F,N,N,0,80500.0,159600.0,12985.9,Higher education,Single / not married,Commercial associate,-11696,-1075,,0.5916870342440376,0.6029359147231842,0.8973780760986737
103054,0,M,N,N,1,138700.0,882000.0,43738.8,Higher education,Married,State servant,-24688,-2407,,0.5380896878395371,0.27987293783282036,0.4260966459166685
103055,0,F,N,Y,0,245300.0,676000.0,24723.0,Secondary / secondary special,Separated,Commercial associate,-16624,-288,,,0.49479635160137725,0.5056736695758426
103056,0,F,Y,Y,1,103200.0,592200.0,30025.8,Secondary / secondary special,Married,Pensioner,-10491,-1275,15.9,,0.4223899526513524,0.6876264076196921
103057,0,F,N,Y,0,161500.0,860100.0,55164.2,Secondary / secondary special,Married,Commercial associate,-14788,-490,,,0.4398416090568022,0.6578766236312933
103058,0,F,N,Y,0,158700.0,874500.0,61471.3,Secondary / secondary special,Married,Pensioner,-12239,-771,,0.6213834199854863,0.3102081287303317,
103059,1,F,Y,Y,0,92100.0,427600.0,37764.0,Secondary / secondary special,Single / not married,Working,-10627,-575,11.6,,0.5138708626919356,
103060,0,F,N,Y,0,105700.0,271200.0,9517.6,Higher education,Single / not married,Working,-24826,-2982,,,0.5918640805035912,0.7825256971851934
103061,0,F,Y,Y,0,145600.0,378800.0,22882.2,Higher education,Single / not married,Working,-15473,-913,0.4,0.48104335493237727,0.5265162066321554,0.5790163645552711
103062,0,F,Y,Y,1,124900.0,770400.0,27550.4,Secondary / secondary special,Single / not married,Commercial associate,-19789,-339,12.1,0.631635643378143,0.27519600281498074,0.7068905934358962
103063,0,F,N,N,0,213000.0,908900.0,31449.0,Higher education,Married,Working,-23423,-4328,,,0.736024860728785,0.5521651163716592
103064,0,M,Y,Y,0,121900.0,591600.0,31315.5,Incomplete higher,Married,State servant,-11275,-33,18.9,0.7928086352864997,0.4576943096731488,
103065,0,F,N,Y,0,219500.0,911400.0,49422.5,Higher education,Civil marriage,Commercial associate,-9914,-526,,,0.5675332509073913,0.8551100729244828
103066,0,F,N,Y,0,125100.0,401900.0,24632.3,Higher education,Married,Working,-12233,-2609,,0.6037222982732675,0.45684069804971167,0.3758534399657944
103067,0,F,N,N,0,148900.0,747900.0,32859.2,Secondary / secondary special,Married,Working,-20162,-1891,,0.37836551209133085,0.7738979206968278,0.5490952671856087
103068,1,F,N,N,0,211100.0,1223900.0,85722.5,Higher education,Married,Pensioner,-14367,365243,,0.9568598720069259,0.5037502531573058,0.6608791625056256
103069,0,M,N,Y,1,140300.0,374400.0,22340.8,Higher education,Married,Pensioner,-16244,365243,,,0.5389290256014817,0.282850347330399
103070,0,F,N,N,0,121600.0,281200.0,17697.4,Secondary / secondary special,Married,Commercial associate,-8025,-842,,0.5658592739705749,0.6340245996663926,0.5162082387693969
103071,0,F,N,N,0,142800.0,261300.0,14941.6,Secondary / secondary special,Single / not married,Working,-7744,-1170,,,0.7102058056852553,
103072,0,M,N,N,0,220100.0,1324100.0,115248.4,Secondary / secondary special,Married,Pensioner,-14807,365243,,,0.5582924098595913,0.6582780964849507
103073,0,M,N,Y,0,171000.0,844100.0,41016.2,Secondary / secondary special,Married,Pensioner,-10306,365243,,,0.8006631618275876,0.41153005897634926
103074,0,M,N,Y,0,56100.0,283500.0,23961.5,Higher education,Married,Pensioner,-21539,365243,,,0.835669373634879,0.43816032861467397
103075,0,M,N,Y,2,106400.0,188500.0,7342.6,Secondary / secondary special,Separated,Commercial associate,-24348,-420,,0.34094084611694825,0.47040016980957783,0.8801100234389753
103076,0,M,N,Y,0,106800.0,373100.0,20271.6,Higher education,Single / not married,Working,-23899,-571,,0.5248215881077772,0.7233790987112608,0.7835850068994062
103077,0,F,Y,Y,0,191500.0,342100.0,13838.3,Higher education,Civil marriage,State servant,-15832,-1648,9.1,,0.5318733538922568,0.7295690834566618
103078,0,F,Y,Y,0,62200.0,307600.0,24399.8,Secondary / secondary special,Married,Working,-12699,-274,18.9,,0.5970641197847567,0.7744236389867504
103079,0,F,N,Y,1,167000.0,536400.0,24863.0,Secondary / secondary special,Separated,Working,-16152,-928,,,0.39121074104077486,0.7926370401630127
103080,0,F,Y,Y,0,196100.0,1255700.0,90825.6,Secondary / secondary special,Civil marriage,Commercial associate,-9494,-49,6.8,0.8693381304920265,0.7645108348473572,0.5513760359550147
103081,0,F,N,Y,0,196100.0,1001000.0,46356.3,Secondary / secondary special,Married,Working,-24219,-1785,,,0.6212644222142116,0.6115462504890892
103082,0,F,N,Y,0,141800.0,313900.0,17011.3,Higher education,Single / not married,Pensioner,-19439,365243,,0.8121566316374866,0.7381154194190234,
103083,0,M,N,Y,0,71200.0,171600.0,7483.5,Higher education,Married,Commercial associate,-12694,-4109,,,0.7078538363297269,0.7384496414076711
103084,0,M,Y,Y,0,131200.0,276800.0,23428.6,Secondary / secondary special,Single / not married,Working,-20981,-34,8.7,0.5012179354064193,0.6310671749404412,0.5301073434154826
103085,0,M,N,N,1,285800.0,785200.0,28006.9,Secondary / secondary special,Civil marriage,Commercial associate,-11965,-3696,,0.7598459699929738,0.4980120046462462,0.6162775619661729
103086,0,F,N,Y,0,112600.0,715700.0,36429.0,Higher education,Married,Pensioner,-20844,365243,,,0.37341087820444857,0.7861221528926989
103087,0,F,Y,Y,0,392900.0,2525100.0,107638.3,Higher education,Married,Pensioner,-14714,365243,7.1,0.3484302987053115,0.5736393698933336,0.538544690882655
103088,0,F,N,Y,1,212100.0,622400.0,41127.4,Secondary / secondary special,Married,Working,-22816,-2218,,0.7701538309714608,0.7523712718144949,
103089,0,F,N,Y,0,138100.0,375800.0,15361.8,Incomplete higher,Single / not married,Working,-25023,-4495,,,0.6330379110283628,0.31198629729642774
103090,0,M,N,Y,0,163000.0,453600.0,15750.2,Secondary / secondary special,Single / not married,Working,-13284,-1202,,0.6398339913424338,0.8597046592268984,0.723392205506848
103091,0,M,N,Y,0,174300.0,702300.0,24107.1,Secondary / secondary special,Married,Pensioner,-17333,365243,,,0.8021613080616694,0.3139730107966644
103092,0,M,Y,Y,0,113600.0,444000.0,17112.0,Secondary / secondary special,Widow,Commercial associate,-11841,-1869,8.8,,0.6132115517819042,
103093,1,M,N,N,0,122200.0,457300.0,25400.0,Higher education,Married,Working,-21702,365243,,0.2564722236839971,0.7274455491205658,0.297682469011297
103094,0,M,N,Y,0,361300.0,685700.0,50157.6,Incomplete higher,Married,Working,-16295,-497,,0.7804312765601829,0.8941492827061359,0.3133832494155127
103095,0,F,Y,Y,0,288200.0,804600.0,52526.2,Secondary / secondary special,Married,Pensioner,-24918,365243,9.2,0.5483474532511514,0.7329727452996617,
103096,0,F,N,Y,0,124200.0,468400.0,18701.0,Secondary / secondary special,Civil marriage,Pensioner,-23219,365243,,0.6415412178984885,0.7643743560789726,
103097,0,F,N,N,1,103700.0,267400.0,17073.1,Secondary / secondary special,Single / not married,Working,-12451,-1575,,,0.8264258453623647,0.5282666660411844
103098,0,F,N,Y,0,71900.0,332400.0,21279.9,Higher education,Single / not married,Working,-9765,-1589,,0.7837103168016479,0.8981705220721601,0.8850588430783056
103099,0,F,N,N,2,388700.0,882300.0,57004.4,Higher education,Civil marriage,Working,-18537,-2175,,0.9005572861873827,0.4959517191276999,0.8881358791304513
103100,0,F,N,Y,1,233500.0,769600.0,46872.5,Secondary / secondary special,Married,Pensioner,-13246,365243,,,0.8603517806238559,0.7107410591206736
103101,0,M,N,Y,1,258000.0,1366100.0,65371.5,Higher education,Married,Commercial associate,-12118,-660,,,0.47571744448988545,0.7952396739864536
103102,0,F,Y,Y,1,115300.0,514000.0,21489.1,Secondary / secondary special,Married,Pensioner,-17227,-1097,19.8,,0.7678663634288211,0.3616058468507478
103103,0,M,Y,N,0,112000.0,678900.0,38169.9,Higher education,Married,Working,-17106,-563,1.3,,0.6380505105248427,0.812901995673364
103104,1,M,N,N,1,97300.0,286200.0,16149.2,Higher education,Married,Working,-17095,-927,,0.5904866508223212,0.36880049902162426,0.09155827196707067
103105,1,F,N,N,0,35500.0,55100.0,2070.2,Secondary / secondary special,Married,Working,-12828,-861,,0.3857471788775937,0.5148125011995891,0.6727712153252746
103106,0,M,N,Y,0,99400.0,400700.0,28689.9,Incomplete higher,Married,Working,-10394,-56,,0.9216758288691221,0.5414854057760377,0.9188042656859653
103107,0,F,Y,N,0,170000.0,443100.0,19946.0,Secondary / secondary special,Married,Working,-10890,-4315,7.1,0.7913468774395812,0.7868409523341066,0.5898065909682718
103108,0,F,N,Y,0,164700.0,348500.0,16508.2,Incomplete higher,Married,Commercial associate,-20295,-2278,,,0.830343510717456,0.5148789967970528
103109,0,F,Y,Y,0,111600.0,177300.0,9235.7,Secondary / secondary special,Widow,Working,-15876,-822,1.4,,0.6763396378697268,0.6697522967401986
103110,0,M,Y,N,0,197700.0,876400.0,31252.1,Higher education,Married,Pensioner,-15899,365243,7.2,,0.46405849095730756,0.8867204603289804
103111,0,F,Y,N,0,108700.0,373000.0,36449.6,Secondary / secondary special,Separated,Working,-24794,-1278,8.2,,0.5782965837841793,0.3971412851396262
103112,0,F,N,Y,1,208000.0,648200.0,24880.4,Secondary / secondary special,Married,Working,-23763,-1503,,0.5613519070544679,0.6555164574659631,0.2976509796650264
103113,0,M,N,Y,0,206800.0,704600.0,38807.3,Lower secondary,Civil marriage,Working,-8809,-1756,,0.38604257770921824,0.915804412082322,0.5250333682578796
103114,0,M,Y,Y,0,212900.0,1131700.0,42729.0,Secondary / secondary special,Married,Working,-21654,-2544,5.6,0.877887958262221,0.2906687598699482,0.3664064453678589
103115,0,F,Y,Y,0,152200.0,405000.0,21266.7,Secondary / secondary special,Married,Commercial associate,-12016,-262,3.7,0.5374802798592127,0.7186347441442812,0.9133034081740458
103116,0,F,N,Y,2,102000.0,412900.0,30283.9,Higher education,Married,Commercial associate,-20333,-331,,,0.5399418797041026,0.5420337265321875
103117,1,F,N,N,1,86100.0,557100.0,26157.7,Secondary / secondary special,Married,Commercial associate,-10709,-680,,0.44994209074813785,0.5355069197421891,0.4663878870549189
103118,0,M,N,Y,0,55500.0,97100.0,3295.3,Secondary / secondary special,Civil marriage,Pensioner,-10218,365243,,0.4830884175590989,0.6473391392263986,0.5102055964049981
103119,0,F,Y,Y,0,207100.0,991600.0,81553.4,Incomplete higher,Married,Working,-24136,-250,7.2,,0.3404085468362611,0.4470934331048084
103120,0,F,N,Y,1,69000.0,339100.0,12243.7,Secondary / secondary special,Married,Working,-17458,-34,,0.6342394052609762,0.6593440850646878,0.6180380067576332
103121,0,F,N,Y,0,138600.0,500900.0,22303.2,Secondary / secondary special,Single / not married,Working,-13800,-1166,,0.727378665331556,0.40822586968073404,0.8942588453053696
103122,0,F,N,Y,1,162400.0,899000.0,33999.9,Secondary / secondary special,Married,Working,-23293,-1739,,,0.6119147436159772,0.8519671161485638
103123,0,F,Y,Y,2,91000.0,442000.0,16681.9,Higher education,Married,Working,-12751,-155,8.1,0.8406334114657782,0.6084944695864611,0.12972995306035234
103124,0,F,N,Y,0,139300.0,705100.0,56609.8,Secondary / secondary special,Married,Commercial associate,-8790,-1264,,,,0.7726158442586737
103125,0,F,N,Y,0,170000.0,365000.0,20335.7,Secondary / secondary special,Married,Pensioner,-14591,365243,,0.5405812005801456,0.74573086400149,0.9213763370711507
103126,0,F,Y,N,1,130200.0,551600.0,25706.7,Secondary / secondary special,Married,Working,-20070,-641,19.4,0.44388392360926626,0.6693968009752437,0.6188375431952255
103127,0,F,Y,Y,0,181200.0,423400.0,16065.5,Secondary / secondary special,Married,Working,-19277,-391,7.4,0.5549484162332157,0.31683198801442175,0.3863651557920879
103128,1,F,N,Y,3,120600.0,228900.0,14304.2,Secondary / secondary special,Married,Pensioner,-15975,365243,,0.8008250580382942,,0.3374647416280319
103129,0,M,N,N,0,130000.0,470900.0,16084.1,Higher education,Widow,Pensioner,-16614,-54,,,0.5035849835794255,
103130,0,M,N,Y,1,98700.0,196800.0,18132.5,Secondary / secondary special,Married,Commercial associate,-16952,-2786,,,0.3649760249592345,0.6702695751851518
103131,0,F,N,N,0,138500.0,208000.0,9702.7,Secondary / secondary special,Married,Working,-14236,-4404,,0.41678248071388757,0.4622893303239077,
103132,0,M,N,N,0,147700.0,938700.0,40847.6,Higher education,Civil marriage,Working,-9124,-253,,0.6724805538172938,0.6426520838149757,0.7712142515374104
103133,0,F,Y,N,1,97200.0,572000.0,26588.5,Secondary / secondary special,Widow,Commercial associate,-10437,-1265,11.2,,,0.5836843038992516
103134,0,F,N,Y,0,178600.0,433900.0,38759.5,Higher education,Single / not married,Working,-20368,-210,,,0.577032890463185,0.5583063615368206
103135,0,M,Y,N,0,48600.0,109300.0,5728.5,Higher education,Married,Commercial associate,-21872,-521,15.7,,0.6816512051496755,0.5390128882613794
103136,1,M,N,Y,0,239600.0,770400.0,55625.7,Secondary / secondary special,Civil marriage,Working,-14604,-1336,,,0.23944662579928874,
103137,0,M,Y,Y,1,77800.0,160500.0,7686.4,Secondary / secondary special,Married,Commercial associate,-13443,-2827,9.4,,0.8250452177953714,0.6584520802589845
103138,0,F,N,N,0,235200.0,751400.0,43388.9,Secondary / secondary special,Single / not married,Commercial associate,-18324,-348,,,0.7083536613185265,0.9667821626655935
103139,0,M,N,Y,0,194700.0,978700.0,36901.6,Secondary / secondary special,Single / not married,Working,-8051,-515,,0.6402510968463389,0.5910432523289563,0.7894267599481589
103140,0,F,Y,N,0,232300.0,626500.0,55551.2,Secondary / secondary special,Married,Working,-17655,-299,13.1,,0.670177442239049,0.558331136270242
103141,0,F,Y,Y,0,88700.0,478400.0,25807.0,Secondary / secondary special,Civil marriage,Working,-15893,-2809,19.7,,0.5427454925117605,
103142,0,F,N,Y,1,134400.0,821800.0,30241.0,Secondary / secondary special,Single / not married,Pensioner,-15418,365243,,,0.32629813636652266,0.5296191031745743
103143,0,M,Y,Y,0,168100.0,284100.0,12294.0,Higher education,Single / not married,Pensioner,-7695,365243,18.4,0.8484212183756054,0.8439766183753736,
103144,0,F,Y,N,0,178500.0,750200.0,55480.7,Secondary / secondary special,Separated,Working,-24200,-2816,19.3,,0.670232230243357,
103145,0,M,Y,Y,2,214900.0,404500.0,15462.5,Secondary / secondary special,Single / not married,Working,-10710,-4135,0.7,0.7881752772184012,0.6256518446971548,
103146,0,F,N,N,0,197400.0,840100.0,50271.9,Secondary / secondary special,Married,Pensioner,-9651,365243,,,0.7576436299561563,0.4649294746623652
103147,0,M,N,Y,0,182400.0,307500.0,15044.4,Secondary / secondary special,Married,Pensioner,-14434,365243,,0.6511089357020133,0.589826610301643,0.8816053539596245
103148,0,M,Y,N,2,183700.0,732300.0,33697.8,Higher education,Married,Pensioner,-21323,365243,12.0,,0.699914912839096,
103149,0,M,N,Y,1,200300.0,728100.0,58905.3,Secondary / secondary special,Married,Working,-21082,-485,,0.47981403434090447,0.7790326759180777,0.8901453155623634
103150,0,F,N,N,0,148600.0,934400.0,40225.2,Secondary / secondary special,Single / not married,Working,-16643,-1263,,,0.6351475650155834,0.577543865865429
103151,0,F,Y,Y,0,246600.0,594000.0,25084.3,Secondary / secondary special,Civil marriage,State servant,-17298,-3716,8.9,0.6527474335815532,0.7660769063007288,0.6433507623581035
103152,0,F,N,Y,1,142300.0,290600.0,12808.9,Secondary / secondary special,Married,Working,-15650,-2918,,0.8028223819462985,0.6386216093107346,
103153,0,F,N,N,0,68800.0,128300.0,5451.5,Higher education,Separated,Working,-8113,-473,,0.6617641778144583,0.5789738393165769,
103154,0,F,Y,Y,0,257900.0,566900.0,38287.0,Secondary / secondary special,Single / not married,Pensioner,-12541,-3013,6.4,0.7569977174348388,0.7273576850934808,0.8713125383147149
103155,0,F,N,Y,0,181800.0,805600.0,55154.4,Higher education,Widow,Commercial associate,-14489,-192,,0.537645688754964,0.6086104661635726,
103156,1,F,Y,N,1,137700.0,876700.0,58545.9,Secondary / secondary special,Married,Working,-17390,-4467,17.4,,0.4394870125572023,
103157,0,F,Y,N,1,155000.0,694200.0,45448.5,Secondary / secondary special,Married,State servant,-19224,-1123,17.8,0.8175676909881956,0.44433381689884294,0.7552991888782419
103158,0,F,N,N,0,290200.0,1381300.0,80083.4,Secondary / secondary special,Single / not married,Commercial associate,-24985,-3265,,,0.6947594914128702,0.6255789575094244
103159,0,M,N,N,2,154000.0,704900.0,46987.1,Secondary / secondary special,Single / not married,Working,-16565,-1696,,,0.7577586519691408,0.6157084853447707
103160,0,F,N,N,0,291700.0,693300.0,23627.1,Secondary / secondary special,Separated,Working,-19450,-1369,,,0.45204247033442374,0.8495164524589038
103161,0,M,Y,Y,0,182100.0,1133200.0,97084.8,Secondary / secondary special,Separated,Commercial associate,-24512,-4316,4.7,0.5975812727806257,0.811556666784217,0.7556188921356086
103162,0,M,Y,Y,1,125100.0,808000.0,29958.2,Secondary / secondary special,Married,Commercial associate,-12556,-904,6.4,,0.858445972035234,
103163,0,F,N,N,1,81700.0,186300.0,10872.1,Academic degree,Married,Working,-15625,-2629,,,0.6501076428433556,0.39986782585971353
103164,0,M,N,N,0,153400.0,421000.0,19006.0,Secondary / secondary special,Single / not married,Commercial associate,-20310,-579,,,0.8289183469351783,0.6431074859572006
103165,0,F,Y,Y,0,266000.0,1157500.0,70851.1,Higher education,Married,Working,-17578,-1698,4.3,,0.6747544113473734,0.694952591699062
103166,0,M,N,Y,1,114000.0,694900.0,24781.7,Secondary / secondary special,Separated,Working,-23329,-1341,,0.31028872391098417,0.8037698146072814,
103167,1,F,N,Y,1,173700.0,765100.0,67559.8,Secondary / secondary special,Single / not married,State servant,-17594,-90,,0.3465358911876387,0.6966708200441277,
103168,0,F,N,N,2,293800.0,994900.0,65085.9,Secondary / secondary special,Civil marriage,Working,-23841,365243,,,0.6341256310640877,0.8278181071887147
103169,0,F,N,Y,1,66300.0,225400.0,7713.9,Secondary / secondary special,Separated,Pensioner,-10274,365243,,,0.6000863701913967,0.4624605202209042
103170,0,F,N,N,0,176100.0,616500.0,35932.5,Higher education,Married,Working,-21757,-642,,0.828711691321247,0.6454799569828696,
103171,0,M,Y,N,1,189000.0,1163000.0,77378.6,Secondary / secondary special,Married,Working,-11409,-2090,12.7,,0.8622337091051562,0.7592021182109285
103172,0,M,N,Y,0,172900.0,925900.0,58102.4,Secondary / secondary special,Single / not married,Working,-8531,-790,,0.6531666729462227,0.40272939020194315,0.9393833611884557
103173,0,M,N,Y,0,68400.0,376400.0,30605.1,Secondary / secondary special,Civil marriage,State servant,-9627,-81,,,0.4607777392568045,
103174,0,M,Y,Y,1,104600.0,179500.0,10688.9,Higher education,Single / not married,Working,-17851,-1513,17.2,0.33567535510091007,0.7642059685403549,0.4589335814714371
103175,0,M,Y,Y,1,57600.0,175500.0,10722.0,Higher education,Married,Working,-12769,-2935,14.5,,0.2937692191572578,
103176,0,F,N,Y,0,81400.0,441000.0,28307.0,Secondary / secondary special,Single / not married,Working,-10194,-321,,,0.4461107956531028,
103177,1,M,N,Y,1,215300.0,450600.0,38751.1,Higher education,Married,Commercial associate,-18699,-947,,0.46787295555305636,0.5300760143554563,0.5549051410158606
103178,0,F,N,N,1,126900.0,356300.0,16276.9,Secondary / secondary special,Married,Working,-16225,-1013,,,0.7198118510312814,0.6679964115973821
103179,0,F,N,Y,2,212900.0,1195300.0,50362.5,Secondary / secondary special,Widow,Working,-14341,-348,,,0.8120383493303394,
103180,0,F,N,Y,1,207700.0,891600.0,37070.0,Secondary / secondary special,Married,Working,-17062,-2372,,,0.5972917424997918,0.75620693899515
103181,0,M,Y,Y,0,88800.0,374800.0,28331.7,Secondary / secondary special,Married,Pensioner,-22772,365243,13.4,0.6411496261815958,0.3465654254820659,0.9052716766370298
103182,0,F,N,N,0,158900.0,472900.0,20610.6,Secondary / secondary special,Married,Pensioner,-20375,365243,,,0.3184594696648155,
103183,0,F,N,Y,1,72100.0,141600.0,5096.5,Higher education,Civil marriage,Unemployed,-16351,-378,,0.8102506478202391,0.7794427989426249,
103184,0,F,N,Y,0,166600.0,970500.0,32830.9,Incomplete higher,Married,Working,-22091,-1496,,,0.5197470289815144,0.369111479529268
103185,0,F,Y,N,0,178200.0,429100.0,15390.3,Secondary / secondary special,Married,Working,-22792,-2132,11.5,,0.42082841849927066,0.6382962602356982
103186,1,F,Y,Y,0,132900.0,549300.0,43111.0,Secondary / secondary special,Married,Working,-14267,-2319,12.2,,,0.5353917521058325
103187,0,M,N,Y,1,69100.0,308300.0,10603.3,Secondary / secondary special,Married,Pensioner,-10296,365243,,0.6603350729965726,0.7353926055025142,0.5505341836015712
103188,1,M,Y,Y,1,75400.0,292900.0,17771.8,Secondary / secondary special,Married,Commercial associate,-9687,-285,10.6,,0.3788815930897622,0.4430408248341233
103189,0,F,Y,N,0,462400.0,2574400.0,242972.2,Secondary / secondary special,Civil marriage,Commercial associate,-18870,-981,5.4,,0.6479540402395548,0.54239967659985
103190,0,F,N,N,0,194800.0,297100.0,17188.2,Secondary / secondary special,Civil marriage,Working,-24085,365243,,0.4335310801386392,0.726122524336215,0.9364685476938153
103191,0,F,N,Y,0,129900.0,430300.0,26651.5,Secondary / secondary special,Married,Working,-8346,-1771,,,0.7528186233556535,0.7906453715772109
103192,0,F,Y,N,0,226800.0,1134200.0,48221.0,Higher education,Married,Working,-16388,-891,13.6,,0.6193374452668208,0.8815979249773146
103193,0,F,Y,N,0,285600.0,497300.0,16756.9,Secondary / secondary special,Married,Working,-11075,-1247,12.2,0.6768735045362178,0.43916428021124504,0.8496670018871106
103194,0,M,Y,N,0,253900.0,1550000.0,63162.6,Secondary / secondary special,Married,Working,-16988,-849,3.8,,0.8947786386213014,0.8258205484566423
103195,0,F,N,N,1,135000.0,458300.0,19454.9,Higher education,Married,Working,-22689,-35,,,0.7199893641868002,0.4431205653977336
103196,0,F,N,N,0,126700.0,567100.0,42357.6,Secondary / secondary special,Single / not married,Working,-21466,-5394,,,0.6553086071091762,
103197,1,F,Y,Y,0,210700.0,326000.0,13365.0,Secondary / secondary special,Married,Working,-24698,-1430,18.9,0.4321271131945468,0.7969869372548268,0.6464482477267304
103198,0,F,N,Y,1,132500.0,556100.0,36017.6,Secondary / secondary special,Married,State servant,-16165,-1255,,,0.6548430216892855,
103199,0,F,Y,N,1,252600.0,639700.0,41066.7,Secondary / secondary special,Married,Unemployed,-19300,365243,14.4,,0.8039131087278316,0.7423653259615461
103200,0,M,Y,Y,1,154900.0,492400.0,26385.1,Higher education,Married,Pensioner,-23422,365243,8.4,0.8700151536812596,0.795827334476453,0.4840193300181318
103201,0,M,Y,Y,0,210500.0,1302900.0,46758.1,Secondary / secondary special,Married,Pensioner,-19900,365243,7.6,,0.6030523585287233,0.8106373831032343
103202,0,M,N,N,0,235100.0,1196500.0,83433.6,Secondary / secondary special,Married,Working,-24574,-576,,,0.869973531253591,0.3892993342886437
103203,0,M,Y,N,0,82100.0,388400.0,13948.4,Secondary / secondary special,Single / not married,Working,-11975,-455,19.2,0.8017134042327986,0.8951870923857117,0.5895407302537488
103204,0,F,N,N,1,157200.0,1013000.0,50836.3,Secondary / secondary special,Married,Working,-10036,-1529,,,0.7971855265352907,0.5181496111594815
103205,0,M,N,N,0,246900.0,591000.0,51941.1,Higher education,Married,Working,-10284,-2222,,,0.6984666959511628,0.7348882805043583
103206,0,F,N,Y,0,102400.0,184800.0,7873.4,Higher education,Separated,Commercial associate,-22614,-83,,,0.6470978665872832,0.7708918333696265
103207,0,F,Y,N,0,115100.0,615000.0,26253.9,Secondary / secondary special,Married,Working,-8596,-780,12.6,0.5744919771112128,0.7489580144930678,0.7606049986661791
103208,0,F,Y,N,1,252900.0,408500.0,13934.4,Secondary / secondary special,Civil marriage,State servant,-21869,-964,7.5,,0.7738653436199409,
103209,0,F,Y,Y,2,292900.0,1580500.0,96396.5,Higher education,Married,Commercial associate,-15806,-4250,2.4,,0.9141889303473519,0.431887647639965
103210,0,F,N,Y,0,30200.0,121700.0,10164.3,Higher education,Married,Working,-19788,-1695,,,0.41332686650670997,0.8771179715906545
103211,0,F,N,N,0,252600.0,665500.0,35255.1,Secondary / secondary special,Married,Pensioner,-20741,365243,,,0.9627745759273684,0.5502889060839389
103212,1,M,Y,Y,0,51700.0,243100.0,15552.2,Secondary / secondary special,Single / not married,Pensioner,-15110,365243,2.5,,0.518889298162416,0.8070166257505044
103213,0,M,N,Y,1,143100.0,568200.0,27131.3,Secondary / secondary special,Civil marriage,Commercial associate,-10231,-3656,,,0.569727304817337,
103214,0,F,N,Y,0,78900.0,193000.0,9031.3,Secondary / secondary special,Married,Working,-18487,-336,,0.5996808463241928,0.4300665378970406,0.7376543970397362
103215,0,F,Y,Y,1,115100.0,636400.0,37757.0,Secondary / secondary special,Married,Working,-24440,-675,10.8,,0.6758692266665741,0.8724356767676626
103216,0,M,Y,Y,1,154400.0,454900.0,15651.3,Secondary / secondary special,Married,Commercial associate,-8118,-595,15.9,,0.6328044072533906,0.9241221809101194
103217,0,F,Y,N,0,187000.0,509600.0,37821.9,Secondary / secondary special,Married,Commercial associate,-11649,-108,9.8,,0.5545980150395562,0.6897832404844246
103218,0,F,Y,Y,0,280200.0,1394900.0,97263.9,Secondary / secondary special,Married,Working,-23000,-1380,4.6,0.4291422007989822,0.5476155710894027,
103219,1,F,N,N,0,80400.0,289300.0,16341.7,Secondary / secondary special,Widow,Pensioner,-8893,365243,,,0.29311451470157585,0.6846634603050649
103220,1,F,Y,Y,1,247800.0,797500.0,38366.5,Secondary / secondary special,Married,Working,-7847,-191,4.6,,0.6576392335472095,0.38750441413512027
103221,0,F,N,Y,2,130000.0,559000.0,26979.4,Secondary / secondary special,Married,Unemployed,-23059,365243,,,0.5463490208883944,0.7948041531495993
103222,0,M,N,Y,1,131200.0,629400.0,26099.7,Secondary / secondary special,Single / not married,Working,-21136,-2118,,,0.8266140074671494,0.22192617252921482
103223,0,M,N,N,0,316500.0,671600.0,57229.8,Higher education,Married,Pensioner,-12121,365243,,0.47600141853399713,0.3925894056760141,0.6484799841529945
103224,1,M,N,N,1,215200.0,1286200.0,44538.6,Secondary / secondary special,Widow,Working,-24614,-556,,,0.5672172058310675,0.580172644799125
103225,1,F,N,Y,1,69100.0,232300.0,20924.1,Higher education,Married,Pensioner,-20160,365243,,,0.47418787168419846,0.7944527737069265
103226,0,M,N,N,0,142200.0,352200.0,15486.1,Higher education,Civil marriage,Pensioner,-9758,365243,,,0.6243309826190069,0.8606929010578606
103227,0,M,N,Y,0,105200.0,225900.0,11014.3,Higher education,Married,Working,-15744,-56,,0.5257996664938251,0.6785013407855405,0.6771963998696428
103228,0,F,N,Y,0,121100.0,726100.0,48534.4,Secondary / secondary special,Married,Working,-22836,-307,,,0.8263480446284754,0.6172490377569367
103229,0,F,Y,N,0,138800.0,252300.0,14374.0,Secondary / secondary special,Married,Unemployed,-19377,365243,4.1,0.7652344804433296,0.8032614018960976,0.8011411828391206
103230,0,F,N,Y,1,181400.0,914900.0,46170.9,Higher education,Civil marriage,State servant,-17940,-563,,0.7201562317560731,0.4686509316093531,0.46998928861818273
103231,0,F,Y,N,1,83700.0,134100.0,12097.7,Secondary / secondary special,Married,Pensioner,-14981,365243,19.3,0.8741571507469991,0.5497779035467546,0.5797712539169074
103232,0,F,N,Y,0,133300.0,785700.0,45628.8,Higher education,Married,Working,-12018,-417,,,0.7066188097849134,0.6443576530879872
103233,1,F,N,N,0,123300.0,746200.0,40710.8,Secondary / secondary special,Married,Working,-18427,-790,,,0.49186234686891317,0.8098751526156924
103234,0,F,N,Y,0,175100.0,496700.0,25032.7,Secondary / secondary special,Married,Working,-10367,-1578,,0.7390387327340631,0.5000857176441195,0.47243724443408197
103235,0,F,N,Y,0,143800.0,260400.0,13250.6,Secondary / secondary special,Civil marriage,Commercial associate,-21869,-2142,,,0.4916288709243445,0.7248053076201221
103236,0,F,Y,Y,0,224600.0,380900.0,12919.3,Secondary / secondary special,Separated,Working,-11344,-2369,1.2,,0.7689217488889372,
103237,0,M,N,N,0,165400.0,1040400.0,37625.4,Secondary / secondary special,Single / not married,Working,-9783,-456,,,0.778628649738559,0.5088483488158229
103238,0,F,Y,Y,0,193200.0,909300.0,37842.4,Higher education,Married,Pensioner,-8933,365243,12.7,0.3936350622199112,0.8505384804379644,
103239,0,F,N,Y,0,163500.0,1024000.0,34672.6,Higher education,Married,Commercial associate,-21957,-2293,,,0.6349914275605975,
103240,0,F,N,Y,0,87800.0,342600.0,20671.8,Secondary / secondary special,Married,Commercial associate,-15871,-454,,,0.7119442014176418,
103241,0,M,Y,Y,0,124400.0,685500.0,42677.4,Secondary / secondary special,Married,State servant,-14659,-664,15.6,0.6181221130919613,0.847034103475068,0.6026990190989735
103242,0,F,N,Y,0,109000.0,680500.0,35281.9,Secondary / secondary special,Married,Commercial associate,-16807,-3459,,0.6885038043556923,0.4651737039270576,0.8394187749375162
103243,0,M,Y,N,1,207200.0,571000.0,24171.1,Secondary / secondary special,Single / not married,Working,-17966,-309,6.5,,0.6270583457021839,0.9610440781396578
103244,0,F,N,Y,0,216000.0,420900.0,17447.4,Incomplete higher,Civil marriage,Pensioner,-23111,365243,,,0.4094442271445244,
103245,0,F,N,Y,0,141900.0,412100.0,17879.2,Higher education,Married,State servant,-13697,-3160,,0.5482648674822245,,
103246,0,F,N,Y,0,157200.0,666500.0,48124.3,Secondary / secondary special,Civil marriage,Working,-10950,-2747,,0.7724928008830706,0.25701598731984104,0.43115687655108764
103247,0,F,N,Y,2,72300.0,359900.0,25064.7,Higher education,Single / not married,Working,-22906,-3435,,,0.6892942928146439,0.7871193852806989
103248,0,M,N,Y,0,123600.0,788400.0,48484.8,Secondary / secondary special,Separated,Working,-16095,-2842,,0.748677597674452,0.6831252469137283,0.5087191965906588
103249,0,M,N,Y,0,47800.0,259300.0,13873.4,Incomplete higher,Widow,Working,-17830,-299,,,0.29639128812265597,0.6819361153442146
103250,0,F,N,Y,0,212000.0,410700.0,23771.9,Secondary / secondary special,Married,Working,-10443,-996,,,0.570389671597191,0.6048407268924304
103251,0,M,N,N,1,401500.0,2450300.0,104991.5,Secondary / secondary special,Married,Working,-22785,-1641,,0.7641742703828629,0.6646348131773822,0.41781650847595475
103252,0,F,N,Y,0,115900.0,663500.0,28409.7,Secondary / secondary special,Single / not married,Commercial associate,-24121,-1517,,,0.44951477820051133,0.7223839919017265
103253,0,F,N,N,0,163200.0,420400.0,25675.3,Secondary / secondary special,Civil marriage,Working,-15517,-2759,,0.7228070496606545,0.5998152299477185,0.7752289904447406
103254,0,F,N,Y,1,177700.0,1059400.0,42539.0,Secondary / secondary special,Married,Pensioner,-8023,365243,,,0.5027722717732086,0.9130967318278868
103255,0,F,Y,N,0,88300.0,232700.0,13410.3,Secondary / secondary special,Married,Commercial associate,-8144,-1570,0.8,0.7440611628865563,0.4402210559046728,0.5986239725572061
103256,1,M,Y,N,1,138800.0,572200.0,53517.9,Secondary / secondary special,Separated,Working,-12970,-2842,1.5,,0.2858198563587721,
103257,0,F,Y,Y,1,181800.0,971700.0,42128.0,Secondary / secondary special,Married,Pensioner,-16292,365243,5.5,,0.7488700907832136,0.5419315346606997
103258,0,F,Y,Y,2,158900.0,314400.0,12199.5,Secondary / secondary special,Married,Commercial associate,-15258,-411,8.5,,0.4606732279112301,0.44604509326250885
103259,0,F,N,Y,1,151300.0,762100.0,32347.1,Secondary / secondary special,Married,Pensioner,-17643,365243,,0.6924199100306135,0.6699653776157636,
103260,0,F,Y,N,0,128900.0,527000.0,38288.1,Higher education,Married,Pensioner,-12182,365243,4.3,,0.3810242402652077,0.5763924559620094
103261,0,F,N,Y,0,102000.0,412900.0,22185.0,Secondary / secondary special,Married,Pensioner,-11347,365243,,0.6727066547034805,0.5632725423740532,
103262,0,M,Y,Y,0,199600.0,916900.0,35266.1,Secondary / secondary special,Married,Pensioner,-24748,365243,18.5,0.7542225389926897,0.24909926536523405,0.5575600671675868
103263,0,F,Y,Y,0,325200.0,610900.0,53270.3,Secondary / secondary special,Single / not married,Commercial associate,-12589,-3066,8.1,,0.3691652769761544,0.5789625873659803
103264,0,F,N,Y,0,59700.0,127500.0,4414.9,Secondary / secondary special,Married,Working,-24264,-1340,,,0.6068495872843804,0.7393000867544502
103265,0,F,N,N,2,55900.0,133200.0,12332.8,Academic degree,Civil marriage,Commercial associate,-17690,-1098,,0.6571853487753886,0.863020976734502,
103266,0,F,N,Y,0,85300.0,192600.0,14016.9,Secondary / secondary special,Married,Commercial associate,-8897,-1651,,,,0.8284518873896577
103267,0,F,N,N,0,120700.0,452100.0,20307.0,Secondary / secondary special,Single / not married,State servant,-18101,-780,,0.791857433057834,0.605868547104534,
103268,0,M,N,N,0,130900.0,589200.0,30263.9,Secondary / secondary special,Married,Working,-24948,-564,,,0.34798265663562655,0.7936221960393688
103269,0,M,N,Y,2,155900.0,338200.0,15366.3,Secondary / secondary special,Single / not married,Working,-22391,365243,,0.5093260718309782,0.3264108236962552,0.7245980085137624
103270,0,F,Y,Y,0,152100.0,794700.0,41691.8,Secondary / secondary special,Married,Working,-12992,-3381,18.3,0.7534868550782154,0.6663767885382176,0.5462751207044831
103271,0,M,Y,N,0,138400.0,794900.0,29808.4,Secondary / secondary special,Married,Working,-9344,-341,6.8,0.8889820251286951,0.5102785947647199,0.7328870539367368
103272,0,F,N,N,0,261100.0,517800.0,17670.7,Secondary / secondary special,Married,Working,-15742,-400,,,0.5318123569273799,
103273,0,F,N,N,0,97100.0,227400.0,8947.6,Secondary / secondary special,Married,Commercial associate,-9400,-58,,,0.7097484912564798,0.8323268461602933
103274,0,M,N,N,0,221500.0,741300.0,33851.2,Secondary / secondary special,Single / not married,State servant,-12889,-3708,,,0.6444182631102118,0.7210924555105145
103275,0,M,N,Y,0,359800.0,1721700.0,97880.2,Secondary / secondary special,Married,Working,-23766,-533,,0.5457721242090048,0.6631090678656779,
103276,0,M,Y,N,0,76000.0,146500.0,6467.9,Secondary / secondary special,Separated,State servant,-19128,-386,7.6,0.8140987684051985,0.4169894248978238,0.7845939877873168
103277,0,F,N,Y,1,61200.0,198100.0,7655.4,Secondary / secondary special,Married,Pensioner,-21405,365243,,,0.8022476432484017,0.6343424071272614
103278,0,F,N,Y,0,160100.0,1033300.0,40125.9,Secondary / secondary special,Married,Working,-17147,-763,,,0.629874683567711,
103279,0,F,N,Y,0,197000.0,807900.0,79489.6,Secondary / secondary special,Separated,Working,-10617,-86,,,0.7558737625615816,0.5126051946362136
103280,0,F,Y,Y,1,149700.0,354200.0,14762.9,Secondary / secondary special,Married,Pensioner,-10306,365243,4.1,,0.5005635172872669,0.3052284378221983
103281,0,M,N,Y,1,56600.0,258000.0,18360.2,Secondary / secondary special,Civil marriage,Pensioner,-21095,-419,,,0.8701513314414686,0.6987655150872983
103282,0,F,Y,Y,1,68900.0,226100.0,10942.6,Secondary / secondary special,Married,Working,-15196,-3580,0.0,,0.6216583655468231,
103283,0,F,N,N,1,117200.0,697200.0,27989.7,Secondary / secondary special,Married,Commercial associate,-16436,-602,,,0.7335533507161337,0.7230008787302387
103284,0,F,Y,N,1,177600.0,1110500.0,38088.5,Secondary / secondary special,Civil marriage,Working,-10806,-1193,10.9,,0.761817403594675,0.7726963356742277
103285,1,F,N,Y,0,125600.0,336200.0,31360.5,Secondary / secondary special,Married,Commercial associate,-14011,-2208,,,0.810510328079667,
103286,1,F,Y,Y,1,162100.0,987900.0,59677.3,Secondary / secondary special,Single / not married,Working,-9988,-2354,10.2,0.6362326159202883,0.4914284448628865,0.5346508579110311
103287,0,F,N,Y,0,160100.0,861200.0,76680.8,Secondary / secondary special,Married,Working,-11255,-1719,,,0.2719583151870875,0.6227990768731105
103288,0,F,N,Y,0,223900.0,510100.0,20067.5,Secondary / secondary special,Single / not married,Working,-23254,-191,,,0.5833304794006305,0.44189600792860917
103289,1,F,Y,Y,1,87300.0,491600.0,36568.0,Secondary / secondary special,Married,Commercial associate,-20235,-2845,8.9,,0.4686544503762047,0.7500996880297067
103290,0,F,N,Y,0,153200.0,366000.0,29312.5,Higher education,Married,Working,-22606,-1597,,0.873652042613586,0.8518852272526878,0.7077556046119143
103291,0,F,N,N,2,281400.0,435700.0,36520.9,Secondary / secondary special,Married,Commercial associate,-22996,-1104,,0.3974373694197624,0.510150337020995,0.6153192634669626
103292,0,M,N,Y,0,103200.0,556200.0,22979.0,Secondary / secondary special,Married,Pensioner,-18007,365243,,0.7085727119930602,0.7695765696821857,
103293,0,F,Y,Y,0,111100.0,358900.0,30408.2,Secondary / secondary special,Widow,Commercial associate,-13003,-848,7.9,0.7427960441409243,0.8565361961710839,0.40773748566292844
103294,0,F,N,N,0,153100.0,935200.0,49310.9,Secondary / secondary special,Widow,Pensioner,-16305,365243,,,0.3876837042990853,
103295,0,F,N,Y,0,91500.0,339900.0,25742.0,Higher education,Single / not married,Pensioner,-8000,365243,,0.7173854437586051,0.47234888116808527,0.4196916319559834
103296,0,M,N,N,0,87200.0,397000.0,17546.8,Secondary / secondary special,Civil marriage,Working,-21999,-158,,,0.8413861476963488,0.7243386698354659
103297,0,M,N,Y,1,126000.0,658900.0,51137.4,Secondary / secondary special,Civil marriage,Working,-21741,-1232,,0.8134438860369854,0.7471766932482491,
103298,0,F,N,Y,0,131900.0,754700.0,51478.0,Secondary / secondary special,Married,Commercial associate,-16582,-2151,,,0.5016010131545428,
103299,0,F,Y,Y,0,206500.0,492900.0,18160.1,Higher education,Married,Commercial associate,-14289,-2754,6.5,,0.6691252397670393,0.48932046206644403
103300,0,F,N,Y,0,98400.0,248000.0,23996.9,Lower secondary,Single / not married,State servant,-10696,-1507,,0.4159446167866684,0.9274830961730727,0.7120303842317504
103301,0,M,Y,N,1,149300.0,886700.0,82912.8,Secondary / secondary special,Married,Working,-8995,-469,6.5,0.47363575378150524,0.4776746156490189,
103302,0,F,Y,Y,1,256600.0,759500.0,30774.2,Secondary / secondary special,Civil marriage,Working,-13367,-35,1.4,,0.3302602078378169,0.5340291853977199
103303,0,F,Y,Y,0,249900.0,1171100.0,82262.1,Secondary / secondary special,Married,Pensioner,-24106,365243,17.1,0.6608010812057166,0.8706781213363602,0.4461345079425387
103304,0,M,Y,Y,1,140100.0,259800.0,17747.2,Lower secondary,Married,Pensioner,-8875,365243,16.4,0.6878672197717953,0.3776120700188707,0.6086960611200493
103305,0,M,N,N,0,160300.0,775700.0,76384.4,Secondary / secondary special,Civil marriage,Working,-24310,-3990,,,0.7692507666652373,0.5562614871366311
103306,0,F,N,Y,1,98000.0,238200.0,11782.7,Secondary / secondary special,Married,Working,-16939,-151,,,0.6678219686315048,0.4529134517002579
103307,0,F,Y,Y,0,167700.0,920500.0,51361.3,Secondary / secondary special,Widow,Pensioner,-15399,365243,16.9,,0.8491638713171638,0.7050308718029505
103308,0,F,N,N,0,293200.0,1527500.0,57280.0,Secondary / secondary special,Separated,Working,-9825,-1785,,,0.7458393428669868,0.7009551162605431
103309,0,F,N,Y,0,264300.0,1173500.0,97189.4,Secondary / secondary special,Married,Pensioner,-8921,365243,,,0.7487085744264044,0.9263612403357621
103310,0,F,N,Y,1,145800.0,328400.0,10959.6,Higher education,Single / not married,State servant,-17215,-2129,,0.6702419201687132,0.6230121411352201,0.6333241250606697
103311,0,M,N,Y,1,172100.0,486400.0,43787.2,Secondary / secondary special,Married,Working,-18165,-984,,0.3256512315121247,0.8589715076615081,0.5200662842536482
103312,0,M,N,Y,0,105800.0,181000.0,12561.8,Secondary / secondary special,Married,Working,-15280,-15,,,0.3310564044593199,0.616126024601931
103313,0,F,N,N,0,96900.0,298000.0,23284.0,Lower secondary,Civil marriage,State servant,-12707,-3143,,,0.7198659595398231,0.8199357075951687
103314,0,F,N,Y,0,125000.0,425400.0,16660.8,Higher education,Married,Working,-7902,-274,,0.27857851304643866,0.5821505007352169,0.8714244394373891
103315,0,F,N,N,0,166300.0,636300.0,40595.3,Secondary / secondary special,Married,Working,-12345,-1973,,,0.31387578077728184,0.33919382119486624
103316,0,F,Y,Y,2,203800.0,1321400.0,126262.8,Secondary / secondary special,Married,Working,-20202,-985,1.3,0.616012765736673,0.6849660264366245,0.6559439943788713
103317,1,M,N,Y,0,142100.0,728500.0,35344.7,Higher education,Single / not married,Commercial associate,-18294,-385,,0.4763655182911579,0.5986840418972197,0.34589505123327224
103318,0,F,N,N,0,179500.0,621900.0,42095.5,Secondary / secondary special,Single / not married,Working,-10441,-798,,,0.35284189673067273,0.7105944353111113
103319,0,F,N,Y,0,46700.0,267500.0,11947.2,Incomplete higher,Married,Commercial associate,-21580,-988,,,0.6191197117324456,0.6597936631594007
103320,0,F,N,Y,0,159000.0,529900.0,27986.0,Secondary / secondary special,Married,Working,-10273,-2102,,,0.6786602781110915,0.4816027838017237
103321,0,F,N,Y,0,111400.0,369000.0,31499.7,Higher education,Civil marriage,Working,-21616,-2431,,,0.7826091613199251,
103322,0,F,N,Y,0,83900.0,152600.0,5449.3,Secondary / secondary special,Married,Working,-16657,-544,,,0.5490969112286441,0.8623448853508642
103323,0,M,N,N,0,180600.0,934800.0,64317.1,Secondary / secondary special,Married,Commercial associate,-20239,-3585,,,0.4812792017826187,0.5568157472749607
103324,0,M,N,Y,0,282400.0,709300.0,69824.6,Higher education,Married,Pensioner,-9125,365243,,0.5023889438276062,0.4075615983563435,0.4685405616423458
103325,0,F,N,Y,0,146400.0,391700.0,18093.4,Secondary / secondary special,Single / not married,Commercial associate,-20661,-1694,,0.8037542994876106,0.4457789770896349,
103326,0,M,N,Y,0,218800.0,707000.0,26627.2,Secondary / secondary special,Married,Pensioner,-20318,365243,,,0.7012683413358449,0.7390528805775287
103327,0,F,N,Y,0,122000.0,684400.0,34469.7,Secondary / secondary special,Married,Working,-10742,-1256,,,0.6738584104046432,0.7939347569300566
103328,0,M,N,Y,0,370900.0,2152400.0,79749.9,Secondary / secondary special,Married,Working,-10081,-3507,,,0.8299719786541363,0.8807597043711086
103329,0,F,Y,N,0,72500.0,308500.0,26889.5,Secondary / secondary special,Married,Working,-20796,-816,17.7,0.21954072093828841,0.601090940320904,0.5172333620757343
103330,0,F,N,Y,1,140700.0,862200.0,54899.2,Secondary / secondary special,Separated,Pensioner,-14966,-6271,,0.3915280826233118,0.8218937249947812,0.3690966097752919
103331,0,M,Y,Y,0,206500.0,750800.0,32879.0,Secondary / secondary special,Civil marriage,Commercial associate,-19025,-1717,15.0,,0.698147378771392,0.5987410516509527
103332,0,F,N,Y,0,145200.0,656900.0,25798.3,Secondary / secondary special,Single / not married,Pensioner,-7828,365243,,0.6955959285519399,0.6933031418678512,0.7570272410120167
103333,0,F,Y,Y,0,273600.0,1681600.0,145369.3,Secondary / secondary special,Married,Working,-10889,-3575,4.6,0.5006355132252323,0.5685347655933112,0.729257245185277
103334,0,F,N,Y,0,57900.0,237800.0,10693.3,Higher education,Married,State servant,-20747,-3113,,,0.7364066526832891,0.8597600712370248
103335,1,F,N,Y,2,140100.0,533100.0,20994.5,Secondary / secondary special,Married,Pensioner,-11156,365243,,0.4483844627070033,0.25987298379657303,0.7995513250321202
103336,0,F,Y,Y,0,131600.0,216500.0,17276.5,Higher education,Married,Pensioner,-9077,365243,13.9,0.8290892389415292,0.68075067532473,
103337,0,F,N,Y,1,140100.0,827000.0,63854.1,Secondary / secondary special,Married,Working,-10740,-384,,0.5118794717019262,0.8159943011788522,0.40856645209308307
103338,0,M,N,N,0,72200.0,176500.0,8759.0,Secondary / secondary special,Married,Working,-22263,-2062,,,0.791510272298169,0.6603732008781937
103339,0,F,Y,Y,1,129200.0,489000.0,26217.2,Secondary / secondary special,Single / not married,Commercial associate,-13745,-4978,0.7,0.7656674793962125,0.49659579488607175,0.804509429155354
103340,0,F,N,Y,0,126500.0,692000.0,37392.9,Secondary / secondary special,Married,Working,-16963,-1753,,0.4129942573415664,0.42325648485996015,0.6956011063260696
103341,0,F,Y,Y,0,164300.0,667600.0,24409.1,Secondary / secondary special,Married,Pensioner,-17794,365243,1.9,0.6177291327745178,0.4555968735970044,0.5543480846186519
103342,0,M,Y,Y,0,241400.0,1304700.0,115346.5,Secondary / secondary special,Married,Working,-14203,-2474,7.7,0.6182539491648121,,0.5309666028173625
103343,0,F,Y,Y,1,154800.0,879800.0,35598.4,Secondary / secondary special,Married,Commercial associate,-9312,-77,14.8,,0.7617885607527775,0.838891658289171
103344,1,F,N,Y,0,177700.0,1026500.0,38941.6,Secondary / secondary special,Married,Working,-12172,-1520,,0.47153071130989105,0.4512767439433585,0.5226720783658844
103345,0,F,N,Y,0,259300.0,492100.0,27819.9,Higher education,Married,Working,-10436,-226,,0.6138105560038764,0.47759900366569963,0.5398893735419421
103346,0,M,N,Y,0,251500.0,637000.0,26703.5,Secondary / secondary special,Widow,Working,-23615,-556,,,0.6199749519830908,0.575988623271746
103347,0,M,N,Y,0,50400.0,304800.0,14021.6,Higher education,Married,Pensioner,-20645,365243,,,0.8992306220384406,
103348,0,F,N,N,0,210800.0,593200.0,38776.5,Secondary / secondary special,Married,Working,-22099,-343,,0.5843586484357348,0.6788660006506129,0.592163691670216
103349,0,M,N,N,0,210200.0,1058000.0,52277.4,Secondary / secondary special,Married,Commercial associate,-21910,-4137,,,0.8046443018816678,0.8146140204312144
103350,0,F,N,N,0,130900.0,542600.0,48634.1,Secondary / secondary special,Married,Working,-7708,-1133,,,0.7283620318529753,0.8282189230246992
103351,1,F,N,Y,1,119800.0,741000.0,28289.9,Secondary / secondary special,Civil marriage,Working,-20801,-4810,,,0.7291578578787191,0.4044760906818681
103352,0,F,Y,N,1,88600.0,246000.0,22125.5,Secondary / secondary special,Married,Working,-16121,-3588,6.6,,0.627538740139264,0.6839559374839601
103353,0,F,Y,Y,0,61500.0,340200.0,21496.4,Incomplete higher,Civil marriage,Working,-21251,-2086,11.1,0.4885194179140643,0.5634461194032389,0.4678449252012324
103354,0,F,N,Y,2,215900.0,766100.0,42116.3,Secondary / secondary special,Single / not married,Commercial associate,-24498,-3435,,,0.741610686551513,0.5705155701504466
103355,0,F,N,N,0,207800.0,561500.0,28088.8,Higher education,Married,Working,-13941,-837,,0.4058927160143538,0.7569979258733606,0.5831721243139888
103356,0,F,Y,N,1,140800.0,556800.0,26950.8,Secondary / secondary special,Married,Commercial associate,-18273,-175,10.5,,0.46155076210434115,0.8825253961784381
103357,0,F,N,Y,0,202700.0,852300.0,38619.1,Secondary / secondary special,Married,Pensioner,-13010,365243,,0.8377928590170328,0.8809961360847507,0.5223508183801815
103358,0,F,N,N,0,233400.0,478700.0,16894.8,Secondary / secondary special,Married,Pensioner,-23340,365243,,,0.8854468999542442,0.9164579471347053
103359,0,M,Y,Y,1,65600.0,161400.0,8255.3,Incomplete higher,Married,Working,-12123,-3895,5.8,,0.7928258212138001,0.6363709110980337
103360,1,M,Y,Y,0,164800.0,996400.0,43231.8,Secondary / secondary special,Married,Working,-13828,-1410,9.1,0.3571448199385938,0.620319212292264,0.579143838043288
103361,0,F,Y,Y,1,132000.0,637400.0,54090.4,Higher education,Single / not married,Working,-23237,-1336,8.6,,0.2118476387752511,0.630824924068259
103362,0,F,N,Y,1,178900.0,898200.0,33475.6,Secondary / secondary special,Married,Working,-9438,-1759,,,0.7625284491794202,0.5720583211197423
103363,0,F,N,N,1,160100.0,523500.0,31238.4,Higher education,Married,Pensioner,-16331,365243,,0.7782872978406916,0.8058160286803501,0.49376833064061565
103364,0,F,N,Y,0,208200.0,874200.0,40065.8,Higher education,Civil marriage,Working,-17861,-1172,,,0.448040253201789,0.6598650164926317
103365,0,F,Y,Y,0,72200.0,122200.0,4126.1,Secondary / secondary special,Married,Working,-17821,-1035,13.5,,0.6905798388620131,
103366,0,F,N,N,1,266000.0,589500.0,23438.6,Secondary / secondary special,Married,Pensioner,-9775,365243,,0.7843153864326227,0.39589563614024714,0.522310331133534
103367,0,M,Y,N,0,116300.0,741700.0,40967.7,Secondary / secondary special,Married,Working,-8362,-612,17.5,,0.5023747691151005,0.5861903561123712
103368,0,F,N,N,0,138600.0,353100.0,18556.7,Incomplete higher,Married,Working,-14974,-2292,,,0.7054889402198768,0.3111032194135487
103369,1,F,N,N,0,66700.0,263800.0,20427.6,Secondary / secondary special,Married,State servant,-15627,-790,,,0.3857020049752573,0.6237489512085822
103370,0,F,N,N,1,140600.0,865000.0,38228.7,Secondary / secondary special,Married,Working,-24197,-991,,0.6191885966033721,0.7758370619582778,0.5601456582353858
103371,1,M,N,Y,0,146100.0,696400.0,33071.8,Higher education,Single / not married,Pensioner,-20918,365243,,,0.2840254897529428,0.6900374670724863
103372,0,F,N,Y,1,142100.0,331200.0,15153.4,Secondary / secondary special,Married,Working,-18165,-66,,0.4257497092034176,0.8753811372918123,0.36552257358380186
103373,0,M,Y,N,0,105700.0,396000.0,25795.4,Secondary / secondary special,Single / not married,State servant,-11353,-98,11.2,0.5659773436139806,0.537930210821854,0.8713775276478725
103374,0,F,N,Y,0,85100.0,324500.0,13404.8,Secondary / secondary special,Married,Pensioner,-23474,365243,,0.715880799450401,,0.7026214735459911
103375,0,F,Y,Y,0,196500.0,762000.0,47713.2,Secondary / secondary special,Married,Working,-11063,-198,11.4,0.6726937872474211,0.42798257273002116,
103376,0,F,Y,Y,1,67400.0,384700.0,20309.1,Secondary / secondary special,Married,State servant,-24279,-2158,5.8,,0.7403882323829079,0.702360883397282
103377,0,F,N,Y,0,211500.0,904900.0,69685.2,Secondary / secondary special,Married,Working,-24254,-3312,,0.4888864839035603,0.7380538974043567,0.8421503462564087
103378,1,M,N,Y,1,315700.0,1682400.0,69229.8,Higher education,Married,Pensioner,-24814,-1129,,0.7706190862081114,0.310932749492673,0.6585049687201613
103379,0,F,Y,N,1,399300.0,1328100.0,98265.4,Secondary / secondary special,Married,Commercial associate,-12632,-1090,4.8,,0.5084078136591396,0.33332476346037493
103380,0,M,N,Y,3,90400.0,450100.0,20698.3,Higher education,Married,Working,-10080,-136,,0.782306546051059,0.8582692003038197,0.8845179032850571
103381,0,F,N,Y,1,192100.0,699500.0,26388.0,Secondary / secondary special,Married,Commercial associate,-18693,-2423,,0.4613740990902871,0.7445289460994876,0.6326001077762368
103382,0,M,N,Y,0,114300.0,610000.0,27982.8,Academic degree,Married,Working,-15083,-305,,0.7071139066712464,0.5760889602382212,0.2539154897593026
103383,0,M,N,N,0,255500.0,1322800.0,59858.7,Secondary / secondary special,Married,Commercial associate,-14481,-884,,,0.23873319541064503,0.4824474355003992
103384,0,F,Y,Y,0,175800.0,562900.0,20397.9,Secondary / secondary special,Married,Commercial associate,-17423,-389,6.6,0.6604357573545122,0.6384401178931564,0.3759180374147852
103385,0,F,N,Y,2,129100.0,423700.0,14148.7,Incomplete higher,Married,Working,-19757,-179,,0.5740659276588538,0.898707503506471,0.7131471404184496
103386,0,M,Y,Y,0,97800.0,549100.0,39501.6,Secondary / secondary special,Married,Pensioner,-13493,365243,3.0,,0.6008694263128643,0.5414797695368977
103387,0,F,Y,Y,0,124700.0,559600.0,28657.6,Higher education,Married,State servant,-13545,-2347,7.1,,0.8279624277447444,0.35278093022466356
103388,0,M,N,Y,0,108700.0,497800.0,28857.7,Secondary / secondary special,Married,Commercial associate,-18371,-113,,0.7166075760893875,0.6982546858938029,0.8626277124093259
103389,1,F,N,Y,1,145700.0,916900.0,80459.3,Secondary / secondary special,Separated,Commercial associate,-8920,-1247,,,0.6421047081367183,
103390,0,F,Y,Y,1,149100.0,390100.0,22500.7,Secondary / secondary special,Civil marriage,Working,-19941,-292,6.5,,0.5384261321981714,0.5815992251822674
103391,0,F,N,Y,0,114700.0,471400.0,19649.8,Higher education,Married,Unemployed,-21678,-137,,,0.30211715318053256,0.4502661376060054
103392,0,M,N,Y,1,110200.0,273100.0,10104.1,Secondary / secondary special,Married,Pensioner,-23094,365243,,,0.6231557078346207,0.291504468079049
103393,0,M,N,Y,4,195300.0,526900.0,19923.4,Secondary / secondary special,Civil marriage,State servant,-20886,-646,,0.8419416889732325,0.5173791555711837,0.8300505244148034
103394,1,F,Y,N,0,201800.0,917200.0,88157.9,Secondary / secondary special,Married,Pensioner,-16554,365243,19.8,,0.5775213302746997,0.5248450712148889
103395,1,M,N,N,1,102200.0,212100.0,11849.1,Secondary / secondary special,Married,Working,-22989,-3092,,,0.42750499532715136,0.8203723410389051
103396,0,M,Y,Y,1,143700.0,322700.0,11138.2,Higher education,Single / not married,Working,-16278,-3285,3.5,0.49836722736107847,0.5696819611795988,
103397,0,F,Y,Y,1,99800.0,271200.0,12873.2,Higher education,Married,Working,-21469,365243,13.5,0.6976420606676649,0.7382825432090603,0.700382710738541
103398,0,F,Y,Y,1,476200.0,1924000.0,64991.2,Secondary / secondary special,Married,Working,-8785,-1726,16.1,,,0.6675530242200399
103399,0,M,Y,Y,0,96400.0,606900.0,35945.3,Secondary / secondary special,Married,Commercial associate,-20101,-153,11.1,0.4717250612847494,0.3939826600228414,0.297923256826948
103400,0,F,Y,N,1,165000.0,809300.0,44969.2,Secondary / secondary special,Married,Working,-9144,-870,7.0,,0.6017851598716248,0.7736517281972117
103401,0,F,Y,Y,0,179900.0,857500.0,44866.0,Secondary / secondary special,Married,Commercial associate,-8155,-1328,6.7,0.674788601749901,0.6129464179536995,0.42469386651198404
103402,0,M,N,Y,0,109200.0,365700.0,13514.0,Higher education,Married,Commercial associate,-16475,-127,,0.5701453300006154,0.8761106354252379,0.8790933729420385
103403,0,F,N,N,0,100000.0,194700.0,12321.9,Secondary / secondary special,Married,Working,-9764,-1081,,,0.7843591169373602,0.5480621878191206
103404,0,M,N,N,0,129900.0,711600.0,37959.4,Secondary / secondary special,Married,Commercial associate,-13370,-4784,,0.537656842849791,0.6081417047796042,0.6246340939506926
103405,0,M,N,N,0,99800.0,169100.0,6576.7,Higher education,Married,Working,-21244,-1267,,,0.5141835677940209,
103406,0,M,Y,N,0,160300.0,832800.0,50127.9,Higher education,Married,Working,-17317,-2615,11.1,,0.8498636072005327,0.7710320182756174
103407,0,F,N,Y,0,100500.0,333200.0,18352.6,Secondary / secondary special,Separated,Working,-20527,-344,,,0.709095527776125,
103408,0,F,N,Y,1,157300.0,610600.0,22113.9,Higher education,Married,Working,-21407,-971,,0.6949950129804175,0.36945961347712897,0.1457665458442037
103409,0,F,N,Y,0,58200.0,238600.0,13997.4,Secondary / secondary special,Married,Working,-16090,365243,,,0.7386374147354753,0.47203607560197963
103410,0,F,Y,N,0,102400.0,279400.0,13340.4,Secondary / secondary special,Married,Working,-24950,-173,3.7,0.2795694267471707,0.506296796114775,0.42349147105789026
103411,0,M,N,Y,0,121900.0,590100.0,51973.8,Higher education,Married,Working,-11213,-1867,,0.5426501678122687,0.5521995322550051,0.5734417188551647
103412,0,F,N,Y,1,231000.0,668900.0,23054.2,Secondary / secondary special,Married,Working,-9158,-2566,,0.2820656138009921,0.359847193384281,
103413,0,F,N,Y,0,64100.0,142900.0,6149.4,Academic degree,Married,Working,-13253,-1016,,0.5532010056826375,0.5236375190813193,0.8576246187629568
103414,0,F,N,N,0,232600.0,767600.0,26237.1,Secondary / secondary special,Widow,Pensioner,-21038,-203,,0.6313283574537893,0.7027237430647117,0.7832710663116907
103415,0,F,N,Y,1,198200.0,1124700.0,42858.6,Higher education,Married,Working,-9357,-519,,,0.624411879104272,
103416,0,F,Y,Y,0,65900.0,236000.0,9339.6,Secondary / secondary special,Married,Working,-15853,-574,5.7,,0.9422322452880882,0.37928262621088926
103417,0,F,N,N,0,187600.0,1185100.0,93297.5,Secondary / secondary special,Civil marriage,Working,-17687,-1515,,0.7234731491972105,0.43553611240590845,0.6302198353747533
103418,0,M,Y,N,1,96900.0,163400.0,8281.0,Higher education,Married,Working,-21835,-154,18.5,,0.649541779257679,0.5405396621828773
103419,0,F,N,Y,0,190400.0,303100.0,29408.1,Higher education,Married,Working,-22500,-629,,,0.7079759446242937,
103420,0,M,N,Y,1,195600.0,1170000.0,55107.7,Higher education,Married,Working,-11859,-641,,0.3182909892097924,0.4995888449615143,0.8199549007299468
103421,0,M,N,N,0,210400.0,517700.0,17766.5,Secondary / secondary special,Married,Commercial associate,-12475,-217,,,0.6217912219940767,0.4033357931801259
103422,0,F,N,Y,0,113900.0,294100.0,16590.4,Secondary / secondary special,Married,Pensioner,-19661,365243,,0.7267954368081945,0.6988394348950417,0.5691507019599028
103423,0,M,Y,Y,1,200200.0,1082900.0,63851.8,Secondary / secondary special,Single / not married,Pensioner,-22743,-2710,1.1,,0.6771788876567688,0.5720511876233907
103424,0,F,N,N,0,294500.0,707900.0,45038.0,Secondary / secondary special,Married,Pensioner,-10621,365243,,,0.58984826830044,0.8783317689093803
103425,0,F,N,Y,1,129200.0,590600.0,27460.5,Secondary / secondary special,Married,Working,-20339,365243,,0.3736992241173668,0.4436981148119893,0.5820181847067816
103426,0,F,N,Y,0,136800.0,235800.0,8393.7,Higher education,Married,Working,-11837,-609,,0.43391602316555167,0.4918413107748817,
103427,0,F,N,Y,0,202700.0,1191800.0,54733.9,Secondary / secondary special,Married,Working,-10837,-127,,,0.6352196487826359,
103428,0,M,N,Y,0,40900.0,178100.0,7101.2,Secondary / secondary special,Widow,Commercial associate,-13588,-2092,,,0.588752598454954,
103429,0,M,N,Y,0,94700.0,354700.0,20427.5,Higher education,Married,Commercial associate,-21602,-193,,0.6076769413470444,0.39899173467900106,
103430,0,M,N,N,0,231700.0,768100.0,44131.1,Incomplete higher,Married,Working,-20688,-1053,,,0.5804327640570488,0.7606025247510132
103431,0,F,N,Y,1,157800.0,483300.0,32786.2,Secondary / secondary special,Married,State servant,-16062,-568,,0.4357041254653154,0.6814061082647321,0.7386475894764676
103432,0,F,Y,Y,1,133700.0,377100.0,31593.8,Higher education,Single / not married,Working,-20191,-654,6.8,,0.32689120100727426,0.48964345252859354
103433,0,M,Y,N,0,96400.0,614600.0,23008.2,Higher education,Married,State servant,-14785,-553,9.9,,0.6452971852040824,0.5306507100347213
103434,0,F,N,N,1,149000.0,450800.0,18371.3,Secondary / secondary special,Married,State servant,-11360,-148,,0.3842776378420248,0.3702309567673015,
103435,1,F,N,Y,0,116000.0,311800.0,24691.7,Secondary / secondary special,Single / not married,Working,-22449,-1201,,,0.7919692327976883,0.8100539827784478
103436,0,F,N,N,0,67100.0,254300.0,12251.2,Higher education,Married,Working,-8613,-848,,0.8680063850492071,0.5842006187512211,0.26380675058738456
103437,0,F,Y,Y,0,264700.0,737700.0,32783.0,Higher education,Married,Working,-23466,-2646,9.1,0.8480655611612646,0.6983425484102986,0.5759362223183018
103438,0,F,Y,N,0,107700.0,307800.0,11275.3,Secondary / secondary special,Married,Working,-21500,-626,10.0,,0.8015434388745368,
103439,0,F,N,Y,0,130300.0,368300.0,28732.6,Secondary / secondary special,Civil marriage,Pensioner,-20356,365243,,0.5789220133479267,0.6872526805778852,
103440,0,F,N,N,1,66000.0,144500.0,11783.4,Higher education,Separated,State servant,-17648,-399,,,0.8716403970472876,0.7335808920224549
103441,0,F,Y,Y,0,115800.0,687200.0,45356.5,Secondary / secondary special,Separated,Working,-21871,-692,15.2,0.3344453926333158,0.6686085270347241,0.7988948817838261
103442,0,F,Y,Y,0,231600.0,560700.0,37948.7,Secondary / secondary special,Married,Working,-8165,-265,0.5,,0.35796055569218316,0.6496388112326602
103443,0,F,Y,Y,0,223900.0,360400.0,27843.9,Secondary / secondary special,Civil marriage,Pensioner,-18031,-267,2.5,0.8144367783951156,0.575906777414843,0.9445805049225232
103444,0,F,N,Y,0,149000.0,802800.0,29143.6,Higher education,Single / not married,Commercial associate,-12246,365243,,0.7406722198941078,0.7570029293473134,0.8047318490253751
103445,0,M,N,Y,0,111200.0,417900.0,13991.6,Secondary / secondary special,Married,Pensioner,-18877,365243,,,0.6121569976276083,0.7497384549922529
103446,1,F,N,Y,0,149000.0,487300.0,21094.2,Incomplete higher,Separated,Working,-19499,-470,,0.40469900542020637,0.32512150529339234,
103447,1,M,Y,N,0,184900.0,770100.0,30627.6,Secondary / secondary special,Civil marriage,Working,-11435,-4153,11.1,0.6942064022530553,0.6606873965747956,0.3117766463011103
103448,0,M,N,Y,1,75100.0,321700.0,15699.2,Higher education,Single / not married,Working,-10384,-1194,,,0.8596286475844024,0.5507270045918709
103449,1,F,N,Y,0,164800.0,564300.0,25088.9,Secondary / secondary special,Married,Working,-17969,-3280,,0.3372118079503256,0.7879764366958378,0.8221973701859714
103450,0,M,Y,N,2,207900.0,1197000.0,44312.1,Higher education,Married,Working,-24160,-4398,0.3,,0.6733743067904454,
103451,0,M,Y,N,0,143300.0,818800.0,29540.4,Higher education,Separated,Working,-19301,-1382,13.2,,0.5800499582639684,0.5315032003633705
103452,0,F,N,N,1,146000.0,485700.0,29397.3,Secondary / secondary special,Widow,Working,-16158,-81,,0.6807791131351607,0.5532185953318832,0.8690216586870596
103453,0,F,Y,Y,0,106200.0,277200.0,10682.4,Secondary / secondary special,Married,Pensioner,-24071,365243,14.6,,0.6182092919716703,
103454,0,F,N,Y,1,168300.0,661800.0,64121.7,Higher education,Married,Working,-22027,-4091,,0.6386059847607134,0.5805646929790549,0.8131122658828931
103455,0,M,N,N,2,303700.0,692700.0,55706.4,Higher education,Married,Pensioner,-20517,365243,,,0.8674193261818204,0.6716234652955015
103456,0,M,N,Y,0,277300.0,807400.0,50893.9,Secondary / secondary special,Married,Working,-15338,-115,,,0.8313398735082654,0.8514231580287236
103457,1,M,N,Y,1,113700.0,388400.0,19553.2,Secondary / secondary special,Married,Commercial associate,-16285,-2226,,0.4534818082918967,0.40787494855494455,0.7045328300012963
103458,1,M,N,Y,0,124400.0,424700.0,28990.6,Higher education,Widow,Working,-12309,-1878,,,0.6756532122993929,0.6731460910056609
103459,0,F,Y,Y,0,272300.0,652700.0,23808.5,Higher education,Married,Pensioner,-21991,365243,11.4,0.7413181975832506,0.746776338511068,0.8295719640110941
103460,0,M,N,Y,2,192500.0,779100.0,37390.8,Secondary / secondary special,Single / not married,Working,-12660,-390,,,0.9297643439232266,0.7025746517217767
103461,0,F,Y,Y,1,190700.0,871300.0,47694.3,Secondary / secondary special,Married,Working,-20008,-874,10.5,0.7380217426379849,0.732660859759702,
103462,0,M,N,Y,0,65300.0,297700.0,11503.4,Secondary / secondary special,Married,State servant,-23010,-106,,,0.4458315504112479,0.6774765834658004
103463,0,F,N,Y,0,222300.0,1225200.0,50815.7,Higher education,Married,Working,-17350,-526,,0.7103991212251283,0.6854560360691442,0.3984586440095507
103464,0,F,N,Y,0,129800.0,244800.0,9762.0,Higher education,Married,Pensioner,-10414,365243,,,0.4550752682400267,0.4120715813858463
103465,0,M,N,N,1,163600.0,373700.0,22684.0,Secondary / secondary special,Single / not married,Commercial associate,-8106,-1531,,,0.2829371515011669,0.39017401016524605
103466,0,M,Y,Y,0,107200.0,395000.0,24273.3,Secondary / secondary special,Married,Working,-19473,-2588,4.9,0.7173620511356394,0.7338718610277635,0.7200377799287965
103467,1,F,N,Y,0,309400.0,1211000.0,75683.9,Secondary / secondary special,Separated,Working,-11608,-1276,,,0.5613712335730119,0.731300153907128
103468,0,F,Y,Y,0,95000.0,240100.0,9302.7,Secondary / secondary special,Married,Pensioner,-8355,365243,0.4,,0.6820638688971137,0.6129686836555341
103469,0,F,N,Y,0,354600.0,1062600.0,60247.1,Higher education,Separated,Pensioner,-13688,365243,,,0.7289212497176875,0.43452394357922175
103470,0,M,N,N,0,149200.0,342700.0,27511.9,Higher education,Married,Working,-17876,-752,,0.6432431486711141,0.6275922693068868,0.6552947926101981
103471,0,F,N,Y,0,136600.0,575600.0,28734.0,Secondary / secondary special,Married,Pensioner,-17339,365243,,,0.5964135010727062,0.8132522014170327
103472,0,F,N,Y,1,99000.0,384700.0,27065.8,Secondary / secondary special,Married,Pensioner,-10605,-318,,0.46153276110170466,0.8829218674072237,0.9329078551208073
103473,0,F,N,Y,1,116400.0,575000.0,26695.0,Secondary / secondary special,Married,Commercial associate,-18259,-766,,0.8463704904681773,0.6547876096194597,0.7701993911809495
103474,0,F,Y,Y,0,134400.0,625300.0,30503.9,Secondary / secondary special,Married,Pensioner,-14871,365243,3.3,,0.8466648080516613,0.8126454213009376
103475,0,F,Y,Y,1,156500.0,446700.0,28953.4,Secondary / secondary special,Separated,Working,-16044,-979,2.4,0.5036588643190211,0.44538086026841195,0.5147584126668845
103476,1,F,Y,N,0,187700.0,995000.0,34893.0,Secondary / secondary special,Single / not married,Working,-23000,-5422,2.4,,0.6220723085865691,0.4922160400966978
103477,0,M,Y,Y,0,134100.0,303000.0,16111.1,Incomplete higher,Married,State servant,-9047,-358,17.0,0.7419668990524073,0.8774153403104887,0.3501974319475585
103478,1,M,N,N,0,187700.0,873200.0,42299.8,Secondary / secondary special,Married,Pensioner,-16924,365243,,,0.5501475390567477,0.8329301454130276
103479,0,M,N,Y,0,250800.0,1153800.0,47512.9,Higher education,Married,Working,-10714,-30,,,0.6349091957367647,0.5017863834027202
103480,0,F,N,Y,2,237100.0,634700.0,27894.8,Secondary / secondary special,Civil marriage,Commercial associate,-10874,-1546,,,0.4718551327357938,0.717934624292646
103481,0,F,N,N,2,195200.0,483500.0,44771.5,Secondary / secondary special,Single / not married,Working,-18372,-659,,,0.6522642294916421,0.7503355387073873
103482,0,M,N,Y,0,184500.0,375200.0,18892.4,Higher education,Married,Working,-19411,-1176,,0.5865112379517136,0.727124214920907,
103483,0,M,N,N,1,91400.0,420600.0,14997.0,Higher education,Married,Working,-18298,-822,,0.7032067016803883,0.6222667581899903,
103484,0,F,N,Y,1,161800.0,537200.0,19337.8,Higher education,Married,Working,-23860,-1310,,0.7923207931521674,0.6481497808572064,
103485,0,M,N,Y,0,90400.0,587000.0,46653.8,Secondary / secondary special,Married,Working,-21602,-436,,0.6880069680544714,0.6539086564507594,0.8546644283723225
103486,0,M,N,Y,1,232700.0,1087800.0,68198.7,Secondary / secondary special,Married,Working,-11152,-593,,,0.5732858613473159,0.5699520492260333
103487,0,M,Y,Y,1,167700.0,259900.0,16766.1,Secondary / secondary special,Married,Pensioner,-18818,365243,7.0,,0.40993373826987023,0.8873386333618359
103488,0,M,N,N,0,244800.0,824800.0,29125.6,Secondary / secondary special,Civil marriage,Pensioner,-18546,365243,,0.6615142992704313,0.55184451313116,0.6878022715763054
103489,0,F,Y,Y,0,249900.0,392600.0,13369.4,Secondary / secondary special,Married,Working,-19005,-8394,7.3,0.5912791940617615,0.521532285795265,0.4100107043386153
103490,0,F,N,Y,1,179600.0,832000.0,44312.6,Secondary / secondary special,Widow,Working,-15192,-2481,,,0.5724259941673749,0.6761398070873863
103491,0,F,N,N,0,108600.0,661200.0,27653.8,Secondary / secondary special,Single / not married,Unemployed,-24283,-594,,0.8849960960344643,0.50169078917195,0.6878977431730231
103492,0,F,Y,N,0,53700.0,280600.0,21035.4,Secondary / secondary special,Married,Working,-15800,-1148,12.0,0.5707916542492182,0.8599745782547842,0.5599247705146082
103493,0,M,Y,N,1,188000.0,531400.0,22908.3,Secondary / secondary special,Married,Commercial associate,-21509,-389,6.6,,0.4583157427901474,0.7261917246734385
103494,0,F,N,N,1,136500.0,326700.0,29811.6,Secondary / secondary special,Married,Working,-16108,365243,,,0.7948233600672687,0.6934060541029359
103495,0,F,N,Y,1,211100.0,1242700.0,107450.4,Higher education,Single / not married,State servant,-21475,-158,,0.7607665319352488,0.860843335803521,0.5491925940152107
103496,0,M,N,Y,0,201600.0,422700.0,23649.2,Higher education,Married,Working,-14606,-1147,,,,0.5538014408818486
103497,0,M,N,N,0,192800.0,973500.0,35871.8,Secondary / secondary special,Separated,State servant,-7684,-536,,0.7592397772574891,0.7474910946949623,0.6755977247658498
103498,0,M,N,Y,0,164600.0,448000.0,43678.6,Secondary / secondary special,Single / not married,State servant,-16433,-1572,,0.7908402922606116,0.857246858401466,0.6687324033716033
103499,0,F,N,Y,0,69800.0,210000.0,12642.9,Higher education,Married,State servant,-17277,-602,,0.7329835862044034,0.5182136592253213,
103500,0,M,N,N,1,260100.0,450900.0,19873.7,Secondary / secondary special,Married,Pensioner,-9697,365243,,,0.5940036277286764,
103501,0,F,N,Y,0,83600.0,196400.0,12174.6,Higher education,Married,Commercial associate,-19332,-262,,,0.6860188974220655,0.5176908715531943
103502,0,F,Y,N,1,110100.0,186800.0,18417.5,Secondary / secondary special,Married,State servant,-22637,-668,19.4,,0.645188651091608,0.6670918284935421
103503,0,F,N,Y,0,126900.0,520600.0,25249.9,Secondary / secondary special,Married,Working,-22893,-2769,,,0.8411242143671966,
103504,1,F,Y,N,2,148500.0,556800.0,44673.9,Secondary / secondary special,Civil marriage,Pensioner,-14277,365243,7.1,0.44086851467389165,0.8389757469925487,0.32600358042127475
103505,0,M,Y,Y,0,127600.0,531100.0,32572.0,Higher education,Married,Working,-14858,-1501,17.4,0.5425505296521924,0.5591966321790064,0.6769280953675451
103506,1,F,N,Y,0,114700.0,209500.0,7486.2,Secondary / secondary special,Married,Working,-22719,-2016,,0.508024776262621,0.3033069814771232,0.5158908504075501
103507,0,F,Y,N,0,211300.0,1168600.0,53440.6,Secondary / secondary special,Single / not married,Working,-25172,-8381,3.8,,0.7180804811826001,0.7251125428504601
103508,1,M,N,Y,1,80900.0,171600.0,6964.7,Secondary / secondary special,Married,Unemployed,-8592,365243,,,0.5428511200322862,0.6713935569550952
103509,0,M,N,Y,0,122200.0,691600.0,52491.7,Secondary / secondary special,Married,Working,-8753,-2178,,,0.7981993928430567,0.6183735819275045
103510,0,F,Y,N,0,57300.0,178200.0,7139.2,Academic degree,Married,Commercial associate,-8621,-552,6.9,,0.47072110428986014,0.47954109052499133
103511,0,M,N,N,1,92600.0,344400.0,25733.8,Secondary / secondary special,Single / not married,Commercial associate,-15778,-2257,,,0.5632569979151156,0.5856440336972696
103512,0,M,N,N,0,72900.0,347200.0,12611.0,Secondary / secondary special,Married,Commercial associate,-21424,-952,,,0.7618927381218772,0.5666135469140745
103513,0,M,N,Y,0,204900.0,927600.0,38977.7,Secondary / secondary special,Married,Working,-9312,-213,,0.12626034703739952,0.8173640584801789,0.512728483240719
103514,0,M,Y,Y,0,160200.0,693500.0,29619.5,Secondary / secondary special,Single / not married,Commercial associate,-19748,-2294,12.4,,0.8560485134424477,0.8066431462730123
103515,0,M,N,Y,0,102300.0,358100.0,24861.1,Higher education,Single / not married,Commercial associate,-10671,-125,,0.7971065260739609,0.6621903536129917,
103516,0,M,N,Y,1,34900.0,136100.0,7303.8,Higher education,Married,Pensioner,-8248,365243,,,0.49844717505716724,
103517,0,F,N,Y,1,74100.0,135400.0,12543.8,Secondary / secondary special,Married,State servant,-18112,-355,,,0.4519675226257837,0.6938567521217059
103518,0,F,N,Y,1,89800.0,207500.0,12264.0,Secondary / secondary special,Single / not married,Working,-18081,-3222,,,0.6741051910329852,0.48336224317443205
103519,0,F,N,Y,0,125200.0,646500.0,61834.5,Secondary / secondary special,Married,Working,-12636,-3997,,0.5700188592679342,0.6506326397866727,0.5666120342018626
103520,0,M,N,Y,0,207100.0,1006800.0,99511.3,Secondary / secondary special,Widow,Commercial associate,-13319,-506,,,0.8353290633675768,0.9311291601288902
103521,0,F,Y,Y,1,77100.0,245500.0,18029.1,Secondary / secondary special,Married,Working,-13876,-914,2.8,0.6244864967705289,0.805716426206104,0.8518812066902696
103522,0,M,N,Y,0,80200.0,438000.0,18607.4,Secondary / secondary special,Single / not married,Commercial associate,-23961,-34,,,0.7400112433012812,0.5585657061702151
103523,1,F,N,Y,3,69300.0,383300.0,26132.3,Secondary / secondary special,Widow,Pensioner,-22858,365243,,0.460718496551665,0.6055434730184028,0.7722125984520927
103524,0,F,N,N,2,147500.0,610300.0,21792.9,Secondary / secondary special,Married,Working,-16918,-1089,,0.5546668230470871,0.6377965279218628,0.4105658426422117
103525,0,F,N,N,0,55500.0,355200.0,16869.3,Secondary / secondary special,Married,Pensioner,-24561,365243,,,0.7191873261059243,0.7283532451548764
103526,0,F,N,Y,1,66500.0,188400.0,9927.2,Secondary / secondary special,Married,Working,-17868,-657,,,0.7299323911702984,
103527,0,F,N,N,0,182100.0,541500.0,29316.3,Secondary / secondary special,Married,State servant,-9450,-2202,,0.6439966347469299,0.6921452489840548,0.7204979924606209
103528,0,F,N,N,1,292400.0,452200.0,23833.3,Higher education,Widow,Working,-16211,-165,,0.7848455678377799,0.6721775077190594,0.4393848925284321
103529,0,M,Y,Y,0,151500.0,340800.0,23997.9,Secondary / secondary special,Widow,Pensioner,-23352,365243,14.2,,0.900836942684345,0.5379027164886423
103530,0,F,Y,Y,0,127900.0,714900.0,38922.1,Secondary / secondary special,Married,Working,-19287,-2926,7.4,,0.47017803216978576,0.8496446379350702
103531,0,F,Y,Y,0,392400.0,1823200.0,177405.4,Secondary / secondary special,Civil marriage,Commercial associate,-24372,-33,7.3,0.7393087598399842,0.7630614111430184,0.7278811516175924
103532,0,F,N,Y,0,116500.0,285500.0,15595.2,Secondary / secondary special,Civil marriage,Working,-16977,-3408,,0.4423932664900278,0.47501631997726207,0.40821033612408336
103533,0,F,N,Y,0,116600.0,569800.0,32307.8,Secondary / secondary special,Married,Commercial associate,-23656,-493,,0.5463067409855585,0.4952939213317287,0.4325650285634888
103534,0,F,N,Y,0,115700.0,268200.0,24709.0,Secondary / secondary special,Civil marriage,State servant,-21110,-1231,,,0.5314118279704877,
103535,0,M,N,N,0,289300.0,1022200.0,46111.5,Secondary / secondary special,Married,Pensioner,-22094,365243,,0.6766650188044544,0.6225567082695005,0.7522273408266704
103536,0,M,Y,Y,0,187700.0,1218200.0,47365.0,Secondary / secondary special,Widow,Commercial associate,-25052,-427,15.7,0.32842630717966953,0.7345002197794918,
103537,0,F,N,Y,1,186800.0,575600.0,41653.0,Secondary / secondary special,Civil marriage,Working,-12969,-1092,,,0.7650514967120531,0.9573965887489906
103538,0,F,N,N,0,170600.0,835300.0,43461.5,Secondary / secondary special,Married,State servant,-18681,-2156,,,0.3616792802269616,
103539,1,F,N,N,0,119900.0,183500.0,6491.9,Secondary / secondary special,Married,Working,-12166,-259,,,,
103540,0,F,Y,N,0,127300.0,381600.0,13632.5,Secondary / secondary special,Separated,Commercial associate,-22640,-1943,19.8,,0.41492364244314844,0.6802059321972496
103541,1,M,Y,N,0,95400.0,288900.0,19013.4,Lower secondary,Married,Working,-17941,-362,14.7,0.7786586802245148,0.7151396891581129,
103542,0,F,Y,N,1,123200.0,701000.0,48661.4,Higher education,Married,Pensioner,-10752,365243,10.7,,0.5647512042699109,0.3842628130689712
103543,0,M,N,Y,0,167200.0,393300.0,27344.9,Incomplete higher,Married,Working,-15055,-3258,,0.7773132373581895,0.862358551934395,0.4226621405934662
103544,0,F,N,N,0,134900.0,419600.0,19264.4,Incomplete higher,Married,Working,-10856,-364,,,0.4670105472463569,
103545,0,F,Y,Y,0,212000.0,490800.0,18318.9,Secondary / secondary special,Married,Working,-15699,-186,3.8,,0.8968874367475681,0.3905720503177596
103546,0,F,Y,Y,2,165700.0,643300.0,43261.4,Secondary / secondary special,Married,Commercial associate,-9030,-49,18.9,0.6419386729265294,0.7249928196738096,0.5780544212951519
103547,0,F,Y,Y,0,160400.0,458700.0,20071.7,Secondary / secondary special,Widow,Working,-24593,-6204,7.1,,0.7670209456106251,
103548,1,M,N,Y,0,99700.0,238400.0,9851.5,Secondary / secondary special,Civil marriage,Pensioner,-18130,-368,,,0.24081681578740377,
103549,0,F,N,Y,0,84800.0,310200.0,24454.7,Higher education,Civil marriage,Pensioner,-25038,365243,,,0.6309196250960725,0.6601612804091647
103550,0,M,N,Y,0,88700.0,342800.0,29086.5,Higher education,Married,State servant,-10716,-1843,,,0.5578961013203381,0.6874947201175917
103551,0,M,Y,Y,1,240300.0,731800.0,62167.1,Secondary / secondary special,Single / not married,Working,-14409,-1400,10.1,,0.4427068696832658,0.5154825246204102
103552,0,F,N,Y,0,67700.0,428800.0,22555.9,Higher education,Married,Commercial associate,-23996,-407,,0.7849494614397485,0.7516624715188697,0.5490300033534058
103553,0,F,N,Y,1,160400.0,357400.0,23614.4,Higher education,Single / not married,Working,-19801,-257,,,0.5926925793707223,0.5843731545784562
103554,0,F,N,N,0,160400.0,813100.0,47455.0,Secondary / secondary special,Civil marriage,Pensioner,-8898,365243,,,0.8212173815000864,0.6027572024082662
103555,0,F,N,Y,1,108200.0,447600.0,15169.1,Secondary / secondary special,Married,Working,-23154,-1144,,,0.8248768686367621,0.7626758466439264
103556,0,M,N,Y,0,144900.0,496100.0,30106.1,Incomplete higher,Separated,Working,-10980,-3736,,,0.6754252008055378,
103557,0,F,N,Y,1,159100.0,774900.0,46743.8,Secondary / secondary special,Separated,Working,-12260,0,,0.4158963515270377,0.6948253852484969,
103558,0,M,N,N,1,87600.0,198700.0,8010.7,Secondary / secondary special,Married,Working,-20499,-80,,,0.5368709917073536,0.8285300382655171
103559,0,F,Y,Y,0,103200.0,634700.0,22016.4,Secondary / secondary special,Widow,Pensioner,-20130,365243,7.6,0.7982693774087979,0.4180045349583008,0.5386683770465552
103560,0,F,N,Y,1,138600.0,785300.0,34286.6,Higher education,Civil marriage,Working,-19251,-1169,,,0.7391473734476272,0.7075995688918851
103561,0,M,N,Y,1,140600.0,733900.0,28906.1,Higher education,Married,Commercial associate,-7765,-1190,,,0.5724980128512666,0.5896664273399777
103562,0,F,N,N,0,77700.0,488800.0,33568.3,Secondary / secondary special,Married,Working,-12042,-925,,0.8793760649858744,0.7184385986740188,0.5379990178727078
103563,0,M,N,N,1,147500.0,915000.0,66558.3,Academic degree,Single / not married,Working,-13716,-1978,,0.5485906202689043,0.6036919708730194,0.6633329422917419
103564,0,F,N,N,0,150000.0,376500.0,12570.2,Secondary / secondary special,Single / not married,State servant,-14688,-256,,,0.31650734999050806,0.8015575925258418
103565,1,M,Y,N,0,222400.0,1319500.0,45017.7,Higher education,Married,Pensioner,-8966,365243,12.7,,0.654575369759787,0.7452178868021269
103566,0,M,N,Y,2,140500.0,766600.0,45410.4,Secondary / secondary special,Married,State servant,-19510,-452,,0.5624858720471656,0.5627593464977675,
103567,0,M,N,Y,0,118300.0,434000.0,16639.4,Higher education,Married,Working,-23295,-2902,,,0.636399805215696,
103568,0,F,N,Y,0,200300.0,832500.0,53221.7,Higher education,Married,Pensioner,-25021,365243,,,0.9479431651641353,
103569,0,M,N,Y,0,234100.0,1009100.0,91084.2,Higher education,Married,Commercial associate,-21660,-2571,,0.173662667569783,0.728325024461641,
103570,0,F,N,N,0,76000.0,310800.0,13015.7,Secondary / secondary special,Married,Commercial associate,-11222,-2190,,0.4756015317976681,0.6315198303099491,0.4133929459138829
103571,0,M,Y,N,1,112000.0,405700.0,19534.2,Higher education,Civil marriage,Working,-16634,-1553,3.6,0.42457093776331883,0.6780206364742677,0.7805586242676731
103572,1,F,Y,Y,0,54700.0,252300.0,22831.3,Secondary / secondary special,Married,Working,-23724,-71,3.4,,0.8625437699819778,0.665017897689985
103573,0,F,N,Y,0,91900.0,516300.0,27954.7,Secondary / secondary special,Married,Working,-8837,-1617,,0.4104290998945336,0.4731829142320565,0.7231128684393177
103574,0,F,N,Y,0,276100.0,1730200.0,79667.7,Secondary / secondary special,Married,Commercial associate,-11673,-348,,0.46112861882436923,,0.4545079079888468
103575,0,F,N,Y,0,87300.0,421700.0,23567.5,Secondary / secondary special,Separated,Pensioner,-12311,365243,,,0.7163238544310928,
103576,0,F,Y,Y,0,174400.0,1087000.0,99994.5,Secondary / secondary special,Widow,Commercial associate,-18357,-1030,2.1,0.8207679174420436,0.2777265226207282,
103577,0,M,N,Y,0,170100.0,1073800.0,37370.4,Secondary / secondary special,Separated,Working,-24352,-158,,0.7487237153028045,0.8371749152729463,0.6231593834212852
103578,0,F,N,Y,0,108700.0,516500.0,18085.3,Secondary / secondary special,Married,Pensioner,-16131,365243,,0.5172614571837858,0.6400878488064692,0.4378659889497156
103579,0,M,Y,Y,0,115200.0,335900.0,12110.8,Secondary / secondary special,Married,Working,-17556,-1751,2.2,0.8508378458449165,0.3457848852266359,0.2919109449489287
103580,1,F,Y,Y,0,264500.0,1082600.0,45202.6,Higher education,Married,Pensioner,-18888,365243,2.8,,0.7732651716037875,0.42123659866850893
103581,0,M,N,N,1,216100.0,1301100.0,46304.9,Secondary / secondary special,Married,Working,-22599,-357,,0.6945126566476572,0.5316771812015152,0.41549974901325026
103582,0,M,N,Y,0,386800.0,825900.0,30464.1,Secondary / secondary special,Married,Commercial associate,-12690,-2488,,0.9161514961861628,0.819841049028456,0.8066084720451894
103583,0,F,Y,Y,1,44800.0,233500.0,11177.7,Secondary / secondary special,Married,Working,-18649,-5397,13.0,0.4922035160119934,0.6665329295289611,
103584,0,M,Y,Y,0,179700.0,1119700.0,55320.7,Secondary / secondary special,Married,Working,-23892,-1530,6.9,,0.4529914762702908,0.5818787704509576
103585,0,M,Y,N,1,48300.0,245800.0,10995.4,Secondary / secondary special,Married,Working,-24131,-1151,1.9,0.47200316843295526,0.5164518752920074,0.8628716328771566
103586,0,M,Y,Y,1,138700.0,865600.0,55235.2,Secondary / secondary special,Married,Working,-14378,-151,1.3,0.4743671486562061,0.506073174969045,0.5191858901486813
103587,0,F,Y,N,0,127700.0,652700.0,52738.8,Higher education,Separated,Working,-9630,-732,0.3,0.7272338489272933,0.45425766710980303,0.4226096952899085
103588,1,F,N,Y,0,84200.0,541600.0,18949.2,Higher education,Married,Commercial associate,-23876,-1152,,,0.5138497925798768,
103589,1,M,N,Y,0,107400.0,677100.0,34144.4,Secondary / secondary special,Married,Working,-23816,-855,,,,0.6566764971627419
103590,0,F,N,Y,0,123200.0,571400.0,48774.7,Secondary / secondary special,Married,Pensioner,-9375,365243,,0.7202729796630284,0.7401167617393828,0.34525382000597515
103591,0,M,N,N,0,171600.0,772300.0,26711.8,Secondary / secondary special,Married,Working,-9096,-797,,0.5307385775469802,0.5044820103044918,
103592,1,F,N,N,0,84100.0,503300.0,19233.7,Secondary / secondary special,Separated,Working,-10916,-4341,,0.34529365241043203,0.6330203064388675,0.40377102450767843
103593,0,M,Y,N,0,101100.0,541100.0,23599.7,Secondary / secondary special,Married,Commercial associate,-19010,-1279,12.9,,0.5629067078546253,
103594,0,F,Y,N,0,178000.0,799100.0,26794.0,Secondary / secondary special,Married,Pensioner,-12975,-995,7.6,,0.6323506826802113,
103595,0,F,Y,Y,0,194800.0,987600.0,37380.0,Secondary / secondary special,Single / not married,Working,-11881,-57,12.4,,0.6119057536785654,0.6853753223776116
103596,0,M,N,Y,0,460100.0,852500.0,73549.8,Secondary / secondary special,Married,Commercial associate,-21689,-1699,,0.7418743926034093,0.5688987244193467,0.4453038107116688
103597,0,M,N,Y,0,151900.0,953300.0,39061.5,Higher education,Married,Pensioner,-11946,365243,,0.7648339020145997,0.3634772072347577,0.8028162392493821
103598,0,M,N,Y,1,187300.0,679000.0,54799.6,Secondary / secondary special,Married,Working,-24508,-1784,,,0.7033406647028618,0.23755109870255123
103599,0,M,N,Y,0,127300.0,248000.0,9728.8,Secondary / secondary special,Married,Working,-15356,-1070,,0.6446574768187917,0.5629567088874277,0.5888235007719229
103600,0,F,N,N,2,264700.0,898500.0,58357.9,Higher education,Married,Working,-15079,-2772,,0.7484669580881111,0.7523728745236506,
103601,0,F,Y,N,0,92600.0,376900.0,22202.7,Secondary / secondary special,Single / not married,State servant,-24214,-83,7.0,,0.5584937369425821,0.6942039370860987
103602,0,F,N,N,1,136600.0,885600.0,33239.0,Secondary / secondary special,Married,Working,-9776,-1491,,,0.5049305006580871,0.5782362851079156
103603,0,F,N,Y,0,157700.0,709700.0,56193.9,Secondary / secondary special,Married,Working,-9685,-2070,,0.8866700245860314,0.6362776550587468,0.824217774662018
103604,0,F,N,N,0,175400.0,302800.0,10486.8,Higher education,Married,State servant,-15271,-510,,0.42198695557772603,0.8810451699471974,
103605,0,M,N,N,0,214600.0,399400.0,31857.8,Secondary / secondary special,Married,Pensioner,-17962,365243,,,0.6904529181859971,
103606,0,F,N,N,1,128500.0,454800.0,43290.2,Secondary / secondary special,Married,Working,-16577,-3442,,,0.6251514050457433,0.4350193584426758
103607,0,F,Y,Y,0,210400.0,1224800.0,116514.5,Secondary / secondary special,Widow,Working,-24411,-831,8.0,,0.6366259045539341,0.7184553670163679
103608,0,F,N,Y,0,74500.0,245900.0,9386.7,Secondary / secondary special,Married,Commercial associate,-25082,-3074,,,0.30781699110573424,0.8074080312225472
103609,0,F,N,N,0,157700.0,1012800.0,51685.7,Secondary / secondary special,Separated,Pensioner,-8386,365243,,,0.5364019230951601,0.5586948516220609
103610,0,F,N,N,1,60200.0,94600.0,4692.4,Secondary / secondary special,Married,Working,-10571,-798,,,0.5754324366439759,0.7416623348377317
103611,0,M,N,Y,0,127200.0,538900.0,20190.7,Secondary / secondary special,Married,Working,-17376,-2088,,0.8720944628237172,0.684915515791133,0.6582663188049296
103612,0,F,N,Y,1,433800.0,2769200.0,136672.0,Secondary / secondary special,Married,Pensioner,-24327,365243,,,0.5558339903111768,0.7903213794686956
103613,0,F,N,Y,0,158700.0,621600.0,21332.5,Higher education,Married,Pensioner,-12577,365243,,0.6185610415662889,0.5461552550446063,0.8873617802865481
103614,0,M,N,Y,0,113600.0,458800.0,45517.3,Secondary / secondary special,Married,Working,-14105,-5774,,,0.4052061814120543,0.7439196569604284
103615,0,F,N,N,0,177500.0,549700.0,41484.3,Secondary / secondary special,Married,Pensioner,-11721,365243,,,0.23714180731317727,0.36483205181916073
103616,1,M,N,Y,0,137800.0,758100.0,29427.3,Secondary / secondary special,Civil marriage,Commercial associate,-24631,-446,,0.5791132598182939,0.36024138119294546,
103617,0,F,Y,Y,1,84900.0,522200.0,18447.0,Secondary / secondary special,Civil marriage,State servant,-10367,-1413,7.1,,0.6015755413557411,0.824806791966076
103618,0,F,N,N,0,61400.0,223200.0,9252.9,Secondary / secondary special,Married,Working,-17568,-1883,,,0.8305581444832312,0.5913205540939777
103619,1,F,N,Y,2,140000.0,849000.0,53185.7,Secondary / secondary special,Married,Working,-8072,-1498,,,0.140658941071362,0.34330531995111147
103620,0,M,N,Y,0,129000.0,283600.0,10577.6,Higher education,Married,Commercial associate,-18218,-969,,,0.5185369022040388,
103621,1,F,N,Y,1,125600.0,612200.0,42512.2,Secondary / secondary special,Married,Working,-14550,-830,,0.5849371573007577,0.5504186267798794,0.698448983090502
103622,0,F,N,Y,0,205800.0,625100.0,33298.0,Secondary / secondary special,Married,Working,-17587,-89,,,0.8726609922292692,0.7673825556904386
103623,0,F,N,N,0,263400.0,534600.0,20812.1,Higher education,Single / not married,Commercial associate,-9077,-169,,,0.5087681934384284,
103624,0,M,N,N,0,196800.0,902400.0,49897.5,Secondary / secondary special,Married,Commercial associate,-9266,-2692,,,0.5668114764543828,0.7777969816539535
103625,0,M,N,N,0,122100.0,514900.0,19432.9,Secondary / secondary special,Single / not married,Working,-9287,-1079,,0.5872236382650262,0.6384019324725391,0.7704307343516693
103626,0,F,N,Y,1,150900.0,654400.0,29654.2,Higher education,Civil marriage,Working,-22312,-201,,0.7466705884767506,0.5508506808702728,0.3938453340477519
103627,0,M,Y,N,1,234400.0,1216000.0,44652.7,Secondary / secondary special,Married,Commercial associate,-20366,-3908,6.0,,0.701533617873979,0.6838670436229831
103628,0,M,N,Y,0,212200.0,823000.0,55993.5,Secondary / secondary special,Civil marriage,Commercial associate,-9920,-387,,0.7680603458556841,0.7180923479735438,0.6393571479151386
103629,0,F,Y,N,0,185200.0,630500.0,27762.3,Secondary / secondary special,Separated,Working,-13211,-1465,19.8,0.6568139461401361,0.44757524710453167,0.6721357295180024
103630,0,F,N,Y,0,114900.0,598200.0,25732.4,Secondary / secondary special,Married,Working,-15321,-1718,,,0.6339117877088845,
103631,0,F,Y,Y,0,234800.0,1201500.0,65689.8,Secondary / secondary special,Married,Working,-9399,-2825,6.6,0.3559488589468571,0.9181676405589889,0.6989740493899317
103632,0,M,N,Y,1,269800.0,1115600.0,59799.4,Higher education,Married,Pensioner,-22396,365243,,,0.667160160914639,0.5845787592505839
103633,0,F,N,N,0,213000.0,979700.0,34562.1,Higher education,Married,Pensioner,-14033,365243,,,0.6927675063955059,0.8683887110627544
103634,0,F,N,N,0,553700.0,2238600.0,155121.3,Secondary / secondary special,Separated,Commercial associate,-19425,-815,,0.708537132302094,0.9394167227700209,0.9071959386248435
103635,0,F,Y,Y,0,206300.0,955200.0,80178.4,Higher education,Married,Commercial associate,-18925,-1515,19.4,,0.6227184593110292,0.632190732609704
103636,1,F,N,Y,0,246800.0,863300.0,42486.8,Higher education,Civil marriage,Working,-23699,-1080,,,0.7352573094396353,0.6264676569102372
103637,0,M,N,N,0,196500.0,1094400.0,39644.6,Secondary / secondary special,Married,Working,-20677,-602,,,0.7697767001286302,0.7640238712153982
103638,0,F,N,Y,0,138900.0,699300.0,23679.9,Secondary / secondary special,Married,Working,-8273,-1699,,0.8022562894103492,0.5549536678177346,0.6560875472028265
103639,0,M,Y,Y,2,86700.0,439100.0,15705.7,Secondary / secondary special,Married,Working,-10388,-1522,12.9,0.48916472604456956,0.7332097884793001,0.9365703158353363
103640,0,F,Y,N,0,104200.0,667400.0,26249.0,Secondary / secondary special,Civil marriage,Working,-15469,-1047,7.1,,0.6376105991491364,0.6078009903092816
103641,0,F,N,Y,0,104700.0,421100.0,34586.3,Higher education,Married,Working,-9301,-676,,0.3624309536350085,0.6956771273283272,0.5707974138176923
103642,0,F,N,N,0,85500.0,534600.0,23843.0,Higher education,Married,State servant,-14539,-212,,0.5202705596050986,0.4978509791984578,0.5258396513041469
103643,0,M,Y,Y,1,129400.0,450600.0,19575.4,Higher education,Separated,Commercial associate,-24806,-471,5.8,0.44980139911304134,0.7147970343973455,0.6659355718873237
103644,0,F,N,N,1,147500.0,892300.0,44843.0,Secondary / secondary special,Married,Pensioner,-11272,365243,,,0.6548737968347519,
103645,0,F,Y,Y,2,251700.0,1089800.0,40598.6,Secondary / secondary special,Civil marriage,Commercial associate,-20025,-432,14.9,,0.3647826290484577,
103646,0,M,N,N,1,85600.0,372400.0,12559.7,Secondary / secondary special,Married,Pensioner,-12227,365243,,0.666497640378978,0.8500964731190872,0.7665138538616759
103647,0,F,Y,Y,0,220000.0,1292000.0,43874.1,Secondary / secondary special,Civil marriage,Working,-8269,-611,7.5,0.81596722191725,0.9169825879544785,0.6029230959866618
103648,0,F,N,N,0,166200.0,1042500.0,100165.5,Secondary / secondary special,Married,Working,-9395,-2821,,0.62705137520986,0.7123375803197564,0.7511720636717506
103649,0,F,N,N,2,174500.0,435900.0,40670.5,Secondary / secondary special,Married,Commercial associate,-9491,-1168,,,0.391047174583678,0.5927699697370864
103650,0,M,Y,Y,1,141000.0,303100.0,27388.0,Secondary / secondary special,Married,Commercial associate,-12912,-494,4.2,,0.4906552626234563,0.8667421508772176
103651,0,F,N,Y,0,377500.0,2033000.0,125113.2,Secondary / secondary special,Married,Working,-24510,-90,,0.5332244724659315,0.3880250975177114,0.5349395258794167
103652,0,F,N,Y,0,103400.0,340300.0,13660.6,Secondary / secondary special,Single / not married,Commercial associate,-18551,-39,,0.6650780643099521,0.7373354057548958,0.5948176175005344
103653,0,F,N,Y,0,114500.0,250900.0,11672.7,Secondary / secondary special,Married,Working,-9826,-180,,0.6222372202380614,0.5821346907097374,
103654,0,F,N,Y,0,155300.0,412200.0,20901.2,Higher education,Married,Working,-8901,-2297,,0.4496919166472627,0.3629670261488682,0.6585860523409496
103655,0,F,N,Y,1,176000.0,570700.0,23109.7,Secondary / secondary special,Married,State servant,-24689,-310,,,0.5409486404996554,0.5495388090615833
103656,0,F,N,Y,0,163000.0,874500.0,57783.9,Secondary / secondary special,Separated,Commercial associate,-10674,-2953,,,0.6954709000498195,0.8264606562677622
103657,0,F,N,N,0,144000.0,269100.0,9021.9,Secondary / secondary special,Married,Working,-12411,-2489,,0.818180293791727,0.49622841067998397,
103658,0,F,Y,Y,0,186600.0,752600.0,50343.7,Secondary / secondary special,Single / not married,Working,-22426,-574,5.8,,0.7491139913664505,0.7778371639280641
103659,0,M,Y,Y,1,193100.0,306600.0,17576.7,Secondary / secondary special,Separated,Pensioner,-17398,-13,11.9,0.4685516258777904,0.6340133967876416,0.5799954511961578
103660,0,F,N,Y,0,144700.0,722500.0,26716.1,Higher education,Married,State servant,-11644,-90,,,0.7964555356730824,0.47751951274098003
103661,1,F,Y,Y,1,336600.0,2126200.0,82527.2,Secondary / secondary special,Widow,Working,-19319,-1681,13.1,,0.6039033400833163,
103662,0,M,N,Y,1,179600.0,589800.0,45185.8,Secondary / secondary special,Married,Working,-14183,-2250,,,0.5855390150573883,0.7697458942437475
103663,0,M,N,N,0,130100.0,795600.0,70797.3,Secondary / secondary special,Single / not married,Commercial associate,-17866,-1506,,,0.6558080438937531,0.7694988391752561
103664,0,M,N,Y,1,257700.0,1526500.0,66133.9,Secondary / secondary special,Civil marriage,Working,-9366,-464,,,0.7320690332550928,0.49038332469301227
103665,1,F,N,Y,0,59100.0,191600.0,8013.2,Higher education,Married,Commercial associate,-23101,-6226,,,0.6690658524209884,0.5822989796721358
103666,0,F,N,Y,0,88800.0,225700.0,8103.6,Secondary / secondary special,Married,Working,-18110,-861,,0.5806749721558881,0.8842255374385185,0.3594446796939967
103667,0,F,N,Y,0,134400.0,423400.0,39944.5,Secondary / secondary special,Married,Working,-7746,-380,,,0.3625651318551487,0.8385269034447361
103668,1,F,Y,N,0,86700.0,526900.0,19247.8,Secondary / secondary special,Married,Commercial associate,-17471,-499,15.1,0.33082381201628647,0.5179029779569506,0.23266458102052115
103669,0,F,Y,Y,1,211400.0,766900.0,45788.1,Secondary / secondary special,Married,Working,-14018,-43,3.4,0.6333510623721781,0.6265289091091606,
103670,0,F,Y,Y,0,208200.0,831100.0,48212.6,Secondary / secondary special,Single / not married,Commercial associate,-23545,-3284,14.3,,0.5937404589715012,0.6921010096429417
103671,0,F,Y,Y,1,306800.0,684800.0,29912.5,Secondary / secondary special,Married,Working,-10099,-1290,11.2,,0.8574826239383552,0.18472125915761153
103672,0,F,N,Y,0,113600.0,300000.0,11029.8,Higher education,Married,Working,-13520,-202,,0.8178672323347895,0.5166429703552483,0.5112064731250172
103673,0,F,Y,Y,2,190100.0,1165500.0,63809.2,Higher education,Married,State servant,-21074,-252,16.7,0.4524208692952591,0.6349325889431724,0.3733230883555835
103674,0,F,Y,Y,0,261900.0,1590200.0,156915.0,Secondary / secondary special,Married,Working,-11619,-716,11.5,0.5624347308930567,0.2719138640610382,0.7505615211807796
103675,1,M,N,N,0,158400.0,472300.0,20569.8,Higher education,Married,Working,-13160,-2852,,0.408443943932126,0.4615620906447525,0.4823017007826253
103676,0,M,N,Y,2,229500.0,1147700.0,54467.6,Secondary / secondary special,Married,Working,-21191,-4364,,,0.6066236567125647,0.8912593065827076
103677,0,F,N,Y,1,140800.0,694600.0,23602.3,Secondary / secondary special,Married,Pensioner,-20158,365243,,,0.7265195472283,
103678,0,F,N,N,0,266100.0,960300.0,46706.9,Secondary / secondary special,Married,Commercial associate,-13976,-1527,,,0.6038918027570139,
103679,0,F,N,Y,0,104600.0,530200.0,23452.6,Secondary / secondary special,Separated,Working,-15864,-744,,0.8135299228441581,0.7363392079425478,
103680,0,F,Y,Y,0,73300.0,438100.0,15946.2,Secondary / secondary special,Civil marriage,Working,-17354,-2001,10.7,,,0.8134970389577347
103681,0,M,N,N,1,124200.0,667300.0,43327.2,Higher education,Married,Commercial associate,-23237,-188,,,,0.5429367514279761
103682,0,F,Y,N,1,141600.0,602200.0,58554.0,Secondary / secondary special,Married,Pensioner,-19267,365243,15.7,,0.7087926300995077,0.8816979035099017
103683,0,F,N,N,1,179300.0,838500.0,33561.2,Secondary / secondary special,Married,Working,-18057,-128,,,0.7018893098702889,0.6541405008184027
103684,1,F,N,N,1,180400.0,1026300.0,43379.3,Secondary / secondary special,Married,Working,-21887,-5484,,,0.4964379557823801,0.3729126372056839
103685,1,F,N,Y,1,107000.0,561600.0,20336.0,Secondary / secondary special,Single / not married,Commercial associate,-13005,-2493,,0.45272953491336765,0.8116279794216651,0.5911304111399216
103686,0,F,N,N,0,94000.0,582300.0,39716.8,Secondary / secondary special,Married,Working,-15454,-636,,0.5812218888911111,0.5421385962025693,
103687,0,F,N,Y,1,306200.0,1744800.0,93821.7,Secondary / secondary special,Married,Commercial associate,-19708,-2479,,,0.5888760158285897,0.6790675778580257
103688,0,M,N,Y,1,138400.0,247200.0,22531.6,Secondary / secondary special,Civil marriage,Working,-14751,-1761,,0.4513841230126187,0.6415900453135083,
103689,0,F,N,N,0,118900.0,604300.0,24914.1,Secondary / secondary special,Civil marriage,Commercial associate,-16069,-1836,,0.47645593545490356,0.7687086643025033,0.5984565135928412
103690,0,F,N,N,2,170000.0,368800.0,26693.2,Secondary / secondary special,Married,Pensioner,-10482,365243,,0.49879350198463357,0.5457515952125801,0.911730192303819
103691,0,F,N,N,0,95200.0,539700.0,25602.2,Secondary / secondary special,Married,State servant,-18365,-2012,,,0.8155810781636826,0.6532554380898812
103692,0,F,Y,Y,1,106800.0,213600.0,10630.4,Higher education,Married,Commercial associate,-18894,-495,19.7,,0.681692651162255,0.4195348329560768
103693,0,F,N,N,1,210300.0,617900.0,34000.3,Secondary / secondary special,Married,Working,-22680,-662,,0.7399816630554731,0.738195892998263,0.7207080949168617
103694,0,F,Y,Y,0,93300.0,286800.0,26135.9,Secondary / secondary special,Married,Commercial associate,-9167,-2593,15.2,,0.6732244064477145,0.7178672803601551
103695,0,M,N,N,1,81000.0,499300.0,22571.1,Secondary / secondary special,Married,Pensioner,-23441,365243,,0.5868886274385005,0.550547891888883,
103696,0,F,Y,N,0,125500.0,808300.0,39954.6,Secondary / secondary special,Married,Working,-9176,-1904,12.8,,0.7964855483379821,0.5358399768037698
103697,1,F,N,Y,0,165500.0,694100.0,46758.5,Secondary / secondary special,Married,Working,-20736,-1986,,,0.5181061485600094,0.7215339330370069
103698,0,F,Y,N,1,273400.0,1123700.0,48348.8,Secondary / secondary special,Married,Working,-17996,-265,19.7,0.8095799021967959,0.6075887544679127,
103699,0,F,Y,Y,1,171700.0,721400.0,24507.2,Higher education,Single / not married,Commercial associate,-14789,-272,13.2,,0.5398026875828711,0.6909532335776937
103700,0,F,N,Y,0,185800.0,873400.0,30523.1,Secondary / secondary special,Married,Working,-23860,-3003,,,0.8588787334823332,
103701,0,M,Y,N,0,92900.0,171300.0,6168.5,Secondary / secondary special,Widow,Working,-15674,-4558,4.2,,0.7222260491558979,0.5204595908255286
103702,0,F,N,Y,0,160200.0,477800.0,19086.6,Secondary / secondary special,Married,Commercial associate,-8104,-1004,,0.5805854531791004,0.8485976075678261,
103703,0,F,N,Y,0,89000.0,405800.0,15599.1,Higher education,Separated,State servant,-16797,-1094,,,0.5659582241394526,0.9342285644893419
103704,0,M,N,Y,0,222300.0,594300.0,24496.9,Secondary / secondary special,Married,Working,-17005,-262,,0.494143733273397,0.8190953022089675,0.4502723543340439
103705,0,F,Y,Y,0,155000.0,704700.0,38738.2,Incomplete higher,Married,Working,-20720,-2794,17.9,,0.472541527098911,0.6943080122580771
103706,0,F,N,Y,1,143900.0,863900.0,62759.5,Secondary / secondary special,Married,State servant,-13951,-440,,0.9379494277845208,0.5767847163952072,0.46281431443624893
103707,0,F,N,Y,0,184900.0,987800.0,39289.2,Secondary / secondary special,Married,State servant,-8966,-1039,,0.7353852326347883,0.537047856265269,0.4980148322100141
103708,0,M,N,Y,0,118100.0,492300.0,22049.7,Higher education,Married,Working,-13797,-2281,,,0.49680803891503544,0.7860416039841952
103709,0,F,Y,Y,0,118400.0,342700.0,13104.2,Higher education,Married,Working,-18235,-150,19.8,,0.3690652640482347,
103710,0,M,N,Y,1,96000.0,341600.0,11750.0,Secondary / secondary special,Married,Working,-17220,-3255,,,0.4632791455616936,0.44665825807679754
103711,0,M,N,Y,1,328200.0,633300.0,35438.5,Higher education,Married,Working,-22519,-734,,,0.6857405364749323,0.19259007030824393
103712,0,M,N,Y,0,132900.0,295700.0,10531.6,Secondary / secondary special,Married,Working,-12407,-973,,0.8565366113201504,0.6734396228930903,0.7929749427680622
103713,0,M,Y,N,2,127700.0,829100.0,72861.0,Higher education,Single / not married,Commercial associate,-17650,-984,18.4,,0.8860284055465163,0.7662390741141998
103714,0,M,Y,Y,0,201200.0,1224100.0,81010.3,Higher education,Married,Pensioner,-24774,365243,10.3,,0.6982299142731461,0.7202896830848612
103715,0,M,Y,Y,2,148000.0,679000.0,35097.1,Secondary / secondary special,Married,Commercial associate,-13169,-2873,4.8,,0.7382766272094016,
103716,0,M,N,Y,0,51800.0,240700.0,8361.4,Secondary / secondary special,Married,Pensioner,-15315,365243,,0.8371882403814449,0.2932285082521257,0.6270695614969448
103717,0,M,N,Y,1,365900.0,1062200.0,36064.1,Secondary / secondary special,Single / not married,Commercial associate,-25100,-401,,0.9118064120078829,0.7010163438280234,0.7218725068251374
103718,0,M,N,N,0,118700.0,410400.0,20297.9,Secondary / secondary special,Single / not married,Working,-10202,-3080,,0.37175774555611313,0.8520474409780886,0.6961645073124434
103719,0,M,N,Y,0,100900.0,254800.0,11764.7,Secondary / secondary special,Married,Working,-17726,-1847,,,0.5933754390754835,0.7183574675665043
103720,0,F,Y,Y,0,136900.0,855900.0,45072.8,Secondary / secondary special,Married,Pensioner,-14163,-632,9.2,,0.7913040464923945,0.3267136217247001
103721,0,F,N,N,1,116700.0,650700.0,23359.2,Higher education,Married,Commercial associate,-8479,-864,,0.6872486461928907,0.8398349031187718,0.7194162536072587
103722,0,F,Y,Y,0,117800.0,349700.0,12917.4,Secondary / secondary special,Married,Working,-21008,-3442,13.8,0.640367072066346,0.7088170242656013,0.6423819852346403
103723,0,M,Y,N,0,155200.0,514100.0,34127.3,Secondary / secondary special,Single / not married,Working,-11156,-828,9.2,0.6040521219353074,0.39877929424118863,0.7463410923740985
103724,0,F,N,Y,1,63800.0,99200.0,8743.7,Incomplete higher,Single / not married,Commercial associate,-23309,-1856,,0.27565793791119864,0.5542707738452939,0.6658001588354426
103725,1,M,Y,Y,0,205000.0,582100.0,50775.6,Higher education,Married,Working,-14995,-2708,10.1,0.7499191453705761,0.5856259752337792,0.4977148871785713
103726,0,M,N,N,0,226200.0,639400.0,22824.7,Secondary / secondary special,Single / not married,Pensioner,-10205,365243,,0.6788387505520688,0.4302946290076128,0.48715830454239734
103727,0,M,N,Y,0,68900.0,156300.0,6365.3,Secondary / secondary special,Married,Working,-11983,-4261,,,0.6527216474201366,0.5638304444324556
103728,0,F,N,Y,1,180800.0,1098700.0,81750.4,Secondary / secondary special,Single / not married,Commercial associate,-22272,-811,,,0.8440238346950493,
103729,0,M,N,N,1,100200.0,161900.0,6731.4,Secondary / secondary special,Single / not married,Working,-14225,-3870,,0.2272134906703017,0.4465961819101826,
103730,0,M,N,Y,0,120900.0,520300.0,28608.9,Secondary / secondary special,Single / not married,Working,-12163,-391,,,0.7974665366814258,0.6809022677008325
103731,0,M,Y,N,1,172500.0,618700.0,28532.4,Secondary / secondary special,Married,Pensioner,-12034,365243,0.5,,0.8315932725507134,0.7733213592435741
103732,0,M,N,Y,1,217500.0,761600.0,34665.2,Secondary / secondary special,Married,Working,-17894,-1449,,,0.8159378884769244,
103733,0,F,N,Y,1,170900.0,385000.0,16288.1,Secondary / secondary special,Married,Working,-12172,-5598,,,0.5985184388133225,0.2923239872785553
103734,1,F,N,N,0,78800.0,430700.0,27505.7,Higher education,Married,Working,-24068,-74,,0.49431948713644974,0.46316722470205146,0.7023061745458451
103735,1,F,Y,Y,0,151600.0,473100.0,16599.3,Higher education,Married,Working,-8535,-878,1.2,0.34408653078952306,0.6736184470413057,0.6985428975887678
103736,0,M,Y,Y,0,183600.0,903700.0,32789.7,Secondary / secondary special,Single / not married,Working,-10402,-231,5.0,,0.7572287392134954,0.653416364041647
103737,0,F,N,N,0,104000.0,320200.0,31255.6,Secondary / secondary special,Married,Working,-15190,-1552,,,0.6765825702088538,0.7887369390330571
103738,0,M,N,Y,0,100600.0,607900.0,25617.9,Secondary / secondary special,Married,Working,-11321,-3278,,,0.6664124041905948,0.49264732061280936
103739,0,M,N,Y,0,142600.0,376000.0,18073.5,Secondary / secondary special,Married,Commercial associate,-21321,-2576,,,0.7046747856642221,0.6365943371124202
103740,0,F,N,N,0,190600.0,1079000.0,53560.0,Higher education,Married,Pensioner,-23739,365243,,,0.44729095698809973,0.8321626080158777
103741,1,F,Y,Y,1,114100.0,595300.0,48592.5,Secondary / secondary special,Married,Working,-18192,-2049,7.1,,0.5551685449331696,0.6648860892279509
103742,0,F,N,Y,0,164100.0,960100.0,46238.7,Secondary / secondary special,Married,Pensioner,-22642,365243,,,0.5860873535196617,
103743,0,M,Y,N,1,83500.0,537200.0,21713.7,Secondary / secondary special,Single / not married,State servant,-21706,-4513,0.4,0.5591051656809081,0.6753198717646446,0.7565223699027224
103744,0,F,Y,Y,0,166300.0,729900.0,70922.9,Secondary / secondary special,Married,Commercial associate,-10451,-202,13.4,,0.4536677202692949,
103745,0,F,N,N,0,64900.0,334200.0,18087.3,Secondary / secondary special,Married,Commercial associate,-9040,-1498,,0.3450711434316842,0.19963103194479373,0.8117683313029131
103746,0,M,N,N,0,169300.0,736900.0,32866.6,Secondary / secondary special,Married,Working,-18698,-722,,0.883766992788489,0.7031456068080539,0.22835441560031122
103747,0,F,N,Y,0,219000.0,1307800.0,100823.7,Secondary / secondary special,Married,Working,-24895,-3202,,,0.9088552741020935,0.6425329781669634
103748,0,M,N,Y,1,136600.0,626300.0,21039.1,Secondary / secondary special,Separated,State servant,-22255,-5855,,,0.6970316719612428,0.6797855928042064
103749,0,F,N,N,3,189200.0,1084300.0,45632.0,Higher education,Civil marriage,State servant,-18475,-197,,0.3361986812555246,0.547908081751029,0.37335536361577953
103750,1,F,N,N,1,164500.0,464400.0,19606.5,Secondary / secondary special,Married,Working,-9615,-870,,0.3399666098148196,0.5919608013039429,
103751,0,F,Y,Y,1,79200.0,136600.0,7177.2,Secondary / secondary special,Married,Working,-21340,-72,18.5,0.5721242829880304,0.6479348185585128,0.8816444076798629
103752,0,F,N,Y,0,86600.0,172700.0,14767.9,Secondary / secondary special,Married,Working,-19644,-173,,,0.3101621919585741,0.5728083035625969
103753,0,F,N,Y,0,125100.0,595800.0,21240.7,Higher education,Civil marriage,Working,-24043,-85,,0.7353744860905236,0.8248814678201194,0.5470127494849161
103754,0,M,N,N,0,137700.0,781700.0,70249.4,Secondary / secondary special,Married,Pensioner,-20107,365243,,,0.6728557186869732,0.6092601244297986
103755,0,F,N,N,1,103600.0,280900.0,10987.3,Secondary / secondary special,Married,Working,-9485,-313,,0.9426428019610926,0.5453099950523833,0.5364913515516069
103756,0,F,Y,N,0,85000.0,378400.0,28289.3,Secondary / secondary special,Married,Commercial associate,-18350,-1715,9.4,,0.5743907330623692,
103757,0,F,N,Y,0,40700.0,167900.0,6889.3,Secondary / secondary special,Married,Pensioner,-14749,365243,,0.6409047578090712,0.5912252985096396,0.7917503361583618
103758,0,F,N,N,0,312700.0,1499300.0,75806.3,Higher education,Separated,Working,-15057,-956,,0.8651653576430592,0.18856063716887062,0.41992946115666363
103759,0,M,N,Y,2,317100.0,841100.0,44092.9,Higher education,Married,Commercial associate,-18767,-3714,,,0.7869371937396827,
103760,0,F,N,Y,0,100700.0,262900.0,8769.6,Secondary / secondary special,Separated,Working,-23443,-86,,,0.6924232000715178,0.8824715617229205
103761,0,M,N,Y,1,77000.0,415600.0,13877.2,Higher education,Married,Working,-20990,-2665,,,0.4644103573909563,0.5227915319020844
103762,0,F,Y,Y,1,283400.0,493800.0,44522.4,Secondary / secondary special,Married,Working,-8061,-878,14.9,,0.7900283000417132,0.736725554656875
103763,0,F,N,Y,0,56700.0,281800.0,10089.5,Secondary / secondary special,Single / not married,Working,-10247,-2417,,,0.7194468989668885,0.8177157990065992
103764,0,F,N,Y,1,233900.0,434500.0,42965.4,Secondary / secondary special,Married,Commercial associate,-14037,-2519,,0.5691000921320197,0.6454581210360995,0.7656277745106294
103765,0,F,Y,Y,1,196100.0,395300.0,17953.7,Secondary / secondary special,Separated,Working,-19674,365243,0.8,0.8664622869711065,0.7212425659142591,
103766,0,M,N,N,0,125800.0,341500.0,12932.7,Higher education,Married,Pensioner,-18788,365243,,,0.7738572682695448,0.5129727954454979
103767,0,F,N,Y,0,275600.0,883900.0,53788.3,Secondary / secondary special,Married,Commercial associate,-16500,-209,,0.6987668030348415,0.6414487096674311,0.7894522997943618
103768,0,F,N,Y,2,109400.0,703900.0,29283.3,Secondary / secondary special,Married,State servant,-15211,-332,,,0.7440183149465641,0.8149483661388061
103769,0,M,N,Y,1,215000.0,813100.0,36786.0,Higher education,Separated,Commercial associate,-21512,-1093,,0.9175845029747818,0.734850507471143,0.9005374435134541
103770,0,F,N,Y,1,131600.0,479700.0,25002.9,Secondary / secondary special,Single / not married,Commercial associate,-9348,-473,,0.8120413571660563,0.568781047010383,
103771,1,M,Y,Y,0,85200.0,456200.0,16882.9,Secondary / secondary special,Married,Working,-18102,-393,1.1,0.382703352522428,0.33224545235499153,0.41424725843695037
103772,0,M,N,N,1,369300.0,1052000.0,44448.8,Secondary / secondary special,Civil marriage,Working,-21844,-370,,0.47411491492674207,0.7805158615850442,0.6533183505959353
103773,0,M,N,Y,1,107100.0,480300.0,18538.6,Secondary / secondary special,Married,Commercial associate,-12446,-288,,,0.8451110815996811,0.6756378232963428
103774,0,M,N,Y,1,121400.0,606900.0,52665.8,Secondary / secondary special,Civil marriage,Commercial associate,-11216,365243,,0.8011426832397439,0.7348546393492826,
103775,0,M,N,N,0,212400.0,1227800.0,86794.5,Secondary / secondary special,Married,Commercial associate,-19477,-1205,,0.8616860079911711,0.6612725809089843,0.3402428505412225
103776,0,F,Y,Y,0,257300.0,543400.0,24702.0,Secondary / secondary special,Civil marriage,Working,-10749,-3983,10.2,0.626470733649618,0.4016730794895295,0.7962899424617634
103777,0,M,N,N,1,81400.0,388600.0,14668.4,Secondary / secondary special,Single / not married,Working,-16229,-388,,,0.5274647733476279,
103778,1,F,Y,Y,0,281600.0,429100.0,16878.4,Secondary / secondary special,Married,Working,-23849,-809,3.1,,0.4720135479802309,0.29825106264849616
103779,0,M,Y,N,1,146900.0,585200.0,30221.0,Secondary / secondary special,Single / not married,Working,-8734,-1052,12.8,,0.3736566913260812,0.45654791474315887
103780,0,M,N,Y,1,141600.0,467700.0,17707.0,Secondary / secondary special,Single / not married,Pensioner,-23609,365243,,,0.3566495138626884,0.6625620359873825
103781,0,F,N,Y,0,136600.0,761400.0,27458.8,Secondary / secondary special,Married,Commercial associate,-11007,-24,,0.7288427255648278,0.5644145319338856,0.7449011485276785
103782,0,M,N,Y,2,146200.0,750900.0,34356.5,Secondary / secondary special,Single / not married,Working,-16126,-2055,,0.5504255001564728,0.6790199353468429,
103783,1,M,N,Y,3,73000.0,361900.0,27855.1,Secondary / secondary special,Married,Working,-9988,-306,,0.573186765502532,0.589885153409179,
103784,0,F,Y,N,0,176800.0,415100.0,18768.8,Higher education,Civil marriage,Pensioner,-20115,365243,18.9,,,0.6507904772159039
103785,0,F,N,Y,2,161400.0,492400.0,30254.7,Higher education,Civil marriage,Working,-25163,-1466,,0.7842036708748553,0.35513213616205536,0.8131039965041581
103786,1,M,Y,Y,0,124800.0,366700.0,21373.6,Secondary / secondary special,Married,Working,-12966,-1863,9.0,0.5400601351658716,0.2914583832523581,0.3475355421907818
103787,0,M,N,N,0,161500.0,398900.0,14311.7,Higher education,Married,Pensioner,-23881,365243,,,0.6294057039564449,0.542091876765775
103788,0,F,N,N,0,134300.0,484300.0,16302.8,Secondary / secondary special,Married,Commercial associate,-20467,-335,,,0.6527431929269182,0.6826413993503513
103789,0,F,N,Y,0,142400.0,516300.0,21339.1,Incomplete higher,Single / not married,Working,-24596,-1896,,0.5231393894304296,0.9461702151936489,0.6802337009598183
103790,0,M,Y,Y,0,177700.0,577400.0,35489.1,Incomplete higher,Civil marriage,Working,-19448,-363,18.0,0.6027076923897019,0.6049433624627746,0.5667283592509517
103791,0,F,N,N,0,133000.0,727600.0,46647.0,Secondary / secondary special,Single / not married,Working,-19627,-924,,0.4712333385210595,0.3701731356622404,0.3594391648672253
103792,0,F,N,N,0,103800.0,514100.0,47412.2,Secondary / secondary special,Civil marriage,Commercial associate,-24215,-881,,0.42756509091351985,0.5296496469465387,0.4732802617922466
103793,0,F,N,N,0,207200.0,1134400.0,101333.2,Secondary / secondary special,Married,Working,-20423,-609,,,0.8249812067598307,0.43456778642413013
103794,0,F,Y,N,1,90800.0,503100.0,43771.6,Secondary / secondary special,Married,Commercial associate,-22527,-331,12.7,,0.5769800872538189,0.8211086030502979
103795,0,F,Y,Y,0,236400.0,615500.0,26160.3,Secondary / secondary special,Widow,Working,-12659,-2677,4.9,,0.8450383995447809,
103796,0,M,N,Y,0,126200.0,786400.0,56948.4,Secondary / secondary special,Married,Commercial associate,-10631,-2605,,0.783503577187596,0.6465271434058398,0.5144464304957196
103797,0,F,Y,Y,0,218400.0,1037900.0,89198.4,Secondary / secondary special,Married,Commercial associate,-18891,-2323,6.8,,0.7117288823563956,0.5485795960286358
103798,0,M,N,Y,0,281300.0,1544700.0,51817.6,Higher education,Married,Pensioner,-12098,365243,,,0.5765258131142805,
103799,0,F,N,N,1,143400.0,880700.0,36272.0,Incomplete higher,Married,Working,-15206,-995,,,0.6844916115937706,0.7375227017452374
103800,0,F,Y,Y,0,218000.0,1215600.0,55133.3,Secondary / secondary special,Married,Working,-22670,-4891,10.5,0.8131722050806783,0.7695735811878476,0.7601185086521353
103801,0,F,N,Y,2,195600.0,840700.0,40135.9,Secondary / secondary special,Married,Working,-18734,-551,,0.8500366431212519,,0.56033632771301
103802,1,F,N,Y,0,159900.0,623500.0,21391.4,Higher education,Married,Working,-24218,-2462,,0.5605627191571757,0.2786287236543852,0.569051086015385
103803,0,F,Y,Y,0,193100.0,818700.0,36703.3,Secondary / secondary special,Married,Working,-13889,-1084,15.2,,0.7759755389014082,0.7247357404204574
103804,1,F,N,Y,0,129800.0,762200.0,71081.9,Higher education,Married,Working,-12590,-196,,0.5378434220689726,0.6345090382763198,0.3252998582179127
103805,0,F,Y,Y,0,308300.0,564400.0,25904.1,Secondary / secondary special,Married,Pensioner,-11417,365243,11.9,0.6471001425025636,0.6576573895074307,0.703897523773138
103806,0,F,N,N,1,153000.0,525500.0,28232.5,Secondary / secondary special,Separated,Pensioner,-24787,365243,,,0.5984447474532489,0.6462368599106793
103807,0,M,N,Y,0,106000.0,309700.0,10329.3,Secondary / secondary special,Married,Commercial associate,-15202,-167,,,0.6210423070219249,0.6682454118572115
103808,0,F,N,Y,1,121100.0,452000.0,22936.6,Secondary / secondary special,Civil marriage,Working,-23801,-418,,,0.293468114968943,0.5037171762727399
103809,0,M,N,Y,0,219600.0,990600.0,38604.2,Secondary / secondary special,Married,Commercial associate,-13717,-97,,,0.6083233018451436,0.7366903435566513
103810,0,M,N,Y,1,97300.0,521800.0,19789.3,Higher education,Married,Commercial associate,-12714,-3399,,,0.5160389692565912,0.7060250274181423
103811,0,F,Y,N,0,345000.0,532100.0,48210.4,Secondary / secondary special,Single / not married,Commercial associate,-21184,-2516,3.3,,0.7115621352963184,0.7728323636369391
103812,0,F,N,Y,0,265000.0,969300.0,33114.8,Secondary / secondary special,Married,Working,-18506,-553,,,0.45760718935100486,0.5431492556931313
103813,0,F,Y,N,0,84600.0,249700.0,12245.3,Secondary / secondary special,Married,Pensioner,-16868,365243,14.1,,0.6373168977702526,0.51910373189605
103814,0,F,N,Y,0,208600.0,1080800.0,40645.6,Secondary / secondary special,Married,Working,-15388,-669,,,0.6651274502956778,0.6245507869065949
103815,0,F,Y,Y,0,95300.0,273700.0,11994.4,Secondary / secondary special,Single / not married,Working,-15847,-1651,5.2,,0.36377302918993676,0.6757885116812783
103816,0,F,N,Y,0,101200.0,270300.0,14212.1,Secondary / secondary special,Separated,Working,-22299,-2514,,,0.4496330003791608,0.6769668389556559
103817,0,F,N,N,0,119200.0,281800.0,18206.6,Secondary / secondary special,Married,Working,-10354,-546,,,0.6502933345515987,0.641757985319241
103818,0,F,Y,N,0,105400.0,423300.0,30763.8,Higher education,Single / not married,Unemployed,-8565,365243,5.0,,0.37471459560926773,0.7898952727950823
103819,1,M,N,Y,2,204100.0,359300.0,14821.0,Higher education,Married,Commercial associate,-7774,-1200,,0.6148438722037185,0.6914678837132342,0.6002151592913649
103820,0,M,Y,Y,0,165100.0,823600.0,71298.3,Secondary / secondary special,Single / not married,Pensioner,-16348,365243,17.0,0.6398964584011652,0.5903865850099728,
103821,0,M,N,Y,1,178100.0,1054600.0,70932.6,Higher education,Separated,State servant,-22011,-1293,,0.3817274140363396,0.3006789112502398,
103822,0,F,Y,Y,0,147500.0,365700.0,17831.6,Higher education,Married,Commercial associate,-19433,-55,14.3,,0.5738714007125431,0.7192093630217617
103823,0,F,Y,Y,1,116100.0,461500.0,32058.7,Secondary / secondary special,Married,Pensioner,-25034,365243,16.9,0.5248939563880147,0.6269546588915674,0.820418379602512
103824,0,F,N,N,0,116500.0,687500.0,32744.5,Secondary / secondary special,Civil marriage,Pensioner,-18364,365243,,,0.758131260845074,0.8872246068628112
103825,0,M,N,Y,0,242200.0,1395700.0,81036.7,Secondary / secondary special,Married,Working,-16595,-321,,0.6421378137572284,0.8575499042578697,0.548002875585112
103826,0,F,N,N,0,125900.0,681100.0,44270.8,Secondary / secondary special,Civil marriage,Working,-17867,-2249,,0.7421345687981133,0.8704687346423507,0.701828951651838
103827,0,F,N,N,0,276000.0,671500.0,27614.4,Secondary / secondary special,Married,Working,-23136,-1998,,0.9515165621054408,0.6762951451913786,0.727290093994509
103828,1,F,Y,Y,0,110600.0,407600.0,27445.8,Secondary / secondary special,Separated,Commercial associate,-7926,-1352,8.2,,0.5096055554699824,0.4716475718253288
103829,0,M,Y,Y,1,150300.0,964400.0,69165.9,Secondary / secondary special,Married,Pensioner,-15848,365243,10.3,,0.628642523893706,0.9148097974363947
103830,0,F,N,N,1,169300.0,458800.0,34255.7,Secondary / secondary special,Single / not married,Working,-14878,-529,,0.8288083547205436,,0.67992089811588
103831,0,F,N,Y,0,250700.0,543200.0,38650.2,Secondary / secondary special,Married,Pensioner,-24383,365243,,0.5026300486389236,0.8180577955191238,0.7361139235178572
103832,0,F,Y,Y,0,227800.0,812300.0,79235.5,Secondary / secondary special,Single / not married,Commercial associate,-10953,-3391,14.4,,0.40964136136488816,
103833,0,F,N,N,0,169100.0,381500.0,15694.5,Secondary / secondary special,Separated,Working,-8118,-1543,,0.894932797647535,0.5714084490477541,0.571816520534295
103834,0,F,N,Y,0,152300.0,586900.0,27542.6,Secondary / secondary special,Single / not married,Commercial associate,-18744,-698,,0.5517052033827792,0.8544759046008072,
103835,0,F,N,N,0,97800.0,449500.0,41032.2,Secondary / secondary special,Single / not married,Pensioner,-18628,365243,,,0.5523575504134163,0.35708945355218735
103836,1,F,N,Y,0,135100.0,469500.0,23890.7,Secondary / secondary special,Married,Working,-13268,-709,,0.2293574992497557,0.8389084375673186,0.37317386566025584
103837,0,M,N,Y,0,407700.0,1126900.0,42206.3,Higher education,Married,Working,-17133,-819,,0.6036552434332842,0.9520256710681322,
103838,0,F,N,Y,0,95700.0,363900.0,18578.8,Secondary / secondary special,Married,Commercial associate,-18131,-538,,0.7386199198250045,0.8863449140658411,
103839,0,M,N,Y,0,114300.0,623400.0,20781.9,Secondary / secondary special,Married,Working,-13859,-1516,,,0.39305536603415936,0.5790539125550923
103840,0,F,Y,Y,0,79100.0,442000.0,36688.5,Higher education,Married,Working,-15042,365243,5.7,0.5635860410383207,0.5271147489777648,0.5016781378405428
103841,0,M,Y,Y,0,105200.0,161100.0,7231.5,Secondary / secondary special,Single / not married,Pensioner,-10156,365243,1.7,0.7728287487702681,0.535347886689692,0.8458708228798688
103842,0,F,Y,Y,1,86500.0,149200.0,7268.4,Secondary / secondary special,Single / not married,Working,-21187,-2703,8.7,,0.8668524262858572,0.5378567236985223
103843,0,M,N,Y,0,84800.0,516100.0,23767.6,Secondary / secondary special,Married,Working,-14493,-25,,0.7788818404308351,0.7543995116003045,
103844,0,F,Y,Y,0,170300.0,449400.0,22069.2,Secondary / secondary special,Married,Pensioner,-18987,365243,0.9,0.5293470737546099,0.638798328472621,
103845,0,M,N,Y,0,204600.0,722600.0,34008.2,Higher education,Married,Commercial associate,-15149,-48,,,0.7413571550238899,0.3489617295947077
103846,0,F,N,Y,0,172600.0,355900.0,12622.9,Higher education,Married,Working,-10514,-2096,,0.3045675526480941,0.6417012675261078,0.6532614805929038
103847,0,M,N,Y,0,93000.0,295100.0,17070.3,Secondary / secondary special,Separated,Working,-19953,-1532,,0.5565970347088962,0.6241412067018189,0.313041290812067
103848,0,M,N,Y,0,69000.0,366100.0,15780.4,Secondary / secondary special,Married,Working,-14986,-4697,,,0.36762743442564394,
103849,0,F,N,Y,2,58700.0,103600.0,7174.5,Secondary / secondary special,Married,Working,-10919,-743,,,0.8052415023773515,
103850,0,F,Y,Y,0,85100.0,318400.0,18614.4,Secondary / secondary special,Civil marriage,Pensioner,-24036,365243,8.9,0.44436375135552847,0.7228799747382758,0.5283678951648255
103851,0,F,N,Y,0,92800.0,424900.0,20475.4,Secondary / secondary special,Married,Working,-23331,-1537,,0.3994177827218382,0.6921482601922276,0.7161113945294038
103852,0,F,N,N,0,119800.0,351300.0,14531.7,Higher education,Married,Working,-20418,-2168,,,0.43717452587103944,0.5283172943534025
103853,0,F,N,Y,0,165700.0,928900.0,32859.5,Secondary / secondary special,Married,Pensioner,-17769,365243,,,0.6910504578349744,0.7707092087264017
103854,0,F,N,Y,0,123700.0,187800.0,7800.6,Higher education,Separated,Pensioner,-18631,365243,,,0.4983365873833292,
103855,1,F,N,N,0,300400.0,1092200.0,45916.2,Higher education,Single / not married,Commercial associate,-13985,-3933,,,0.6419206281859512,0.37701819831609507
103856,1,F,Y,Y,0,415800.0,2395000.0,129087.6,Secondary / secondary special,Married,Working,-12280,-162,5.7,0.782240651718006,0.15359971200950762,0.6996939596885882
103857,0,M,N,Y,0,140400.0,292500.0,19848.4,Secondary / secondary special,Married,Working,-18050,-1841,,,0.6973940966385185,0.9395322682094694
103858,0,F,N,Y,0,62200.0,153000.0,6322.1,Secondary / secondary special,Married,State servant,-20644,-120,,,0.709700239140361,0.8664223953251676
103859,0,M,N,Y,1,115700.0,552600.0,31622.7,Higher education,Married,Commercial associate,-16351,-100,,,0.6939707174743093,
103860,0,F,Y,Y,0,130600.0,401300.0,14595.6,Secondary / secondary special,Married,Pensioner,-23370,365243,2.0,,0.763582919508761,
103861,0,F,Y,Y,0,200500.0,548300.0,20132.8,Secondary / secondary special,Married,Working,-14479,-1511,16.0,,0.6964577468042881,0.5109597944555122
103862,0,F,N,Y,0,80700.0,331700.0,28671.5,Secondary / secondary special,Civil marriage,Pensioner,-14270,365243,,0.6530160534766556,0.5100939581253854,0.6752920190005084
103863,0,M,N,Y,0,70900.0,330400.0,30682.0,Secondary / secondary special,Married,State servant,-15130,-440,,,0.6784662487616661,0.7356167117961109
103864,0,F,N,Y,0,165700.0,841000.0,43769.2,Secondary / secondary special,Married,Working,-20016,-1223,,,0.39426591676307604,0.7652966878788823
103865,0,M,N,Y,0,115100.0,392600.0,27101.2,Higher education,Civil marriage,Working,-8151,-624,,0.4606025895511389,0.5591879411252113,0.7130716620643395
103866,0,F,Y,Y,0,114300.0,508100.0,34356.4,Secondary / secondary special,Married,Working,-13873,-1577,1.0,0.541719565224131,0.5169949446100118,
103867,0,F,N,Y,0,99100.0,603500.0,33135.6,Secondary / secondary special,Married,Commercial associate,-20695,-258,,,0.4815736739325143,0.7336582420768613
103868,0,F,N,Y,1,122800.0,767800.0,29957.9,Secondary / secondary special,Single / not married,Working,-17396,-456,,0.814540005603518,0.6682059728264121,0.5473016652199338
103869,0,F,N,Y,0,161100.0,751100.0,56449.1,Secondary / secondary special,Single / not married,Working,-13103,-440,,,0.5931602368252816,0.6915777116500965
103870,0,F,N,Y,1,49900.0,209100.0,7200.1,Secondary / secondary special,Married,Commercial associate,-19183,-4375,,0.915737462738821,0.8312548217976846,0.7362914394439
103871,0,F,N,Y,1,148400.0,773500.0,34969.9,Secondary / secondary special,Widow,Commercial associate,-23468,-85,,0.5134379888484273,0.7916983258131671,0.6653873179299076
103872,0,F,Y,N,0,200700.0,1212800.0,47920.9,Incomplete higher,Married,Working,-16526,-364,12.8,0.32240364040421754,0.7199908098162539,0.5812630148004788
103873,0,F,N,N,0,180100.0,472800.0,35920.8,Secondary / secondary special,Married,State servant,-20630,-1577,,0.7615508948382494,0.5593152657013196,0.583485703548598
103874,0,F,N,Y,0,380100.0,1278300.0,98328.4,Secondary / secondary special,Married,Working,-11148,-1669,,0.6231445456853333,0.4782076123829666,0.85623211865137
103875,0,M,N,Y,0,120900.0,194800.0,11931.1,Higher education,Married,Commercial associate,-15962,-34,,,0.8576206832271467,0.6927760248085835
103876,0,F,Y,N,0,141200.0,894700.0,32072.9,Secondary / secondary special,Married,Commercial associate,-12777,-1572,0.4,,0.605387396615983,0.58712464314146
103877,0,F,N,N,0,261200.0,1459600.0,54588.8,Higher education,Married,Commercial associate,-25075,-1846,,,0.7236477605203973,0.44451304048219076
103878,0,M,Y,Y,0,150900.0,284100.0,18544.4,Secondary / secondary special,Single / not married,Commercial associate,-11505,-1118,14.2,,0.7737961025771967,0.7671258643345338
103879,0,F,Y,Y,1,290000.0,1695100.0,92501.8,Secondary / secondary special,Married,Commercial associate,-24280,-164,0.6,,0.8940425005461098,0.7060352042173561
103880,0,F,Y,N,0,212700.0,1071400.0,53581.4,Secondary / secondary special,Civil marriage,Pensioner,-14835,-1339,16.6,,0.9176924373436948,0.6112523043700973
103881,0,M,N,Y,0,157100.0,913300.0,55376.3,Secondary / secondary special,Married,Pensioner,-16407,365243,,,0.5930656617652393,0.5936300272517582
103882,0,M,N,N,2,146500.0,843200.0,29073.2,Higher education,Married,State servant,-16855,-712,,0.431201262383769,0.6378161858649509,0.39795680759378305
103883,0,M,N,Y,0,132500.0,362700.0,15376.8,Higher education,Married,State servant,-11909,-1040,,,0.957730312822677,
103884,0,F,N,Y,0,145000.0,429000.0,23033.4,Secondary / secondary special,Married,Working,-11859,-1688,,,0.6355719532152359,0.9085740441874849
103885,0,M,N,N,0,100700.0,321300.0,31635.3,Secondary / secondary special,Single / not married,Commercial associate,-14262,-646,,,0.5388611603196662,0.6698987172961774
103886,0,F,N,Y,1,199800.0,994500.0,89135.5,Secondary / secondary special,Married,Working,-20735,-981,,,0.7000851447446774,0.5449340925402726
103887,0,M,N,Y,1,348500.0,1672700.0,79805.2,Secondary / secondary special,Single / not married,Commercial associate,-19956,-2414,,,0.5549116697789654,
103888,0,M,N,N,1,65200.0,256900.0,10230.8,Secondary / secondary special,Single / not married,Working,-25160,-183,,,0.7141257724597507,0.6466454943107469
103889,0,M,Y,N,0,250300.0,1056600.0,47317.1,Secondary / secondary special,Single / not married,Working,-9219,-2645,3.7,0.8550518227481299,0.7771118205913053,0.8210998977835156
103890,0,F,Y,Y,0,164200.0,616500.0,23505.9,Secondary / secondary special,Married,Pensioner,-20982,365243,17.3,0.6766108770383538,0.637186400001914,0.7853364453923017
103891,0,F,N,N,0,235600.0,736200.0,28893.7,Secondary / secondary special,Civil marriage,Commercial associate,-11087,-4315,,,0.5731462518960099,0.5402663614602048
103892,0,M,N,Y,1,113100.0,630000.0,24168.3,Secondary / secondary special,Married,Working,-16629,-805,,,0.3699329617812606,0.621710436392389
103893,0,F,N,Y,1,135700.0,591200.0,26651.2,Secondary / secondary special,Separated,Commercial associate,-11113,-334,,,0.4549756977604333,0.857045539270065
103894,0,F,Y,N,0,260300.0,1386900.0,50892.0,Secondary / secondary special,Married,Working,-24081,-2124,12.6,,0.6880227734450167,0.6557130705522306
103895,0,M,N,Y,0,144000.0,330600.0,19743.1,Secondary / secondary special,Married,Pensioner,-16562,365243,,,0.49669538669952656,0.7043128726713329
103896,0,F,N,N,0,213500.0,583500.0,44616.0,Secondary / secondary special,Separated,Working,-15901,365243,,,0.7770876435269265,
103897,0,F,N,Y,1,113000.0,398600.0,15324.5,Secondary / secondary special,Married,Commercial associate,-13059,-2992,,,0.5475272079575203,
103898,0,F,N,Y,0,134700.0,353200.0,22124.9,Secondary / secondary special,Civil marriage,Commercial associate,-15541,-752,,,0.7112256079670586,0.6978542759210032
103899,1,F,N,Y,0,185200.0,842900.0,57729.6,Higher education,Married,Commercial associate,-9611,-1422,,,0.3430853516034875,0.5749948786121484
103900,0,F,N,Y,2,176700.0,896200.0,42410.2,Secondary / secondary special,Civil marriage,Working,-19665,-624,,0.6210817150506392,0.7289948609754526,0.5545021268768636
103901,0,F,N,N,0,213700.0,563200.0,26525.1,Secondary / secondary special,Married,Pensioner,-17675,365243,,,0.7752235501388036,0.7811274350616929
103902,0,M,N,Y,0,126300.0,197700.0,17182.8,Secondary / secondary special,Married,Pensioner,-9415,365243,,0.5896433107434645,0.6101574322914699,
103903,0,M,N,Y,0,147300.0,667700.0,29693.1,Incomplete higher,Married,Working,-9465,-42,,0.883039061263769,0.7752376633843447,0.41789113822146
103904,0,F,N,Y,1,227800.0,1459200.0,100244.5,Secondary / secondary special,Married,Working,-12806,-74,,0.6735686790452772,0.7198951785760418,0.6769645454555527
103905,0,F,N,Y,2,281900.0,884200.0,69814.5,Secondary / secondary special,Single / not married,Commercial associate,-15964,-2502,,0.8665624862337501,0.4413691581732823,0.7601091651821117
103906,0,M,N,Y,1,101000.0,471800.0,16105.4,Secondary / secondary special,Single / not married,Working,-11574,-2096,,,0.662213871890366,
103907,0,M,N,Y,0,251400.0,437400.0,27626.1,Secondary / secondary special,Single / not married,Working,-9972,-1383,,0.5351478691168351,0.8753523856057174,0.8575632536727884
103908,0,M,Y,Y,0,104200.0,452600.0,24825.6,Higher education,Single / not married,Working,-9359,-376,19.3,,0.536716333001296,
103909,0,F,N,Y,0,161700.0,695300.0,54051.4,Higher education,Civil marriage,Working,-13019,-230,,,0.5563540058447092,0.7113785663153994
103910,0,M,N,Y,1,167200.0,725000.0,25057.5,Higher education,Married,Pensioner,-18708,365243,,,0.9043590496119246,
103911,0,F,N,Y,2,118300.0,464800.0,45074.2,Secondary / secondary special,Married,State servant,-19563,-1806,,,0.9467676391001871,0.5381412217749993
103912,1,F,N,Y,0,136000.0,510400.0,50099.8,Secondary / secondary special,Single / not married,Commercial associate,-12629,-685,,0.5616281313577487,0.3577738077465849,
103913,0,M,Y,Y,0,66400.0,386800.0,21352.9,Secondary / secondary special,Single / not married,Working,-15394,-644,2.4,0.557687660202654,0.6813927981030429,0.43341581826855724
103914,0,F,N,Y,0,204100.0,319700.0,25742.2,Higher education,Married,Working,-18688,-1140,,0.7242428290277149,0.5202903498829564,0.5489591782719218
103915,0,F,N,Y,1,130000.0,438600.0,31571.6,Secondary / secondary special,Married,Working,-13982,-1141,,,0.8072053658965703,0.3876309916828596
103916,0,F,N,Y,1,144500.0,517800.0,32871.4,Secondary / secondary special,Married,Commercial associate,-24827,-1541,,,0.38852379911018226,0.8304607541128396
103917,0,F,N,N,1,113800.0,642300.0,33137.3,Lower secondary,Single / not married,Commercial associate,-19815,-1900,,,0.5694053308544709,0.5354152640446913
103918,0,F,N,Y,2,204400.0,704800.0,25352.7,Incomplete higher,Married,State servant,-17811,-4290,,,0.7230032548487815,0.576102946040182
103919,0,M,N,N,0,160100.0,311600.0,16894.1,Secondary / secondary special,Married,Working,-16399,-285,,,0.589274909015583,0.6962002837846017
103920,0,F,N,Y,1,87800.0,185500.0,7194.5,Secondary / secondary special,Single / not married,Working,-16295,-836,,0.5999043911049904,0.6610577838312879,0.39869255298557005
103921,0,F,Y,Y,0,140000.0,294200.0,10070.8,Secondary / secondary special,Widow,Commercial associate,-12784,-409,10.2,,0.8250864904366993,0.6691519714368652
103922,0,M,Y,N,0,92400.0,417600.0,15535.7,Secondary / secondary special,Married,Working,-9024,-1603,10.0,0.6551332648451371,0.6520589634371076,0.548288260590647
103923,1,F,N,Y,0,148600.0,616800.0,22791.2,Secondary / secondary special,Civil marriage,Working,-22360,365243,,0.16954972812301403,0.44670247817208675,0.5665132342562664
103924,0,M,Y,Y,0,200200.0,549900.0,21165.1,Secondary / secondary special,Single / not married,Working,-23543,-1938,5.9,,0.7041426032988848,0.6904240371391055
103925,0,F,N,Y,0,160600.0,392600.0,31939.0,Secondary / secondary special,Married,Working,-24755,-2325,,0.5638680335994022,0.8060411523192295,0.42762205409824733
103926,0,F,N,Y,1,179100.0,1083200.0,80731.9,Higher education,Married,Working,-14752,-135,,0.7555588906103471,0.3331927862796735,0.6600536913115019
103927,0,F,Y,Y,2,237000.0,1049800.0,67792.8,Incomplete higher,Married,Working,-24262,-2409,15.8,0.7399798227015736,0.5466932427163314,
103928,1,M,N,N,1,101900.0,582500.0,24791.9,Incomplete higher,Married,Pensioner,-19984,-492,,,0.735408050966152,
103929,0,F,N,Y,0,120900.0,341300.0,18569.2,Higher education,Married,Pensioner,-15070,365243,,0.5215092773670476,0.7762898911349356,0.7904009831484764
103930,0,M,N,Y,2,65500.0,253700.0,12652.5,Secondary / secondary special,Married,Working,-23773,-709,,,0.5656837470495915,0.3059677544520457
103931,1,F,N,Y,1,124100.0,345600.0,13163.5,Secondary / secondary special,Civil marriage,Working,-24650,-794,,,0.5624875402687725,0.5398206872833768
103932,0,F,Y,Y,1,111700.0,256700.0,24082.5,Secondary / secondary special,Married,Pensioner,-17031,365243,14.9,0.6991466455741314,0.5252116214199378,0.8816396532892847
103933,0,F,N,N,0,197700.0,681300.0,24943.3,Secondary / secondary special,Married,State servant,-21338,-10,,,0.6110738076734344,0.7237466176690457
103934,0,F,N,Y,1,181200.0,274600.0,12900.2,Secondary / secondary special,Married,Pensioner,-21285,-548,,,0.5130344632313677,0.48168018814729907
103935,0,F,N,N,0,289300.0,1721300.0,78851.1,Secondary / secondary special,Civil marriage,Working,-18344,-2879,,,0.4788109142794698,0.33087568345605256
103936,0,F,N,Y,1,117500.0,440500.0,28220.0,Higher education,Separated,Pensioner,-15082,365243,,0.7688023158675097,0.891418774217478,0.5353301164017172
103937,0,F,Y,Y,0,176000.0,372700.0,28028.3,Secondary / secondary special,Separated,Commercial associate,-10025,-449,18.3,,0.6391300508713523,
103938,0,F,N,Y,1,205500.0,788100.0,36758.8,Secondary / secondary special,Civil marriage,Working,-25166,-1530,,0.6720879113042149,0.7953619600360294,0.741566918036864
103939,0,F,N,N,0,413000.0,2417100.0,90039.6,Higher education,Married,Working,-8926,-304,,0.7554260338897109,0.799859327786954,0.8409762748184827
103940,0,F,Y,Y,1,179200.0,1126600.0,44858.6,Secondary / secondary special,Married,State servant,-10034,-272,2.8,0.7120941336310604,0.750522929932179,0.6628154088271262
103941,0,F,N,Y,0,144100.0,217400.0,8363.5,Secondary / secondary special,Married,Pensioner,-14241,365243,,,0.2798384529743515,0.9800496944139747
103942,0,F,N,N,2,155800.0,993000.0,59289.4,Secondary / secondary special,Separated,Working,-14657,-1176,,0.776035906221582,0.7460202747670488,0.5546117318979306
103943,0,F,N,Y,0,181600.0,566200.0,25080.3,Secondary / secondary special,Married,Commercial associate,-12353,-1522,,,0.4864779830725978,
103944,0,F,Y,Y,2,273200.0,1375600.0,64561.2,Secondary / secondary special,Married,Working,-9039,-2464,19.3,0.8865849476418061,0.44751916111820106,0.7431745788277999
103945,1,F,N,N,0,121600.0,640100.0,54355.4,Secondary / secondary special,Married,Commercial associate,-23438,-985,,,0.47136784683803823,0.8385326226455376
103946,0,M,Y,Y,0,106900.0,644900.0,31034.5,Higher education,Civil marriage,Working,-16668,-1839,5.3,0.6462436445307579,0.7226754703654201,0.8376556082775725
103947,0,F,N,Y,0,479200.0,1700600.0,169515.4,Secondary / secondary special,Married,Working,-24673,-2348,,0.7016075703230921,0.7732121077972222,0.7042514703011619
103948,0,F,N,Y,0,88700.0,472900.0,19138.1,Secondary / secondary special,Civil marriage,Working,-23062,-44,,,0.5546289595618037,0.7919482117549749
103949,0,M,Y,N,0,216400.0,1066000.0,38374.3,Secondary / secondary special,Separated,Working,-16331,-377,8.6,,0.8122280840360964,0.5075606314241905
103950,0,F,N,Y,2,177600.0,555400.0,20011.5,Secondary / secondary special,Married,State servant,-14476,-314,,,0.7715399258535176,0.7365475822003257
103951,0,F,N,N,0,170200.0,958300.0,58158.0,Incomplete higher,Single / not married,Pensioner,-12141,365243,,0.5135312612874965,0.25080669263614497,0.7851878595977915
103952,0,M,Y,N,0,84800.0,505300.0,22749.2,Secondary / secondary special,Married,Working,-25080,-793,13.9,,0.8050174869904225,0.4791830614501855
103953,1,M,N,Y,0,498400.0,2160200.0,86676.8,Higher education,Married,Working,-18278,-847,,,0.38066684385984895,0.8095458188975302
103954,0,M,N,Y,0,159400.0,891900.0,39104.1,Higher education,Married,Working,-22409,-326,,0.5541158030562676,0.4465412710512284,0.8610444539704368
103955,0,F,N,N,1,116800.0,540100.0,52566.5,Secondary / secondary special,Married,Working,-24933,-1251,,,0.4425460450983694,0.6667025629668831
103956,1,F,Y,Y,1,81000.0,441100.0,21522.9,Higher education,Married,Commercial associate,-11596,-4008,6.9,0.5686330723223335,0.2795461397877433,0.3545944794248526
103957,0,M,Y,Y,0,59600.0,273600.0,13478.9,Lower secondary,Single / not married,Working,-23884,-1695,16.8,0.8589569625005186,0.35597500021714884,0.6405699534291789
103958,0,M,Y,Y,2,202200.0,1003900.0,38332.1,Incomplete higher,Single / not married,Working,-21599,-1327,6.9,,0.7800391928946444,0.5326734770437355
103959,0,F,N,N,1,101000.0,170500.0,6537.4,Secondary / secondary special,Married,Unemployed,-15641,365243,,,0.2664932111324527,0.8600290042437806
103960,0,F,N,Y,1,130500.0,258600.0,11158.0,Secondary / secondary special,Married,Pensioner,-24304,365243,,,0.8022454119181203,0.42217112474187246
103961,0,F,N,Y,0,112300.0,400600.0,30577.5,Secondary / secondary special,Married,Working,-18012,-820,,,0.4208275141323001,
103962,0,F,Y,Y,1,187600.0,1021800.0,48219.0,Secondary / secondary special,Married,Commercial associate,-14572,-2017,9.4,,0.5794943209207564,
103963,0,M,Y,Y,1,175500.0,319100.0,11511.1,Secondary / secondary special,Separated,Working,-10473,-3899,17.6,,0.7237669928294916,
103964,0,F,Y,N,1,206600.0,324000.0,24437.5,Secondary / secondary special,Married,Commercial associate,-20431,-643,6.1,,0.7111733619364,
103965,0,F,N,Y,0,210200.0,544500.0,20056.4,Secondary / secondary special,Single / not married,Working,-21240,-509,,0.5374905881545554,0.5376489593462745,0.3700388387748589
103966,0,F,Y,N,0,106700.0,619000.0,53102.0,Higher education,Separated,Working,-11297,-2988,2.5,0.4042810621526596,0.7010804116057824,0.44639341123492127
103967,0,F,Y,N,0,80300.0,476600.0,16285.6,Secondary / secondary special,Married,Working,-14189,-5829,9.6,,0.8713664978495281,0.5998907502510176
103968,0,F,N,Y,0,137700.0,409200.0,13965.6,Higher education,Married,State servant,-8635,-77,,0.3767929266877522,0.6485685357749923,0.5045949447497736
103969,0,F,N,N,1,185900.0,912600.0,30748.0,Secondary / secondary special,Civil marriage,Commercial associate,-17440,-2323,,,0.7334335057470575,0.867393755682036
103970,0,F,Y,N,0,154600.0,775600.0,46129.8,Secondary / secondary special,Married,Commercial associate,-18190,-1407,1.8,,0.772301051202313,0.6949628175744915
103971,0,M,N,N,0,63500.0,95500.0,3527.8,Higher education,Married,Pensioner,-22541,365243,,0.5779955327563382,0.32127059869247054,0.5935582328099315
103972,0,F,Y,N,1,151100.0,509300.0,30195.1,Secondary / secondary special,Single / not married,Pensioner,-8128,365243,6.5,,0.7402064994596809,
103973,0,F,Y,Y,0,93900.0,211300.0,17580.8,Secondary / secondary special,Separated,Pensioner,-9767,365243,12.0,,0.8113450906373334,0.5563264639009616
103974,0,F,Y,N,0,148700.0,480400.0,25795.5,Incomplete higher,Single / not married,Working,-8223,-1612,15.8,0.6109064547218566,0.6969623242047421,0.6231870745413262
103975,0,F,N,Y,2,227300.0,642400.0,24667.6,Higher education,Single / not married,Working,-24228,-188,,,0.5786070865579099,0.7757549552584684
103976,0,F,N,N,1,48000.0,90300.0,8609.2,Higher education,Single / not married,Pensioner,-16662,365243,,,0.589588657857909,0.6428536618678474
103977,0,F,N,Y,1,290200.0,1866000.0,99146.6,Secondary / secondary special,Married,Unemployed,-11983,365243,,0.6007128581130422,0.7591421996713186,
103978,0,F,N,Y,0,92000.0,368500.0,16706.5,Secondary / secondary special,Married,Commercial associate,-8005,-1430,,0.4461035412533909,0.6886208362492077,0.6857194644349611
103979,0,F,Y,N,0,230500.0,512900.0,19493.1,Secondary / secondary special,Separated,State servant,-9362,-1046,13.5,0.34857832277172296,0.6827563174727551,0.6692337366682721
103980,0,M,N,Y,1,215000.0,574500.0,38330.6,Secondary / secondary special,Married,Commercial associate,-20296,-3931,,,0.7115575877807396,0.6664605965668886
103981,0,F,N,Y,0,128600.0,216600.0,17761.9,Incomplete higher,Civil marriage,Working,-16090,-641,,0.484017942946646,0.6389708157946726,0.5495025653324525
103982,0,F,N,N,0,180700.0,542200.0,38579.4,Secondary / secondary special,Married,Pensioner,-20546,365243,,0.872665619030117,0.5591426908958036,
103983,0,F,N,N,1,107400.0,195700.0,8797.5,Higher education,Single / not married,Pensioner,-12319,365243,,0.4482549411621503,0.7250754637261012,0.631781314373002
103984,0,F,N,Y,1,67700.0,185400.0,8291.2,Secondary / secondary special,Civil marriage,Commercial associate,-15376,-1062,,,0.8003403193798382,0.4559631089338982
103985,0,F,N,N,1,245700.0,903400.0,52526.1,Secondary / secondary special,Civil marriage,Commercial associate,-18607,-602,,,0.6878457340408817,0.5814678758084646
103986,1,F,Y,N,0,108300.0,526200.0,25860.9,Secondary / secondary special,Married,Working,-11392,-1211,19.5,0.5093842035302015,0.5984319300503994,0.3154152626213643
103987,0,F,N,N,0,331200.0,1875500.0,107416.8,Secondary / secondary special,Married,Commercial associate,-12711,-246,,0.4348294191893495,0.727693451407332,
103988,0,F,N,Y,0,219100.0,389000.0,32924.8,Secondary / secondary special,Married,Working,-10152,-1740,,0.3422168041915126,0.622446432634078,
103989,0,M,N,Y,0,100700.0,275200.0,23322.7,Higher education,Married,Commercial associate,-20149,-1193,,,0.6060895425366941,
103990,0,M,N,N,1,191900.0,418000.0,20729.1,Secondary / secondary special,Married,Commercial associate,-17878,-441,,0.7823516083027646,0.9252606721304423,0.7884394666895512
103991,0,M,N,N,0,186800.0,605300.0,21169.4,Secondary / secondary special,Widow,Working,-15466,-1443,,0.5201946350754163,0.515977986060928,0.6881503530978821
103992,0,F,N,Y,0,319700.0,761400.0,40605.7,Secondary / secondary special,Widow,Working,-17616,-196,,,0.8176500057524762,0.8361993323016567
103993,0,F,N,Y,0,118200.0,316300.0,15477.5,Higher education,Married,Working,-10646,-38,,,0.7447743939408168,0.7129626418986434
103994,0,F,N,Y,1,132700.0,807800.0,30864.3,Secondary / secondary special,Single / not married,Commercial associate,-21921,-2963,,0.5624172411903526,0.8150431541322154,
103995,0,F,Y,N,0,179000.0,842600.0,40313.4,Secondary / secondary special,Married,Working,-20915,-51,9.7,,0.4476331622595383,0.6452322010605026
103996,0,F,Y,N,0,148500.0,866100.0,78097.9,Secondary / secondary special,Married,Working,-10861,-443,1.5,,0.6959620060924877,
103997,0,F,Y,Y,1,78800.0,332300.0,18964.9,Higher education,Single / not married,Working,-23198,-2791,19.5,,0.5479168339909157,0.8123760491149778
103998,0,F,Y,Y,1,232500.0,1301800.0,124631.1,Incomplete higher,Single / not married,Working,-14577,-3951,17.9,,0.4396224411330428,0.5816322305799828
103999,0,F,N,Y,0,302300.0,982000.0,34586.5,Academic degree,Single / not married,Pensioner,-15798,365243,,,0.6687628221036551,0.7015192448043044
104000,0,F,Y,N,0,157800.0,429600.0,14515.7,Secondary / secondary special,Married,Commercial associate,-16984,-241,10.1,,0.7553444495047462,
104001,0,M,N,Y,1,83100.0,352700.0,24374.7,Secondary / secondary special,Married,Commercial associate,-21571,-4890,,0.8211259182240968,,0.2497803690096871
104002,0,F,N,Y,1,140000.0,869500.0,41611.6,Secondary / secondary special,Married,Working,-10545,-43,,,0.7913751358611602,
104003,0,M,N,Y,1,97800.0,555000.0,48164.2,Secondary / secondary special,Single / not married,Commercial associate,-12316,-2268,,,0.5117747344098087,0.6656184557991418
104004,0,F,Y,N,1,131100.0,356000.0,24687.1,Secondary / secondary special,Married,Working,-24087,-5282,7.4,,0.8205080314198148,0.6175238068775362
104005,0,F,N,Y,1,160100.0,1004400.0,85465.1,Secondary / secondary special,Married,Pensioner,-24111,365243,,,0.5487374513306443,0.6921987888141691
104006,0,F,N,Y,0,197800.0,815900.0,80951.3,Secondary / secondary special,Married,Working,-21853,-659,,,0.6897935932303662,0.2801548371755991
104007,0,F,N,Y,1,277200.0,999200.0,43322.4,Secondary / secondary special,Married,Commercial associate,-10623,-290,,0.8749528037543943,0.49165340494334747,0.7148820240506769
104008,0,F,Y,N,0,195300.0,574300.0,30669.1,Secondary / secondary special,Married,State servant,-18101,-3515,10.7,,0.3977481606707733,0.6997988235440817
104009,0,F,N,Y,0,91500.0,424200.0,17744.6,Incomplete higher,Single / not married,Pensioner,-15489,-822,,,0.7170008128407338,0.41558910758344647
104010,0,F,Y,Y,0,200200.0,879700.0,29928.2,Secondary / secondary special,Married,Pensioner,-9085,365243,3.4,0.525632804766498,0.29568521158547223,0.7596045303301294
104011,0,F,N,Y,0,129500.0,728400.0,26092.5,Secondary / secondary special,Married,Working,-8994,-1693,,0.560457415774852,0.5142255346668377,0.801930479097557
104012,0,F,N,Y,0,136200.0,827300.0,77163.6,Secondary / secondary special,Widow,Commercial associate,-22692,-1354,,0.9227465926835999,0.7381437545815432,0.7771994756418594
104013,0,M,Y,N,0,146300.0,765500.0,42110.8,Secondary / secondary special,Married,Working,-9256,-2682,7.1,0.5543705057353868,0.5230774221776494,0.5753294949221446
104014,0,F,N,N,0,156500.0,379500.0,13218.3,Secondary / secondary special,Married,Commercial associate,-12428,-2032,,0.528950419218688,0.6531904785133431,0.668104414894455
104015,0,F,Y,Y,0,232300.0,502300.0,17174.2,Higher education,Single / not married,Commercial associate,-10312,-786,19.6,,0.9075790354444293,0.6104157667003604
104016,0,F,N,N,0,184200.0,770000.0,31464.6,Secondary / secondary special,Married,Commercial associate,-17752,-841,,0.6364416850506863,0.8467538796411139,0.7171849557853431
104017,0,F,N,Y,1,86400.0,196000.0,13013.3,Secondary / secondary special,Widow,Unemployed,-20994,365243,,,0.5510791848759793,
104018,0,F,N,N,2,74900.0,343500.0,18454.0,Higher education,Married,State servant,-12319,-490,,0.52997660043731,0.6916466656553931,0.5175178458515026
104019,0,F,Y,Y,1,197300.0,455400.0,29111.0,Secondary / secondary special,Civil marriage,Working,-21381,-1435,17.3,,0.2613227852618387,0.6328636568970096
104020,0,M,Y,Y,0,187700.0,499500.0,33129.5,Secondary / secondary special,Married,Pensioner,-10737,365243,0.6,,0.5925125077746554,0.7394687049026831
104021,0,F,N,N,0,259800.0,498400.0,32846.6,Secondary / secondary special,Married,Pensioner,-13924,-496,,0.700335875138363,0.5720503706228978,
104022,0,F,N,N,0,140900.0,801100.0,33685.1,Secondary / secondary special,Married,Commercial associate,-11928,-306,,0.7209688873671911,0.285616810231239,0.8111603552006521
104023,0,F,Y,N,0,167000.0,742800.0,30842.5,Secondary / secondary special,Married,Working,-15635,-1098,14.8,0.599654615128622,0.7730881498998753,
104024,0,M,N,Y,0,182600.0,590200.0,27588.5,Secondary / secondary special,Married,Working,-24869,-746,,0.656937519265926,0.7714182171788238,0.7973147388455929
104025,0,M,Y,N,0,73200.0,255000.0,8850.6,Secondary / secondary special,Married,Working,-20587,-3026,19.8,,0.5860459811234264,0.6019987547774376
104026,0,M,N,N,0,71300.0,155000.0,6146.1,Incomplete higher,Married,Working,-11277,-1807,,,0.7242275696127773,
104027,0,M,N,Y,0,205100.0,1177200.0,63950.5,Secondary / secondary special,Married,Working,-24613,-596,,,0.8378441406780581,
104028,0,M,Y,Y,0,173900.0,526100.0,19879.6,Secondary / secondary special,Married,Working,-19615,-465,18.1,0.5970035834917514,0.7980124793905056,0.7121482550201715
104029,0,F,N,Y,0,270000.0,501200.0,33758.6,Higher education,Married,Commercial associate,-15632,-870,,0.6472927664764183,0.26491100905090054,0.467662344146173
104030,0,M,Y,Y,1,337600.0,1112700.0,60771.1,Secondary / secondary special,Married,Commercial associate,-23733,-1355,6.0,0.522558712921023,0.42559946225017,0.8559697110970343
104031,0,F,N,N,0,128600.0,349200.0,31587.8,Higher education,Single / not married,Working,-21044,-1476,,,0.7668435993450932,
104032,0,F,N,Y,0,125700.0,444700.0,15713.8,Secondary / secondary special,Widow,Pensioner,-20454,365243,,0.23558063346878738,0.6932430866688958,0.6672288134118024
104033,0,F,N,Y,1,80000.0,464100.0,29904.3,Higher education,Married,Working,-11192,-503,,0.521265558258614,0.5147044960654734,0.8411121355389476
104034,0,F,N,Y,0,185900.0,971200.0,80552.3,Higher education,Widow,Working,-9913,-649,,,0.6679116522596643,
104035,0,F,N,N,1,58300.0,158500.0,6226.6,Secondary / secondary special,Single / not married,Working,-22846,-329,,,0.5244812738313925,0.383349513245495
104036,0,F,N,Y,1,95200.0,295800.0,10236.3,Secondary / secondary special,Separated,Commercial associate,-19594,-92,,,0.8797433216680446,0.624771275458061
104037,0,F,N,N,1,169200.0,620200.0,23159.0,Secondary / secondary special,Married,Working,-21998,-1708,,,0.48401769295092106,0.47284957401163835
104038,0,M,Y,Y,0,109500.0,252700.0,15346.7,Secondary / secondary special,Married,Commercial associate,-21095,-4262,19.8,0.7676292691781024,0.5616379694775178,0.483222729679179
104039,0,F,N,Y,0,144200.0,421800.0,14081.2,Secondary / secondary special,Single / not married,Working,-23503,-778,,0.7548546578064268,0.47138691860637,0.7611159776807372
104040,0,M,Y,N,0,134200.0,408300.0,26312.9,Secondary / secondary special,Married,Working,-14253,-1063,12.3,,0.5658576933059248,0.6912403738576112
104041,0,F,N,Y,0,89300.0,218300.0,14945.2,Secondary / secondary special,Separated,Working,-13809,-1679,,,0.45299264285424423,
104042,0,M,N,N,2,58100.0,166600.0,11888.2,Secondary / secondary special,Separated,Working,-11822,-3794,,0.5899313724303812,0.6472958312676773,0.7913377342422405
104043,0,F,N,Y,0,201800.0,731200.0,71000.5,Higher education,Married,State servant,-9518,-116,,,0.39959530208707367,0.5706094333552116
104044,0,M,N,Y,1,135900.0,779900.0,36074.6,Secondary / secondary special,Married,Commercial associate,-16136,-547,,0.6513497370157549,0.22696244853907183,0.5240577916855252
104045,1,F,N,Y,0,171600.0,840800.0,34034.4,Secondary / secondary special,Married,Working,-16405,-1859,,0.749505054252143,0.778729241342825,0.5845956485770979
104046,0,F,Y,N,0,143400.0,263100.0,11867.6,Incomplete higher,Single / not married,Pensioner,-9676,365243,18.7,0.7388405562116807,0.8066576004057096,
104047,1,F,N,Y,0,142300.0,575200.0,27850.7,Higher education,Single / not married,Commercial associate,-18251,-1251,,,0.5412367271345881,0.3460592466810849
104048,0,F,N,Y,0,158500.0,423900.0,18568.5,Incomplete higher,Single / not married,Working,-14040,-668,,,0.40113502134427914,
104049,1,F,N,Y,0,135100.0,203500.0,7420.5,Secondary / secondary special,Married,State servant,-15669,-1890,,,0.7896328082280089,0.5288350830614408
104050,0,M,Y,N,0,126500.0,547400.0,33847.4,Secondary / secondary special,Widow,Working,-16612,-961,3.2,,0.7056326336059444,0.39278478224482294
104051,1,M,N,N,0,93700.0,233800.0,11977.3,Secondary / secondary special,Married,Working,-13114,-406,,0.4561134343573604,0.24687607213501256,
104052,0,M,Y,N,0,450100.0,2131200.0,75968.3,Higher education,Married,Pensioner,-19680,365243,0.4,0.7608026183473553,0.7473010181628356,0.5274399503792044
104053,0,F,N,Y,1,231700.0,649600.0,42105.9,Higher education,Married,Pensioner,-16608,365243,,,0.7757758793853453,0.5886278537800773
104054,0,F,Y,Y,1,288100.0,780900.0,71347.2,Higher education,Married,Working,-15409,-496,1.0,0.7692454817885314,0.6876038512887845,0.7841850308878853
104055,0,M,Y,N,3,260700.0,1161200.0,69707.6,Secondary / secondary special,Married,Working,-14851,-1658,10.9,0.5475006531291136,0.7846319167565372,0.7670634458477754
104056,0,M,Y,N,0,129900.0,578500.0,24851.6,Secondary / secondary special,Married,Commercial associate,-8085,-1412,19.9,,0.6114367927389717,0.7096504404519283
104057,1,F,N,N,0,135700.0,779400.0,69193.5,Secondary / secondary special,Married,Commercial associate,-21191,-20,,0.25054958797038224,0.41550715689356543,0.45782079705174455
104058,1,M,N,N,0,147500.0,367500.0,26385.1,Secondary / secondary special,Married,Working,-24614,-413,,,0.546391372058366,0.9020486986316395
104059,0,F,N,N,1,125000.0,804300.0,43192.4,Secondary / secondary special,Married,State servant,-9966,-311,,,0.8247178347047012,0.6465234080475345
104060,0,M,N,Y,0,218600.0,731500.0,41794.3,Secondary / secondary special,Widow,Working,-12744,-324,,,0.671584355504906,0.7767347602494113
104061,0,M,N,Y,1,102100.0,648300.0,22788.9,Higher education,Married,Pensioner,-22518,365243,,0.8455458264342159,0.62386453502321,
104062,0,M,Y,N,1,91100.0,207400.0,10070.7,Secondary / secondary special,Married,Pensioner,-20094,365243,16.0,,0.8192896231351215,0.863788909889125
104063,0,F,Y,Y,0,82200.0,514900.0,18543.7,Higher education,Married,Working,-13147,-702,12.5,0.7074471480349843,0.8406948786941124,
104064,0,F,N,Y,0,127300.0,804600.0,44692.6,Secondary / secondary special,Married,Working,-19057,-1150,,0.7422993160460946,0.8029392319833242,
104065,0,F,N,Y,0,119100.0,351600.0,16234.5,Secondary / secondary special,Married,Working,-23751,-2656,,0.6649172137171309,0.5051437159656434,0.6841316665152166
104066,0,M,N,Y,2,111500.0,280500.0,13172.8,Secondary / secondary special,Married,Commercial associate,-11521,-2002,,,0.538731262303753,0.4620239500356405
104067,0,F,Y,N,0,152900.0,690300.0,52233.8,Secondary / secondary special,Single / not married,Commercial associate,-19585,-279,10.9,0.7749165141300566,0.8249152940631435,
104068,0,M,N,N,1,87100.0,190400.0,18491.2,Secondary / secondary special,Married,Pensioner,-21905,365243,,0.3484093096329303,0.48254837283428315,0.7499938178950897
104069,0,M,Y,Y,0,205700.0,612100.0,39806.1,Secondary / secondary special,Married,Working,-9341,-2766,9.7,0.6732064572213606,0.5735161524510144,0.6058000822914537
104070,0,F,N,Y,0,89900.0,576700.0,52282.3,Secondary / secondary special,Widow,Working,-24054,-802,,,,0.9190324182223223
104071,0,F,Y,Y,1,86900.0,462700.0,18572.2,Secondary / secondary special,Married,Working,-24489,-716,13.0,,0.72803903484412,0.5404036067056314
104072,0,F,N,N,0,110200.0,603900.0,22442.2,Secondary / secondary special,Married,Working,-20522,-2150,,0.39412146232228895,0.6976720648951,
104073,0,F,N,Y,2,138400.0,812000.0,48291.8,Higher education,Married,Commercial associate,-16709,-1671,,,0.7148225504276038,0.7757563859976851
104074,0,F,N,Y,1,216900.0,1073000.0,79431.1,Secondary / secondary special,Single / not married,Pensioner,-18258,365243,,,0.7774101294157703,0.31594174049853485
104075,0,F,Y,Y,0,142400.0,723800.0,55719.3,Secondary / secondary special,Married,Pensioner,-19038,365243,11.0,,0.5861700480849549,0.7250308471924453
104076,0,F,N,Y,1,71500.0,369100.0,18284.1,Secondary / secondary special,Married,Working,-10372,-3602,,0.4361380750320724,0.7398295617036733,0.3692336741942079
104077,0,F,Y,Y,0,183400.0,634100.0,33634.8,Secondary / secondary special,Married,State servant,-12840,-1728,10.9,0.6760874372032578,0.6132577405465818,0.9038828853985978
104078,0,F,N,N,1,181800.0,363700.0,12595.5,Secondary / secondary special,Married,Working,-9438,365243,,,0.5586806997740381,0.46611736803794784
104079,0,F,Y,Y,0,113400.0,516000.0,18329.7,Higher education,Married,Unemployed,-14165,365243,3.9,0.8648456777186007,0.6733688073539793,0.6109598812394959
104080,0,F,Y,Y,0,159000.0,874400.0,30171.5,Secondary / secondary special,Married,Working,-20733,-2117,8.0,0.5477900405517863,0.7064395783349653,0.7512285203768455
104081,0,F,N,Y,1,280800.0,750400.0,32545.6,Secondary / secondary special,Married,Working,-23195,-1674,,,0.41128672881857603,0.5812596820616476
104082,0,F,Y,Y,1,99800.0,240700.0,8922.9,Secondary / secondary special,Married,Pensioner,-14179,365243,8.2,0.5680490833004292,0.6509331221475426,0.2770418498820914
104083,0,M,Y,Y,0,226900.0,1426100.0,54547.0,Secondary / secondary special,Widow,Working,-18471,-4537,1.9,,0.5149349652832034,0.6613066275953032
104084,0,F,N,N,3,260300.0,570600.0,35750.7,Higher education,Married,Pensioner,-18098,365243,,,0.6781448088861406,0.6078670787188281
104085,0,F,N,Y,0,159400.0,676500.0,30318.0,Secondary / secondary special,Married,Commercial associate,-15954,-6326,,,0.747219012388133,0.7733928612975746
104086,0,M,N,N,1,84700.0,440900.0,21906.6,Secondary / secondary special,Married,Working,-19841,-951,,,0.8763938474013746,0.5391290500994901
104087,0,F,Y,Y,0,265200.0,523800.0,24489.0,Higher education,Single / not married,Working,-10314,-838,18.3,,0.5565725137721657,0.8202613780401706
104088,0,F,N,N,0,222400.0,957000.0,50937.2,Secondary / secondary special,Single / not married,Working,-8982,-2136,,,0.6229132945446041,0.4467908719502595
104089,0,F,N,Y,0,188500.0,923800.0,61635.5,Secondary / secondary special,Married,Commercial associate,-13771,-599,,0.7616765748962332,0.3109532646625694,0.7346683300816476
104090,0,F,Y,Y,0,143800.0,247100.0,9536.9,Higher education,Married,Working,-24664,-364,8.1,0.68976356249198,0.5541986665457261,0.5521882682772922
104091,1,F,N,Y,0,247900.0,892200.0,68191.3,Higher education,Married,Working,-24380,-111,,,0.23832501406686118,
104092,0,M,Y,Y,0,100500.0,389100.0,25265.1,Secondary / secondary special,Married,Working,-18769,-968,3.0,0.6164870024548633,0.7633122414738016,0.7217023315577824
104093,0,M,N,Y,0,216600.0,926900.0,35226.8,Secondary / secondary special,Married,Working,-17816,-2,,,0.8315366570924276,0.8967292696561426
104094,0,F,N,N,0,127400.0,216400.0,7741.5,Secondary / secondary special,Married,Working,-18771,-688,,0.6169563931916776,0.8501869611264966,
104095,0,F,N,Y,0,69300.0,413500.0,14404.0,Secondary / secondary special,Single / not married,Working,-15198,-200,,,0.5310077983832224,0.30984681299686573
104096,0,F,N,N,1,93700.0,543700.0,18695.2,Secondary / secondary special,Married,Working,-12726,-833,,,0.4969014093347737,0.5640574888331273
104097,0,F,Y,N,1,176600.0,1018300.0,78956.3,Secondary / secondary special,Married,Pensioner,-7767,365243,15.0,0.7694072450765163,0.5166298446672355,0.6576350904754451
104098,0,F,N,Y,1,162800.0,667200.0,32091.4,Secondary / secondary special,Married,Commercial associate,-8006,-1432,,,0.7712274706575496,
104099,0,M,N,N,2,179800.0,978200.0,72014.7,Secondary / secondary special,Married,Working,-24714,-150,,0.7603976831787477,0.6919313794497242,0.46189813288520504
104100,0,M,N,Y,0,124800.0,687200.0,34832.1,Secondary / secondary special,Married,Pensioner,-20724,365243,,0.7293524215506821,,0.625149870702697
104101,1,F,N,Y,0,161900.0,1022500.0,41281.6,Higher education,Single / not married,Working,-19770,-128,,0.40702360197611975,0.6394915663762261,0.4321145823633807
104102,1,M,Y,Y,0,195100.0,1088900.0,36905.8,Secondary / secondary special,Married,Working,-22474,-2556,5.7,0.43974530960225194,0.31073423307143283,
104103,0,F,N,N,2,425900.0,893100.0,30400.0,Higher education,Married,Working,-18311,-69,,,0.416912523733641,0.669756844766858
104104,0,F,N,Y,1,123400.0,273100.0,12671.0,Secondary / secondary special,Married,Working,-19375,-137,,0.8221178872460406,0.7940386763927181,0.8690361339756554
104105,0,M,Y,Y,1,233500.0,944000.0,52906.0,Secondary / secondary special,Widow,Pensioner,-21522,365243,18.7,0.5788258707097625,0.6234111046236225,0.584610887258309
104106,0,F,N,Y,0,197000.0,994300.0,57850.1,Secondary / secondary special,Civil marriage,Working,-9864,-378,,,0.6609500428525128,0.408546560206361
104107,0,M,N,Y,1,155600.0,883300.0,42193.9,Secondary / secondary special,Married,Commercial associate,-10959,-212,,,0.8172656799526719,0.4984128239362652
104108,0,M,N,Y,1,82000.0,127900.0,10358.1,Secondary / secondary special,Single / not married,Working,-17417,-145,,0.5742189379614584,0.7153403906793121,0.743143477469595
104109,0,M,N,Y,0,275300.0,1009800.0,57541.0,Secondary / secondary special,Married,Working,-9368,-2794,,,0.8108197623329018,0.5171383554913708
104110,1,F,N,N,0,164700.0,595800.0,47017.9,Higher education,Married,Commercial associate,-19231,-1256,,,0.5026510840664368,0.40868555068426127
104111,0,F,N,Y,0,112900.0,561400.0,49969.5,Secondary / secondary special,Married,Working,-22260,-804,,,0.5141145251895436,
104112,0,M,N,Y,0,98900.0,422400.0,14457.9,Secondary / secondary special,Single / not married,Working,-22354,-795,,0.696054983743725,0.5522141009654139,0.5844916046283143
104113,0,M,N,N,1,165600.0,913100.0,55842.9,Secondary / secondary special,Separated,Working,-13338,-2444,,0.8167976425883351,0.3840272109560127,0.5054935824348727
104114,0,F,Y,N,0,96600.0,483000.0,24820.8,Higher education,Single / not married,Working,-11223,-4649,7.7,0.5966532446327174,0.8366488122405668,0.8688635441963849
104115,0,M,Y,Y,0,114000.0,444900.0,18598.8,Secondary / secondary special,Single / not married,Pensioner,-24478,365243,5.0,0.8561523910816309,,0.44725766938081485
104116,0,F,N,Y,0,112900.0,303600.0,15031.9,Secondary / secondary special,Married,Commercial associate,-23666,-1116,,0.5079303077422466,0.82467108997491,0.8670487812503788
104117,0,F,Y,Y,0,150400.0,710100.0,25370.4,Higher education,Separated,Pensioner,-13166,365243,17.5,,0.7252603183349601,
104118,0,M,Y,N,0,193000.0,508400.0,18033.6,Secondary / secondary special,Married,Pensioner,-23346,365243,1.1,,0.7310195943047709,0.7056450766686825
104119,0,F,N,Y,0,127600.0,604500.0,38854.4,Secondary / secondary special,Separated,Working,-23116,-1285,,0.67879539631454,0.32701468968733005,0.5973251243244342
104120,0,F,N,Y,1,133800.0,301900.0,16258.4,Secondary / secondary special,Married,Pensioner,-13596,365243,,0.5523506090298498,0.6024985916485895,0.8236674412929772
104121,0,M,Y,Y,0,154600.0,395800.0,28263.1,Secondary / secondary special,Married,State servant,-14037,-312,7.1,,0.6742728350245737,0.5156926010651725
104122,0,M,N,Y,0,105200.0,383800.0,13409.1,Higher education,Married,Working,-24008,-1178,,,0.41769586440681267,0.7100559419626178
104123,0,M,N,Y,0,113100.0,463000.0,41326.2,Secondary / secondary special,Married,Commercial associate,-20676,-1688,,,0.7224405463031077,
104124,0,F,N,N,0,119300.0,747800.0,28620.0,Higher education,Married,Working,-18496,-2355,,,0.7540556401067724,0.6664484632713764
104125,0,M,N,Y,2,167600.0,760500.0,28567.8,Secondary / secondary special,Single / not married,Working,-24376,-1331,,,0.612697580946116,0.31327977715873856
104126,0,F,N,Y,0,303700.0,1100500.0,39911.8,Higher education,Single / not married,Working,-22833,-148,,0.8007810558831556,0.5802200971635709,0.5520701062396093
104127,0,F,Y,N,0,84100.0,474300.0,20622.1,Higher education,Married,Working,-8980,-112,5.9,,0.7076714972581032,0.7804842837219265
104128,0,F,N,Y,0,164000.0,360200.0,17729.5,Incomplete higher,Married,Working,-16415,-230,,,0.7166720547372083,0.8971526133603261
104129,0,M,N,Y,1,132800.0,209000.0,9469.4,Higher education,Married,Commercial associate,-23373,-352,,,0.7032384871449593,0.703314834736925
104130,0,M,N,Y,1,136400.0,378900.0,27404.8,Secondary / secondary special,Married,Working,-9619,-1897,,,,
104131,0,M,N,N,0,118200.0,492200.0,36432.2,Secondary / secondary special,Married,Working,-8936,-1556,,,0.7105443073079979,0.8056363332066038
104132,0,F,N,Y,1,246100.0,1152200.0,44576.7,Secondary / secondary special,Married,Working,-22731,-740,,,0.6419061424340158,0.5779132719658834
104133,0,F,Y,N,1,49400.0,272100.0,13018.6,Secondary / secondary special,Civil marriage,State servant,-21299,-1670,8.0,0.810768526279897,0.5876468542871721,0.6752627824811094
104134,0,F,Y,Y,0,88300.0,398800.0,13923.1,Secondary / secondary special,Married,Pensioner,-10601,365243,18.3,0.7030198777011053,0.9003067514436595,0.5237257334090647
104135,0,F,N,Y,0,240500.0,500400.0,32594.7,Secondary / secondary special,Single / not married,Working,-10845,-3036,,,0.2965954308741462,
104136,0,F,Y,Y,0,248700.0,1357300.0,86727.7,Secondary / secondary special,Married,Pensioner,-22267,365243,3.4,,0.3851764074079267,
104137,0,F,N,Y,0,325100.0,507900.0,25134.4,Secondary / secondary special,Single / not married,Pensioner,-11337,365243,,,0.6486966324364489,0.7070958479932713
104138,0,M,N,Y,0,169100.0,850000.0,73414.3,Secondary / secondary special,Single / not married,Pensioner,-10194,365243,,,0.9156122093834389,0.7874285158287961
104139,0,M,N,N,0,183000.0,751500.0,30240.0,Secondary / secondary special,Married,Pensioner,-23581,365243,,,0.8707476173282002,0.34208008082699193
104140,0,M,Y,Y,0,63700.0,253300.0,18992.1,Higher education,Married,Working,-21784,-761,15.7,,0.39632524469482455,
104141,0,F,N,Y,1,147500.0,770800.0,36278.9,Secondary / secondary special,Civil marriage,Working,-14749,0,,,0.5848772530505421,0.5544112359841032
104142,0,F,Y,N,1,189400.0,325900.0,27216.6,Secondary / secondary special,Married,Pensioner,-18645,365243,4.2,,0.7999420871898286,0.56989435370786
104143,0,F,N,Y,0,118200.0,420000.0,23098.8,Secondary / secondary special,Married,Pensioner,-15215,365243,,,0.5455492908194811,0.7177202747097501
104144,1,F,Y,Y,0,141300.0,877100.0,41424.3,Secondary / secondary special,Married,Working,-12482,-404,2.7,,0.4014507870001478,0.5884729316973536
104145,0,F,N,Y,1,256400.0,402300.0,19524.7,Secondary / secondary special,Married,Commercial associate,-24970,-389,,,0.5303471512735936,0.518221980399384
104146,1,F,N,Y,1,283700.0,1670100.0,56605.8,Secondary / secondary special,Married,Commercial associate,-17236,-1570,,,0.5696924504953493,0.48440784171009577
104147,1,F,N,N,1,164800.0,781600.0,33394.2,Higher education,Married,Working,-18848,-1786,,,0.9389970720012407,0.5716612273312995
104148,0,M,N,N,0,143900.0,869200.0,42065.8,Higher education,Married,Commercial associate,-14828,-1287,,,0.6303980272708407,0.397269662393852
104149,0,F,Y,Y,0,204400.0,353500.0,15323.7,Secondary / secondary special,Married,Working,-16449,-538,18.1,,0.6287820922924888,0.7090025647646268
104150,0,F,N,N,0,124700.0,690400.0,27849.1,Secondary / secondary special,Single / not married,Working,-12714,-874,,,0.7611069870767498,0.7818172963201083
104151,0,F,N,Y,0,235600.0,979400.0,33663.4,Secondary / secondary special,Married,Working,-15196,-401,,0.4468377576639608,0.8083557064926045,0.7429244788936733
104152,0,F,N,N,0,116300.0,318900.0,24633.0,Secondary / secondary special,Single / not married,Working,-18677,-3721,,0.23662794173075824,0.7555525029482103,0.9025716934567822
104153,0,F,Y,N,0,206400.0,795700.0,32768.1,Incomplete higher,Married,Working,-21908,-3755,9.6,0.4900495706177778,0.817322926743311,0.4304928926937426
104154,1,F,N,Y,0,146000.0,892900.0,87056.0,Secondary / secondary special,Married,Working,-21736,-244,,,0.6016614418432907,0.4190975551729374
104155,0,F,N,Y,2,111500.0,412200.0,40703.5,Secondary / secondary special,Married,Working,-7870,-1295,,0.6540375788418701,0.47192684419771225,0.38885805721287564
104156,1,F,N,N,1,173100.0,378100.0,15576.1,Lower secondary,Single / not married,Working,-17048,-1341,,,0.25439168725303435,0.5444258076958229
104157,0,M,N,Y,1,123400.0,225500.0,10694.7,Secondary / secondary special,Married,Working,-14215,-1462,,,0.4742350458943373,
104158,0,F,Y,Y,2,230400.0,362100.0,13931.2,Incomplete higher,Married,Working,-18312,-2962,3.1,,0.6379049194358243,0.314098568360631
104159,0,F,N,Y,0,94100.0,240500.0,13701.3,Secondary / secondary special,Widow,Working,-23127,-1133,,0.5355311339623596,,0.574077649960361
104160,1,F,N,Y,0,162900.0,691800.0,52997.3,Higher education,Married,Pensioner,-21258,365243,,0.6347934656004549,0.6915533003468536,0.60734257601669
104161,0,F,N,Y,0,105900.0,344300.0,15055.6,Secondary / secondary special,Married,Commercial associate,-13468,-23,,,0.5631125102882426,0.7262688339847909
104162,0,F,N,Y,0,252800.0,1485200.0,72749.6,Higher education,Single / not married,Commercial associate,-20629,-1890,,,0.6464662580205637,0.6051958457363198
104163,0,M,Y,N,0,203100.0,1102900.0,69069.0,Higher education,Married,Commercial associate,-9447,-1305,5.0,,0.5123645154007149,0.7614405237501508
104164,0,F,N,Y,0,144300.0,551800.0,28570.8,Secondary / secondary special,Single / not married,Working,-9917,-493,,0.6442631499828447,0.4773999901640566,
104165,0,F,Y,Y,0,146300.0,387900.0,18499.9,Higher education,Widow,Working,-11624,-47,11.8,0.5245511270336995,0.9384551469590892,
104166,0,F,N,Y,1,314300.0,1123200.0,79527.7,Secondary / secondary special,Single / not married,Working,-14678,-215,,0.7376825476679285,0.6374407351890323,0.6325589383417322
104167,0,F,N,Y,1,207200.0,971700.0,39379.2,Secondary / secondary special,Married,Pensioner,-16623,365243,,,0.7343368991280428,0.517684560331189
104168,1,F,N,Y,0,104800.0,169400.0,7648.3,Secondary / secondary special,Married,Commercial associate,-14645,-4191,,,0.4796014803205589,0.5724424984848665
104169,0,F,N,Y,0,224300.0,1333700.0,117834.5,Secondary / secondary special,Civil marriage,Pensioner,-18676,365243,,0.7134646905715191,0.7371226577975203,0.23885404901989077
104170,0,F,N,Y,1,114300.0,545600.0,27265.9,Secondary / secondary special,Married,Pensioner,-9847,365243,,,0.7873983954871075,0.37118770652836286
104171,0,M,Y,Y,1,157800.0,996200.0,64702.6,Secondary / secondary special,Married,Working,-16812,-385,0.7,,0.7152672824231812,0.5413284304082515
104172,0,M,N,Y,0,57300.0,276200.0,9944.2,Secondary / secondary special,Separated,Pensioner,-12446,365243,,,0.7298343795639927,0.7202537455205422
104173,0,M,N,Y,0,212500.0,704100.0,37034.7,Secondary / secondary special,Single / not married,Commercial associate,-14063,-756,,0.5395668900039866,0.7756844612684916,0.33090172382557936
104174,0,F,N,N,0,109000.0,402200.0,31244.2,Secondary / secondary special,Married,Commercial associate,-16592,-3332,,0.313863803210177,0.6230694253578586,0.8432119970770803
104175,0,M,N,Y,0,134100.0,205800.0,8826.2,Secondary / secondary special,Single / not married,Working,-9995,-320,,,0.7423409409693629,0.7642659361823052
104176,0,F,Y,N,1,78700.0,140600.0,9199.1,Higher education,Married,Working,-14476,-525,8.3,0.27068224218618747,0.6304188386293709,
104177,0,F,N,Y,0,159700.0,321800.0,11025.4,Secondary / secondary special,Separated,Working,-21007,-1828,,0.7792114288281864,0.7321003070732733,0.4367911021687411
104178,0,M,N,Y,0,152000.0,527100.0,49238.5,Higher education,Married,Working,-12536,-630,,0.6209788931813235,0.3408445258398408,0.5414784586702386
104179,0,M,N,Y,1,83000.0,243600.0,19295.1,Secondary / secondary special,Married,Working,-21074,-1306,,0.5509984106146559,0.7698162993006334,0.5084371750033666
104180,0,M,N,Y,0,149400.0,523400.0,17529.8,Secondary / secondary special,Married,Working,-11718,-1219,,,0.28198025870680754,0.709143502463212
104181,0,M,N,Y,0,130700.0,461400.0,15930.5,Secondary / secondary special,Married,Working,-20892,-777,,0.7132726731334335,0.7998927133557239,0.5686766639796336
104182,1,F,Y,N,1,255400.0,831200.0,74077.2,Secondary / secondary special,Married,Working,-11078,-1299,14.2,0.2950454445634299,0.7702062909938758,
104183,0,M,N,N,1,107100.0,435800.0,24789.7,Secondary / secondary special,Single / not married,State servant,-24346,-2002,,,0.56371721880858,0.7281708067051176
104184,0,F,Y,Y,0,182700.0,1128700.0,39174.0,Secondary / secondary special,Married,Working,-10366,-1002,7.9,,0.8454436664876234,
104185,1,M,Y,N,0,76000.0,312700.0,20285.1,Secondary / secondary special,Civil marriage,State servant,-25199,-673,2.0,0.8768323000621436,0.6121753562819503,0.48598272740451043
104186,0,M,Y,Y,0,152700.0,855300.0,31457.9,Secondary / secondary special,Married,Commercial associate,-11684,-3002,10.1,0.44089974405526206,0.5397102918817466,0.7571113171683745
104187,0,F,N,Y,0,173000.0,933800.0,45721.9,Higher education,Married,Working,-20121,-1022,,,0.5527159135406301,0.6290785428546468
104188,0,F,N,N,0,176900.0,634600.0,24264.7,Secondary / secondary special,Married,Working,-13019,-264,,,0.6135958364842167,0.4802654932275662
104189,0,F,Y,Y,0,139600.0,376700.0,16187.5,Secondary / secondary special,Single / not married,Working,-9111,-1973,9.5,0.5534121719764343,0.5038800251486967,
104190,0,F,Y,Y,0,321000.0,532300.0,20403.6,Secondary / secondary special,Married,Working,-8106,-178,5.1,,0.6711785239202268,0.8835841638657773
104191,0,F,N,Y,1,125200.0,222700.0,13187.1,Secondary / secondary special,Married,Working,-10252,-78,,0.6893016595144641,0.6566752888249472,0.6971201528009182
104192,0,M,Y,Y,0,182900.0,474700.0,15987.4,Lower secondary,Married,Pensioner,-14824,365243,4.1,,0.6830672483952495,0.6291379072229037
104193,0,F,N,Y,0,127800.0,752200.0,41997.1,Secondary / secondary special,Single / not married,Working,-17842,-1646,,,0.5677464553829482,0.5545527016561292
104194,0,M,Y,Y,0,101000.0,204700.0,19018.0,Secondary / secondary special,Separated,Commercial associate,-16059,-4820,12.9,,0.8485089051275083,
104195,0,F,N,Y,0,86300.0,485600.0,19148.2,Secondary / secondary special,Civil marriage,Working,-18723,-3351,,0.5838274871084663,0.48292515837751104,0.6629795885683752
104196,0,F,N,N,1,97600.0,369500.0,25743.6,Higher education,Single / not married,Commercial associate,-9350,-2775,,0.8744184257531881,0.7958397145291731,0.5916036919352982
104197,0,F,N,N,0,193300.0,913900.0,77095.5,Secondary / secondary special,Married,Unemployed,-19529,-268,,,0.8621614704620104,0.779257095542611
104198,0,M,N,Y,1,267600.0,593800.0,25052.7,Higher education,Single / not married,Working,-21436,-1531,,0.3711311889477897,0.3248587193743224,
104199,0,F,Y,Y,0,193000.0,1055700.0,41247.5,Higher education,Single / not married,Working,-11714,-179,19.3,0.6768727380695289,0.7905412468854777,0.60581120935233
104200,0,F,Y,Y,0,126700.0,246900.0,10893.9,Secondary / secondary special,Married,State servant,-21554,-1002,4.6,0.5850861567910836,0.5867811888364857,
104201,0,F,Y,Y,0,111000.0,456800.0,30645.9,Higher education,Married,Unemployed,-12053,365243,8.5,,0.38067480851839036,0.8573368128976618
104202,0,M,Y,Y,1,158600.0,319600.0,22515.6,Secondary / secondary special,Civil marriage,Pensioner,-15455,365243,10.0,,0.8651438783990739,0.8938012752322185
104203,0,F,N,Y,1,92200.0,532500.0,32742.5,Secondary / secondary special,Civil marriage,Pensioner,-21797,365243,,,0.7263317975650098,0.5098468174889955
104204,0,F,Y,N,1,219200.0,973700.0,40980.1,Secondary / secondary special,Single / not married,Working,-19718,-3181,15.0,0.5646712105174208,0.5525595823339142,0.6658704295967268
104205,0,M,Y,Y,2,173900.0,735300.0,65737.7,Secondary / secondary special,Married,Commercial associate,-16501,-3038,7.7,0.36006680884945197,0.4426775927637008,
104206,0,M,Y,Y,1,95300.0,272900.0,10024.8,Secondary / secondary special,Civil marriage,Working,-14151,-986,10.3,,0.7828346263305904,
104207,0,F,N,Y,0,288100.0,1168300.0,39929.1,Higher education,Married,Commercial associate,-17552,-6219,,0.5265967644442402,0.461455298357713,0.42827420645920006
104208,0,F,N,N,0,85600.0,137200.0,4953.1,Secondary / secondary special,Married,Pensioner,-16782,365243,,,0.6113560461515877,0.4501204193924609
104209,0,F,N,Y,0,150700.0,588400.0,31858.1,Higher education,Married,Working,-24701,-140,,,0.5979457234436003,
104210,0,F,N,N,0,214300.0,551100.0,26826.5,Secondary / secondary special,Married,Commercial associate,-22154,-777,,0.8537800054247942,0.5000396920286193,0.6666772805443627
104211,0,M,N,N,1,204900.0,1221300.0,60217.1,Secondary / secondary special,Married,Pensioner,-9711,365243,,,0.5919510600557663,0.8178310593380338
104212,0,F,N,Y,1,111200.0,318200.0,14501.3,Secondary / secondary special,Married,Working,-14900,-22,,,0.7888699619039151,0.442401338803851
104213,0,F,N,Y,1,122300.0,496100.0,18308.6,Higher education,Single / not married,Commercial associate,-17966,-319,,,0.8121432669240207,0.732293481646181
104214,0,F,N,Y,1,95800.0,145200.0,5316.7,Secondary / secondary special,Married,Pensioner,-20036,365243,,0.799577567887246,0.5932555385274263,0.6918407170039523
104215,0,F,Y,Y,1,162500.0,847300.0,52244.2,Secondary / secondary special,Married,Working,-10779,-3459,15.3,,0.5026329839803972,0.6769848581014303
104216,0,F,N,Y,1,213000.0,490600.0,40149.4,Secondary / secondary special,Single / not married,Working,-22235,-2332,,0.7803885569443572,0.7709764456588762,0.3751717193721367
104217,0,M,Y,Y,0,62400.0,405200.0,19188.2,Higher education,Separated,Working,-18715,-4389,19.2,,,
104218,0,F,Y,N,0,189100.0,560500.0,52037.0,Secondary / secondary special,Civil marriage,Working,-8852,-7,17.6,,0.6054296120618556,0.6005135633034573
104219,0,M,N,Y,0,118000.0,569600.0,24186.3,Secondary / secondary special,Married,Working,-8706,-2131,,0.6047267393080669,0.5618707273709008,0.7804826863161081
104220,0,M,Y,Y,0,141200.0,889500.0,36667.1,Secondary / secondary special,Married,Commercial associate,-19700,-1240,8.5,0.5062941000202102,0.5905617138219267,0.4337063290049454
104221,0,F,N,Y,0,91200.0,481700.0,20561.3,Higher education,Civil marriage,Working,-20916,-667,,,0.5204504920340689,0.7174332831314509
104222,0,F,N,Y,0,111500.0,362200.0,23875.8,Higher education,Married,Commercial associate,-13112,-1901,,0.7962961697644242,0.6071392597581164,
104223,0,F,N,Y,1,361000.0,2203500.0,88673.3,Higher education,Single / not married,Working,-10509,-2742,,0.5824501853882292,0.5714604589640456,0.7365870242999911
104224,0,F,N,Y,0,126500.0,324300.0,20453.5,Secondary / secondary special,Married,Pensioner,-11524,365243,,,0.7288805101014002,
104225,0,F,N,Y,1,146500.0,684500.0,37024.0,Secondary / secondary special,Single / not married,Working,-14546,-1623,,,,0.77563868747768
104226,0,M,N,Y,1,97600.0,510000.0,21265.5,Secondary / secondary special,Married,Commercial associate,-18748,-83,,,0.7831738366601735,0.45223823473768165
104227,0,F,Y,Y,0,470800.0,1546300.0,95410.7,Secondary / secondary special,Married,Working,-10961,-213,10.4,,0.681039798386581,
104228,0,F,Y,N,0,181600.0,1027200.0,37026.3,Lower secondary,Married,Pensioner,-21543,365243,12.1,0.6924827541083548,0.6801409179220362,0.8392684840554951
104229,0,F,N,Y,1,145800.0,563200.0,34090.5,Secondary / secondary special,Married,Working,-12033,-847,,0.6362216198128077,0.7417893351218998,0.5581949709673628
104230,0,F,N,N,1,222800.0,1293900.0,47568.6,Secondary / secondary special,Married,State servant,-21863,-172,,,0.5596699432399973,
104231,0,M,Y,Y,1,172800.0,444600.0,15435.2,Secondary / secondary special,Married,Working,-23870,-676,0.3,0.5367359219187563,0.800007924316901,0.89288776747035
104232,1,F,N,N,1,136300.0,814800.0,46585.5,Secondary / secondary special,Married,Pensioner,-10548,365243,,0.4003691716474696,0.4950665606139937,
104233,0,M,N,Y,2,139000.0,579000.0,52491.1,Secondary / secondary special,Married,Working,-23759,-1966,,,0.8015440047390447,0.5700687852771096
104234,0,M,Y,Y,1,73700.0,268500.0,17808.1,Secondary / secondary special,Married,Working,-20036,-2406,2.1,,0.6205807008932367,0.756151020757956
104235,0,F,Y,Y,0,124900.0,334300.0,13159.0,Secondary / secondary special,Married,Commercial associate,-23224,-1100,18.7,,0.7670106197823824,
104236,0,F,N,N,0,117300.0,236400.0,19858.5,Incomplete higher,Widow,Working,-13750,-885,,0.6664705490791203,0.5252088057974063,
104237,0,F,Y,Y,1,170200.0,503100.0,18288.4,Higher education,Married,Pensioner,-22811,365243,17.1,0.17691578667856447,0.8054146921173122,0.5348059266631127
104238,1,M,Y,Y,0,133900.0,467100.0,21259.6,Incomplete higher,Married,Working,-16029,-1224,18.6,0.5741889934036936,0.6778920625172173,
104239,0,F,N,N,1,200500.0,901400.0,34749.3,Secondary / secondary special,Married,Pensioner,-10995,365243,,0.6460208068986647,0.6494833597305576,0.4456032738301971
104240,0,M,N,Y,1,154000.0,788000.0,31291.9,Lower secondary,Married,Working,-25142,-855,,,0.5047090476929725,0.7174519458477093
104241,0,M,N,Y,0,100900.0,172900.0,6899.4,Secondary / secondary special,Civil marriage,Commercial associate,-24291,-383,,,0.7624051340607098,0.8849034291867558
104242,0,M,N,N,1,287800.0,1800800.0,171688.1,Secondary / secondary special,Single / not married,Commercial associate,-9858,-1966,,0.37308319475347745,0.4558472404594271,0.376935813033813
104243,0,F,N,Y,0,123800.0,339600.0,13705.4,Secondary / secondary special,Married,Commercial associate,-15668,-2326,,,0.7553457822726909,0.667334821920289
104244,0,F,N,N,0,189000.0,924800.0,39263.3,Secondary / secondary special,Married,Commercial associate,-24960,-698,,,0.2755904952237096,0.8301771807709427
104245,0,M,N,N,1,81600.0,451500.0,20490.6,Higher education,Married,Commercial associate,-17285,-1145,,,0.6381673518840767,
104246,0,F,N,N,2,208300.0,747100.0,27527.9,Secondary / secondary special,Married,Commercial associate,-16385,-904,,,0.5511381025760705,
104247,0,M,N,N,0,70500.0,260000.0,12633.8,Secondary / secondary special,Married,Pensioner,-11095,365243,,,0.6314783418694762,0.4555015701001126
104248,0,F,N,Y,0,352100.0,612300.0,28601.2,Secondary / secondary special,Separated,Working,-15025,-104,,0.6946009463237713,0.9052269239791751,0.2896354474167287
104249,1,F,N,Y,0,200400.0,709600.0,34860.1,Secondary / secondary special,Married,Working,-16404,-493,,,0.381796818813375,0.5177711692274921
104250,0,M,Y,Y,0,133500.0,825800.0,33179.4,Higher education,Married,Commercial associate,-20188,-2229,2.9,,0.8204118048842596,
104251,0,F,N,N,0,190400.0,637100.0,22267.0,Secondary / secondary special,Married,Commercial associate,-15560,-329,,0.6569323498227646,0.5414252658848494,0.5283979591807799
104252,0,F,N,Y,0,83300.0,498700.0,22685.3,Secondary / secondary special,Married,Pensioner,-18802,365243,,,0.284105277070694,0.5881673121233396
104253,0,F,Y,N,1,134500.0,673100.0,39434.1,Higher education,Married,State servant,-9450,-122,11.7,,0.9058091806875301,0.8709353047495408
104254,0,F,Y,Y,0,205900.0,1219800.0,60291.6,Higher education,Married,Pensioner,-21060,365243,14.2,0.6941985796157583,0.6002423873801174,0.8139892550988126
104255,0,M,N,Y,0,190600.0,472600.0,16344.7,Secondary / secondary special,Widow,Commercial associate,-7727,-1153,,0.9106188828722124,0.4335726655464959,
104256,0,F,N,Y,0,146800.0,711000.0,52017.8,Secondary / secondary special,Married,Pensioner,-18928,365243,,,0.8317498435465968,0.8643637226904504
104257,0,F,N,N,0,169700.0,338900.0,12049.1,Lower secondary,Married,Working,-22157,-3293,,,0.72290649982042,0.6787148819910966
104258,0,F,N,Y,1,239500.0,942900.0,35402.5,Secondary / secondary special,Married,Working,-21113,-1841,,0.514347283894231,0.7644095104481111,0.6419090621020604
104259,0,M,Y,Y,0,203900.0,1044200.0,60113.8,Secondary / secondary special,Married,Pensioner,-10253,365243,0.8,0.7516381525463116,0.7742490593270924,0.712429164604484
104260,0,F,Y,Y,1,63200.0,145900.0,5295.2,Secondary / secondary special,Married,Pensioner,-22471,365243,15.8,,0.7329212064148697,0.6392611227708191
104261,0,M,N,Y,1,146800.0,923900.0,36984.1,Secondary / secondary special,Separated,Working,-9058,-1173,,0.48633588425691315,0.6663439801773317,
104262,0,M,Y,N,3,148500.0,571600.0,19731.9,Higher education,Married,Pensioner,-8833,365243,12.3,0.5564054076359146,0.28540980210488703,
104263,0,F,N,Y,0,83900.0,313600.0,15547.4,Higher education,Married,Pensioner,-22092,365243,,0.4632208842010808,0.37171283741720246,0.29409534300085305
104264,1,M,Y,Y,1,91600.0,543200.0,22322.1,Secondary / secondary special,Single / not married,Working,-10870,-2013,7.3,,0.6228667756313698,0.2809022064163232
104265,0,M,N,Y,0,288900.0,1675900.0,98205.5,Secondary / secondary special,Married,Working,-15508,-2102,,,0.2101702557512729,0.8061425656752844
104266,0,F,N,Y,0,106200.0,646100.0,36597.3,Higher education,Married,Pensioner,-24091,365243,,0.7672325361422008,0.7580777692259295,0.7403780145652114
104267,0,F,Y,Y,0,121700.0,590100.0,43377.4,Secondary / secondary special,Married,Working,-11333,-1801,2.4,,0.354340149389467,
104268,1,M,N,Y,0,102800.0,494500.0,22990.4,Secondary / secondary special,Married,Working,-21355,-5430,,0.2692889948405366,0.8417121634852884,0.7300352052961138
104269,0,M,N,Y,0,177400.0,469900.0,46637.0,Incomplete higher,Married,Commercial associate,-17916,-167,,0.7721844321875503,0.9020479078136681,0.606894063020807
104270,0,M,Y,Y,0,167000.0,870300.0,30673.7,Secondary / secondary special,Separated,Pensioner,-14782,365243,5.7,0.7610673057269803,0.7535131235415667,0.7151658053424567
104271,0,M,N,Y,0,352300.0,1623300.0,97613.6,Secondary / secondary special,Single / not married,Pensioner,-15721,365243,,0.6686055266950253,0.44111759631979225,0.37495727747764657
104272,0,F,N,N,0,115700.0,372000.0,16572.2,Higher education,Married,Commercial associate,-14863,-2737,,,0.7261859088675517,0.8400706445120396
104273,0,M,N,Y,0,186400.0,1180500.0,40039.9,Secondary / secondary special,Separated,Pensioner,-22174,365243,,0.5760553246530093,0.7473841547739509,0.517267862780738
104274,0,M,N,Y,1,63000.0,247700.0,13483.1,Secondary / secondary special,Married,Commercial associate,-21941,-570,,,0.39688869136634775,0.6513060959276569
104275,0,F,N,Y,0,77800.0,398100.0,34831.1,Secondary / secondary special,Civil marriage,Commercial associate,-14217,-3135,,,0.596865861294106,0.5279069228658351
104276,0,F,Y,N,1,268100.0,1294900.0,73965.6,Secondary / secondary special,Married,Working,-19894,-5709,0.5,0.6760334822919946,0.7712528365027195,0.3812018253455675
104277,0,F,Y,Y,0,242100.0,375900.0,12695.5,Secondary / secondary special,Married,Working,-16994,-1234,5.7,,0.926113249926744,0.9216924739226416
104278,0,M,N,N,0,179800.0,680300.0,23332.5,Higher education,Single / not married,Working,-20788,-1348,,,0.9500931443059206,0.5450111105673502
104279,0,F,N,N,0,244500.0,1108800.0,46892.4,Higher education,Married,Working,-8547,-1703,,,0.5401070178478721,0.7257491090143234
104280,0,M,N,N,0,90800.0,590200.0,25012.7,Secondary / secondary special,Separated,Working,-13561,-1307,,0.5109936402620294,0.6459876062767723,0.8165800105911896
104281,0,F,Y,N,0,309800.0,703800.0,35791.7,Secondary / secondary special,Married,Working,-13557,-1292,8.5,0.4648610708758282,0.936491924941491,0.5486372304606304
104282,0,F,N,Y,1,92400.0,453700.0,22575.8,Secondary / secondary special,Separated,Working,-18133,-5203,,0.7562685417553139,0.6355102053508128,0.5629693217076492
104283,0,F,N,N,0,170400.0,627600.0,29797.7,Secondary / secondary special,Married,Commercial associate,-11310,-2317,,0.8223352243209144,0.815184558232254,0.7165439800422106
104284,0,F,Y,N,0,512700.0,1975200.0,110169.0,Secondary / secondary special,Married,Working,-16991,-2522,13.2,,0.5031068136869107,0.680013596081842
104285,0,M,N,Y,0,99000.0,226900.0,8614.4,Secondary / secondary special,Married,Working,-24849,-1313,,,0.6346567947161448,
104286,0,F,N,Y,0,270200.0,1121500.0,39815.9,Higher education,Married,Pensioner,-8432,365243,,0.6419549184106915,0.6525979727004734,0.4851487031317796
104287,0,M,Y,N,1,227500.0,393400.0,14434.6,Higher education,Married,Pensioner,-16496,365243,17.8,,0.5951891920029025,0.5964534846265318
104288,0,F,N,Y,1,115800.0,413500.0,26412.7,Secondary / secondary special,Married,Commercial associate,-10094,-3520,,,0.665949533544293,0.5811837515295188
104289,0,M,Y,N,0,377200.0,1330600.0,94885.8,Higher education,Civil marriage,Working,-17880,-111,13.0,0.7826764666186535,0.5243987556219686,0.3342289938604096
104290,0,F,N,Y,0,97700.0,231300.0,7837.1,Secondary / secondary special,Married,Commercial associate,-11893,-1332,,,0.8020500158553715,0.6704433673243518
104291,0,F,Y,N,0,144900.0,940100.0,71546.0,Secondary / secondary special,Married,Commercial associate,-23493,-1820,1.9,0.5872283486483463,0.8777840920474976,0.45095228179592345
104292,0,F,Y,Y,0,196600.0,995200.0,56979.0,Secondary / secondary special,Married,Working,-13245,-2961,8.9,,0.6868823839961358,0.847206111237555
104293,0,F,Y,N,0,141100.0,885900.0,80492.5,Higher education,Single / not married,Working,-24471,-386,3.5,0.5585524610706856,0.6070470783303857,0.7320132455710546
104294,0,F,Y,Y,0,596500.0,3109200.0,218973.7,Secondary / secondary special,Separated,Working,-7742,-507,10.2,0.46677140736021555,0.7587397558252927,0.5986751109528204
104295,0,M,Y,N,0,83600.0,331900.0,17896.5,Secondary / secondary special,Married,Working,-22258,-68,18.0,,0.41238932085689745,
104296,0,F,N,Y,0,305000.0,1391900.0,124011.0,Secondary / secondary special,Married,Working,-12258,-1310,,,0.6477657222232375,0.4859906376100168
104297,0,F,Y,Y,0,53200.0,124500.0,5795.6,Secondary / secondary special,Married,Working,-11205,-1206,4.2,0.6463083090459238,0.7878237611364605,0.4663832942056468
104298,0,F,Y,Y,0,40100.0,90800.0,4879.2,Secondary / secondary special,Married,Working,-23171,-1623,10.1,0.5377479039288727,0.643107733544221,0.7197524577387268
104299,0,F,Y,Y,0,150800.0,592900.0,31846.5,Secondary / secondary special,Married,Commercial associate,-13006,-425,6.8,0.5811564381627367,0.8058818257641306,0.4243828705209692
104300,0,M,N,N,0,205200.0,516100.0,20436.8,Higher education,Married,Commercial associate,-17906,-1232,,0.6521062514267918,0.8206239433447043,0.5786279065137417
104301,0,F,Y,Y,0,287900.0,1540300.0,86018.0,Secondary / secondary special,Civil marriage,State servant,-20587,-6904,8.5,0.5261404702222603,0.5701638561733959,0.7265784961766204
104302,0,M,N,Y,0,303700.0,906500.0,79739.2,Secondary / secondary special,Married,Working,-15019,-3643,,,0.7666346273265869,0.5355735474683592
104303,0,M,N,N,1,161100.0,312000.0,13182.6,Secondary / secondary special,Married,Pensioner,-9446,365243,,0.49263566111265233,0.4077533230027828,0.4534378481157366
104304,0,F,N,Y,0,184300.0,815900.0,34076.1,Higher education,Married,Working,-23840,-1411,,0.3218603099460668,0.5721327458260116,0.5841516773733415
104305,0,F,Y,Y,0,164300.0,702800.0,34660.9,Secondary / secondary special,Married,Pensioner,-19022,365243,13.3,,0.5751939768599102,
104306,0,F,N,Y,0,292600.0,821000.0,81208.0,Higher education,Single / not married,Commercial associate,-23315,-1422,,0.4841184080679135,0.45562632910624645,0.6519926526129386
104307,0,F,N,Y,0,84500.0,181200.0,6253.4,Secondary / secondary special,Separated,Commercial associate,-21130,-4873,,0.46977765075158634,0.2011935128940573,0.84982734113142
104308,0,F,Y,N,0,109200.0,507000.0,31528.1,Secondary / secondary special,Married,Commercial associate,-21239,-2490,17.8,,0.8225562880910287,
104309,0,M,N,Y,0,216500.0,1126200.0,69857.2,Higher education,Married,Commercial associate,-18012,-2249,,0.6272212049006771,0.48510322489071617,0.7195600272695962
104310,0,F,N,Y,2,236500.0,578300.0,42220.5,Secondary / secondary special,Single / not married,Commercial associate,-7778,-806,,0.31305457864353037,0.6306015563858376,0.7276782042660589
104311,0,F,Y,Y,0,269800.0,1410900.0,62055.8,Secondary / secondary special,Single / not married,Working,-23145,-42,3.5,0.5456769240770415,0.508864439155143,0.5801007164408138
104312,1,M,N,N,1,142700.0,681800.0,31123.7,Secondary / secondary special,Single / not married,Working,-22238,-317,,,0.5483760629216068,0.24185400981128571
104313,0,F,N,Y,2,117700.0,632400.0,22773.0,Higher education,Married,Pensioner,-20416,365243,,,0.838063314862013,0.5510081350451022
104314,0,M,Y,N,0,202100.0,367700.0,16336.8,Secondary / secondary special,Married,Commercial associate,-23066,-2475,10.2,0.7491592768064341,0.41838149607406083,0.46261173764125985
104315,0,F,N,Y,0,89900.0,569100.0,36878.0,Secondary / secondary special,Married,Working,-10899,-1651,,,,0.9155791633574306
104316,0,F,Y,Y,1,311700.0,1495500.0,58198.5,Secondary / secondary special,Married,State servant,-12611,-308,15.3,0.47210986061236837,0.6326389330164202,0.274360751579843
104317,0,M,Y,N,1,117400.0,328000.0,20764.8,Secondary / secondary special,Separated,State servant,-10424,-1525,0.3,0.695278886194241,0.8778268407346205,0.46356618011878437
104318,0,M,Y,Y,1,130000.0,765100.0,27400.6,Secondary / secondary special,Married,Working,-19006,-460,14.1,,0.7844916978833785,0.7308256393955529
104319,0,M,N,Y,0,206500.0,909400.0,75002.2,Secondary / secondary special,Married,Commercial associate,-15356,-27,,,0.376267121173967,0.6048850117535727
104320,0,F,N,Y,0,106200.0,244500.0,13225.5,Secondary / secondary special,Married,Working,-9469,-1625,,0.7556665918149171,0.6833258084612491,0.7660738902317027
104321,0,M,N,N,0,87800.0,506000.0,17096.0,Higher education,Married,Working,-17762,-667,,0.7012120321644021,0.8464958844499345,
104322,0,F,N,Y,1,247400.0,1264400.0,50346.8,Secondary / secondary special,Separated,State servant,-13613,-318,,,0.6536737719685927,0.7225405964885189
104323,1,F,N,Y,0,92100.0,267200.0,15820.7,Secondary / secondary special,Married,Working,-16269,-759,,,0.7682313212156632,0.5198804229736087
104324,0,F,N,Y,1,165500.0,698200.0,28034.6,Secondary / secondary special,Married,Working,-12252,-432,,0.6917527002463618,0.8384374295164047,0.5895830780699617
104325,1,F,N,N,0,148700.0,519800.0,50454.8,Secondary / secondary special,Civil marriage,Pensioner,-10495,365243,,0.46732535407332226,0.7967566011341075,0.48594145435543773
104326,0,F,Y,Y,1,62600.0,96000.0,9269.7,Secondary / secondary special,Married,Working,-15573,-523,13.4,0.42446521007504234,0.5986542045011557,0.5477647007054458
104327,0,F,N,Y,1,91900.0,357400.0,19747.6,Higher education,Married,State servant,-11635,-5060,,0.5522500212235305,0.6856262547789501,0.567986452315693
104328,0,M,N,Y,0,172700.0,462500.0,15856.5,Secondary / secondary special,Married,Working,-14770,-384,,,0.6770216124280088,0.682119327134892
104329,0,M,N,Y,0,256500.0,582800.0,27311.1,Higher education,Married,Working,-14372,-1032,,0.8226702796137977,0.5159810380170013,0.7620733281051275
104330,0,M,N,Y,0,104500.0,205200.0,17073.8,Secondary / secondary special,Married,State servant,-24157,-3291,,,0.6773268257975306,0.4392928148285533
104331,0,F,N,N,0,98800.0,258600.0,11998.7,Secondary / secondary special,Married,Working,-10946,-1600,,0.6260096436281719,0.5969542371842512,0.5924395774747314
104332,0,M,Y,Y,1,195700.0,1036700.0,36965.3,Secondary / secondary special,Married,Commercial associate,-12692,-822,7.2,,0.5549185299244389,
104333,0,F,N,Y,0,211300.0,696000.0,32395.0,Secondary / secondary special,Married,Working,-21553,-1913,,,0.3824724861017887,0.9024871909225787
104334,0,F,N,Y,0,224200.0,492200.0,31425.3,Higher education,Separated,Commercial associate,-12857,-1118,,0.5095705875523323,0.8753281364962001,
104335,0,M,N,Y,0,162600.0,381800.0,12958.5,Higher education,Married,Working,-16090,-225,,0.5367783652681704,0.6806759428774883,0.48023092364140346
104336,1,F,Y,Y,0,116000.0,552300.0,19162.2,Secondary / secondary special,Married,Pensioner,-21028,365243,14.7,0.7425728178092048,0.2835766420740513,0.425725028208501
104337,0,F,Y,Y,1,209500.0,736800.0,37926.5,Secondary / secondary special,Married,State servant,-7747,-1130,12.9,,0.8880454971438895,0.6979791405158128
104338,0,F,N,Y,0,141800.0,653700.0,24438.3,Higher education,Married,Working,-24440,-5045,,,0.6725526023468572,
104339,0,F,N,N,0,199200.0,350800.0,21735.9,Secondary / secondary special,Married,Working,-15784,-1964,,,0.6327227816636575,
104340,0,M,N,Y,0,116600.0,599600.0,41603.6,Higher education,Married,Commercial associate,-20984,-3217,,0.8889776955078583,0.6395119199375148,0.6070509430474823
104341,0,F,N,Y,0,134000.0,846000.0,44451.9,Secondary / secondary special,Married,Unemployed,-23813,365243,,,0.6143074305423084,0.7199896814450286
104342,0,F,Y,N,1,187400.0,1018100.0,36625.2,Secondary / secondary special,Married,Working,-23042,-425,19.7,,0.4300414432534234,0.8614542288571714
104343,1,F,Y,Y,1,58400.0,298300.0,11785.9,Secondary / secondary special,Married,Unemployed,-11533,365243,13.1,,0.4319865389011064,
104344,0,F,N,Y,1,269000.0,670600.0,22415.8,Secondary / secondary special,Single / not married,Pensioner,-17403,365243,,,0.27065395331993175,0.7508249456010201
104345,0,M,Y,Y,1,144000.0,508000.0,19719.9,Secondary / secondary special,Married,Commercial associate,-14869,-1671,13.7,,0.6627021197169094,0.6026426443824059
104346,0,M,N,N,0,41400.0,94300.0,3666.6,Secondary / secondary special,Single / not married,Working,-17003,-1440,,,0.8314396594433058,0.7223175995438229
104347,0,M,N,Y,1,158900.0,843800.0,31343.2,Higher education,Married,Commercial associate,-21338,-4851,,,0.63130338257349,0.6061362323946295
104348,0,M,N,Y,0,121200.0,631600.0,58040.8,Secondary / secondary special,Married,Commercial associate,-13884,-1064,,,0.6645179344044408,0.5030944335908942
104349,0,F,N,Y,0,92100.0,194900.0,8029.9,Secondary / secondary special,Married,Commercial associate,-16036,-875,,,0.6934908724685255,0.4548747127777547
104350,0,M,Y,Y,0,355400.0,1857400.0,160571.2,Secondary / secondary special,Married,Working,-18329,365243,19.4,,0.8349527596904763,
104351,0,F,Y,Y,1,214600.0,934700.0,46791.1,Secondary / secondary special,Single / not married,Commercial associate,-12413,-3798,8.8,,0.8888790345283955,0.4426478702491157
104352,0,F,N,Y,0,137200.0,878600.0,44924.5,Secondary / secondary special,Married,Pensioner,-18305,365243,,,0.8353408118773857,0.8237929854316481
104353,0,M,N,N,0,150900.0,973000.0,38804.6,Secondary / secondary special,Married,Working,-10280,-117,,,0.25015465144887716,0.9042920297489994
104354,0,F,Y,N,0,166100.0,316200.0,10977.0,Higher education,Married,Commercial associate,-18568,-221,17.6,,0.3805005854042427,0.35761827521611234
104355,0,M,Y,Y,2,70800.0,402400.0,29926.9,Higher education,Married,Working,-10181,-3212,13.6,0.6882689096034229,0.47816800036730017,0.5984984900805868
104356,0,M,Y,Y,0,480700.0,1106900.0,38636.1,Higher education,Single / not married,Working,-21269,-172,2.0,,0.7653906658611777,0.4775708896211386
104357,0,M,N,Y,0,150200.0,638300.0,26381.2,Secondary / secondary special,Married,Working,-11071,-365,,0.5476983195746783,0.5873085877304465,0.36917701607692893
104358,0,F,N,Y,0,332300.0,1337700.0,60132.0,Secondary / secondary special,Married,Working,-18997,-393,,,,0.578169457917138
104359,0,F,N,Y,0,100500.0,288400.0,11636.2,Secondary / secondary special,Married,Commercial associate,-17859,-809,,,0.5986418411974135,0.2354172292793351
104360,0,M,N,Y,1,191800.0,980200.0,68161.5,Higher education,Married,Pensioner,-15127,365243,,0.772485193641442,0.8720953663734066,0.6734246902336114
104361,0,F,Y,N,0,86500.0,361500.0,32177.3,Secondary / secondary special,Married,Working,-18986,-821,15.5,,0.6292503045863034,0.8990820941095855
104362,0,F,N,Y,0,40300.0,185800.0,13005.3,Higher education,Married,Working,-22511,-4306,,,0.6162981564976558,0.7823311740725167
104363,0,M,Y,Y,0,221200.0,1096200.0,64242.4,Incomplete higher,Married,Pensioner,-9777,365243,8.8,,0.8845001459520233,0.7134949379427213
104364,0,M,N,N,0,160800.0,566400.0,30479.1,Secondary / secondary special,Civil marriage,Working,-19529,-725,,0.8772364457617886,0.7660829069731653,
104365,0,M,Y,Y,0,116000.0,198000.0,15953.4,Secondary / secondary special,Married,Unemployed,-14860,365243,18.9,,0.7506611618300962,0.8688138235381562
104366,0,F,N,N,0,32200.0,89800.0,3574.6,Secondary / secondary special,Single / not married,Commercial associate,-19485,-3093,,,0.20201837605414033,
104367,0,F,Y,N,0,119200.0,283500.0,13476.0,Secondary / secondary special,Civil marriage,State servant,-23011,-1546,1.2,,0.5585365680829073,0.7102030288885791
104368,0,F,N,Y,0,166600.0,877400.0,37783.9,Secondary / secondary special,Married,Commercial associate,-19115,-793,,0.5456810892569888,0.6720691041578016,
104369,0,F,Y,Y,1,90700.0,249300.0,21301.1,Secondary / secondary special,Single / not married,State servant,-10472,-2132,3.7,,0.45995445726411194,0.5302550007470416
104370,0,F,N,Y,0,156300.0,519900.0,25985.2,Higher education,Married,Commercial associate,-14965,-1150,,0.2996021087172873,0.6983203654967682,0.2780036470742695
104371,0,F,Y,N,1,110700.0,413000.0,15021.3,Secondary / secondary special,Married,Working,-17303,-612,16.3,,0.6942618477426669,0.4543427128703223
104372,1,F,N,Y,0,85800.0,487000.0,17899.7,Secondary / secondary special,Widow,Pensioner,-9894,365243,,0.5497890564599309,0.5832709048653196,
104373,0,F,N,N,1,138100.0,790300.0,32896.2,Secondary / secondary special,Married,Working,-18954,-526,,,0.7542034361141764,
104374,0,F,Y,Y,1,55500.0,144300.0,6523.9,Higher education,Separated,Commercial associate,-20174,-924,15.9,,0.4767608691854346,0.7300213091097134
104375,0,F,Y,N,1,184500.0,653500.0,22937.4,Secondary / secondary special,Civil marriage,Working,-21038,-387,10.2,,0.8986364583606155,0.4920580478417607
104376,0,F,N,Y,0,153900.0,418900.0,34500.3,Higher education,Civil marriage,Pensioner,-9772,365243,,,0.7162616179460298,0.6008019116640892
104377,1,M,N,N,1,193300.0,1233300.0,114069.5,Secondary / secondary special,Married,Pensioner,-20032,365243,,,0.5154078616284739,0.5829670135967379
104378,0,F,N,Y,0,244700.0,1019400.0,41537.1,Higher education,Married,Pensioner,-14090,365243,,0.44414120025803855,0.47702572717400693,0.6366515280165526
104379,0,M,Y,Y,0,131400.0,197600.0,11571.0,Higher education,Married,Working,-11373,-3354,10.1,,0.7091459122545134,0.43471684527099197
104380,1,F,N,N,0,43900.0,85700.0,6770.6,Higher education,Married,Unemployed,-16863,365243,,0.5057625580891553,0.8905173172122951,0.5576281518412883
104381,0,F,Y,Y,0,131200.0,758300.0,26393.3,Higher education,Civil marriage,Pensioner,-17711,365243,2.2,,0.6391723329710276,0.7446965570448976
104382,0,F,Y,Y,0,88000.0,307100.0,29521.5,Secondary / secondary special,Married,Working,-15678,-1,17.7,,0.576267721443434,0.4025966747393655
104383,0,F,N,N,0,280600.0,1691100.0,65563.0,Secondary / secondary special,Married,Working,-22411,-944,,,0.7694585827777425,
104384,0,F,N,N,2,124600.0,600100.0,33232.7,Higher education,Widow,Working,-10401,-251,,0.817438667652394,0.41303845848057585,0.4787999860764225
104385,0,M,Y,Y,0,215000.0,895700.0,50875.0,Secondary / secondary special,Married,Working,-14808,-1237,5.0,,0.8632056753409959,0.8700055168911512
104386,0,M,N,Y,0,284200.0,1584400.0,86805.6,Secondary / secondary special,Civil marriage,Commercial associate,-12351,-943,,,0.8652385204185776,0.7031159145613076
104387,0,F,N,Y,0,105200.0,542000.0,31897.3,Secondary / secondary special,Married,Working,-8525,365243,,0.6485674195385785,0.64026888226375,0.6154411432187807
104388,0,F,N,Y,0,152400.0,672000.0,55241.0,Secondary / secondary special,Married,Working,-13614,-3108,,,0.6413761603570385,0.821445273659703
104389,0,M,Y,Y,0,149900.0,288500.0,11925.8,Secondary / secondary special,Married,Commercial associate,-20259,-1487,9.3,,0.5762200832085436,0.6800135422617456
104390,0,F,N,Y,1,397400.0,2190600.0,107690.3,Secondary / secondary special,Married,Working,-16843,-2528,,0.6799587870454117,0.7728331052091676,0.2823649018201071
104391,0,F,N,Y,0,260300.0,1472400.0,82067.5,Secondary / secondary special,Single / not married,Pensioner,-15011,365243,,0.658050880321387,0.5819996409115549,0.5343028612472578
104392,0,M,N,Y,0,91200.0,544400.0,26343.7,Secondary / secondary special,Married,Working,-15992,-1174,,,0.42928519980650054,
104393,0,F,Y,N,0,111900.0,224700.0,11472.5,Higher education,Married,Commercial associate,-13149,-1672,18.9,0.3151862026647239,0.6958238444805491,0.7116868240325724
104394,0,M,N,Y,0,119500.0,760100.0,50970.0,Secondary / secondary special,Civil marriage,Pensioner,-9812,365243,,0.6210358211421065,0.7282333615258217,
104395,0,F,N,Y,0,102200.0,376900.0,28757.8,Higher education,Married,Working,-18021,-511,,0.7224829685450284,0.5332503103691283,0.582945928278716
104396,1,F,N,N,1,127700.0,330600.0,12718.0,Incomplete higher,Married,Working,-21965,365243,,0.378907664486995,0.8574844928954451,0.419388355668233
104397,0,F,N,N,0,116000.0,586200.0,24131.2,Secondary / secondary special,Married,State servant,-21503,-395,,,0.5761321178123712,0.7150516477443841
104398,0,M,N,Y,2,149700.0,804300.0,58084.0,Secondary / secondary special,Separated,Working,-11761,-898,,0.5884837024384078,0.6300202199838195,0.47517234896738125
104399,0,F,N,N,0,139800.0,210100.0,16889.0,Secondary / secondary special,Separated,Pensioner,-15284,365243,,,0.6545343205086522,0.7908949193962663
104400,0,M,N,Y,0,247500.0,773500.0,36838.7,Higher education,Married,State servant,-17350,-1376,,,0.8482305999934902,0.4991170300962832
104401,0,M,Y,Y,0,104500.0,401500.0,17419.1,Secondary / secondary special,Married,Working,-21738,-1281,16.4,,0.6924136760021061,0.7725231157491959
104402,1,M,Y,Y,2,69500.0,399300.0,18394.1,Secondary / secondary special,Widow,Pensioner,-11115,365243,7.1,0.6537112130495863,0.524557698959595,
104403,0,F,N,Y,0,118000.0,188800.0,12192.7,Secondary / secondary special,Separated,Commercial associate,-9988,-1508,,,0.40743993995780375,0.9582619597378099
104404,0,F,N,Y,0,111800.0,587900.0,23861.9,Secondary / secondary special,Married,State servant,-24003,-221,,,0.8507674284087727,
104405,0,F,N,Y,0,285800.0,1759700.0,123610.0,Secondary / secondary special,Married,Commercial associate,-10225,-2306,,,0.8797261407472171,
104406,0,F,N,N,0,215400.0,1337200.0,66032.5,Secondary / secondary special,Married,Pensioner,-25011,365243,,,0.5811265272348922,0.7401830021538003
104407,0,M,N,Y,0,264100.0,693500.0,50241.6,Higher education,Married,Working,-18171,-1226,,0.6141157796754135,0.5689813985425918,0.5496198213131865
104408,0,F,N,Y,0,227100.0,1041800.0,61265.9,Secondary / secondary special,Single / not married,Commercial associate,-16418,-2186,,,0.43567147363475417,
104409,0,M,Y,Y,0,60600.0,235300.0,11778.7,Secondary / secondary special,Single / not married,Pensioner,-10982,365243,4.2,0.6291392680200073,0.9040243172082721,0.6557234677912102
104410,0,F,N,Y,1,100300.0,459500.0,21423.0,Secondary / secondary special,Married,State servant,-22756,-252,,0.8448919975501407,0.6321505270766279,0.45032718237487873
104411,0,F,Y,N,0,75000.0,317400.0,26092.9,Secondary / secondary special,Civil marriage,Working,-10688,-2554,14.9,0.8872764875858661,0.8315086346373496,0.666923647460507
104412,0,F,N,N,1,298100.0,1795500.0,104787.1,Secondary / secondary special,Married,Working,-14705,-1430,,0.745112435874427,0.7637878065621496,0.5629750239189625
104413,0,M,N,N,0,214900.0,1109600.0,53464.3,Secondary / secondary special,Civil marriage,State servant,-8512,-511,,,0.48427782602422903,0.9093894954198192
104414,0,F,Y,N,1,176200.0,745400.0,28721.0,Incomplete higher,Married,Commercial associate,-8065,-1491,11.3,,0.46785351949129306,
104415,0,F,Y,Y,0,114000.0,739500.0,48750.0,Secondary / secondary special,Widow,Working,-20461,-357,10.1,,0.6468706058316179,0.6815479597773176
104416,0,M,Y,Y,0,120000.0,743200.0,28798.4,Secondary / secondary special,Married,Working,-11312,-352,18.1,,0.7390766741228753,0.6506094332130347
104417,0,F,N,Y,0,100000.0,224900.0,7677.5,Higher education,Married,State servant,-18203,-359,,,0.6442646989666494,
104418,0,F,N,N,0,197300.0,923200.0,40238.5,Secondary / secondary special,Married,State servant,-20352,-14,,,0.7842848172734851,0.57835183710076
104419,0,F,Y,Y,1,154300.0,953500.0,38496.8,Secondary / secondary special,Married,Working,-16292,-1307,19.7,0.5750327179263086,0.6543904323860723,0.7169509430106766
104420,0,F,N,Y,0,201200.0,1151900.0,44241.2,Secondary / secondary special,Married,Pensioner,-19178,365243,,0.507609535201408,0.5612277283684841,0.5973248068942419
104421,0,F,Y,Y,1,177800.0,1061500.0,38845.4,Higher education,Single / not married,Working,-11898,-933,9.5,,0.2912345270280411,0.6340862410302204
104422,1,F,N,Y,0,213500.0,978600.0,81863.6,Secondary / secondary special,Married,Working,-22009,-2841,,,0.5030903907141416,0.2896355394467835
104423,0,F,N,Y,0,185800.0,351300.0,21537.4,Secondary / secondary special,Civil marriage,Pensioner,-11285,365243,,,0.8669542314938947,0.525747310918156
104424,0,F,Y,Y,0,241800.0,383300.0,19044.5,Secondary / secondary special,Married,Working,-18024,-1530,9.3,0.5031132959537339,0.8310309464286812,0.333930496746919
104425,0,F,Y,Y,2,205400.0,617900.0,37001.6,Higher education,Married,Working,-22324,-1156,7.0,0.5734732533232308,0.22694738275812926,
104426,0,F,N,Y,0,116800.0,535100.0,37119.4,Higher education,Married,Working,-21576,-483,,,0.6433275320062747,0.653690280179035
104427,0,F,N,N,0,183500.0,1124400.0,39743.7,Secondary / secondary special,Married,Working,-8569,-1994,,,0.5370998829253624,
104428,0,F,Y,N,1,169300.0,587700.0,23142.0,Secondary / secondary special,Married,Working,-14107,-1552,0.4,0.4589795454080642,0.7041803705641486,
104429,0,F,N,Y,1,135200.0,626500.0,43310.0,Secondary / secondary special,Married,State servant,-22617,-3532,,,0.6916615186525114,
104430,0,F,N,N,0,146100.0,609000.0,41090.0,Secondary / secondary special,Married,Working,-22588,-50,,0.6959864277079044,0.5879270562734542,0.6898898768325102
104431,0,F,Y,N,2,231700.0,621000.0,27418.5,Secondary / secondary special,Married,Commercial associate,-18827,-534,19.2,0.8146000616607046,0.355077198405583,0.6543884627434408
104432,0,M,N,Y,0,187900.0,576500.0,29826.8,Secondary / secondary special,Married,Working,-9573,-641,,0.5853448005533095,0.6201207161082938,0.8664135108093176
104433,0,M,N,N,1,223900.0,753600.0,46648.8,Secondary / secondary special,Married,Pensioner,-14757,365243,,0.6621585460938433,0.6295756374730506,0.45699772531231453
104434,0,F,Y,N,0,150000.0,798400.0,29903.9,Higher education,Married,Commercial associate,-24521,-514,1.2,,0.7095215236707562,0.6090305229340088
104435,0,F,N,Y,0,247100.0,1196600.0,41729.9,Secondary / secondary special,Married,State servant,-9538,-483,,,0.9059979327712953,
104436,0,F,Y,Y,1,208600.0,807700.0,46822.7,Secondary / secondary special,Separated,Working,-21720,-854,13.0,,0.5132727169480761,0.8155991957008071
104437,0,M,Y,Y,0,102500.0,661800.0,28878.5,Secondary / secondary special,Married,Commercial associate,-14995,-2417,18.0,,0.8623323461987495,0.849358123725466
104438,0,F,Y,Y,0,125400.0,375200.0,22457.3,Secondary / secondary special,Separated,Working,-20727,-1227,15.0,,0.394384314942516,0.765384812627161
104439,0,F,N,N,1,100500.0,519200.0,17845.4,Secondary / secondary special,Married,Working,-8622,365243,,,0.646950943357115,0.915880708434398
104440,0,F,N,Y,0,90600.0,186000.0,10278.8,Secondary / secondary special,Widow,Commercial associate,-7851,-1276,,0.7517791870640868,0.6192107560818573,
104441,0,F,N,Y,0,491800.0,1848400.0,130636.5,Secondary / secondary special,Married,Pensioner,-12940,365243,,0.31493344952145397,0.9269629069349201,0.593481443777145
104442,0,F,Y,N,0,312000.0,1682000.0,93573.7,Secondary / secondary special,Married,Working,-22926,-657,15.8,,0.49689412273694555,0.6631844204734815
104443,0,M,N,N,1,247700.0,963700.0,58878.7,Incomplete higher,Married,Commercial associate,-19588,-1765,,,0.6186416623861962,0.7000626692785794
104444,1,M,N,Y,1,180200.0,798100.0,39540.5,Secondary / secondary special,Separated,Commercial associate,-18396,-619,,0.477076374713022,0.25143961499855505,0.47918766460054424
104445,0,F,Y,N,0,115400.0,448800.0,37821.5,Secondary / secondary special,Married,Working,-25161,-748,0.8,0.4627319226043372,0.6083789158859723,0.7392243500688537
104446,0,F,Y,Y,0,89400.0,235000.0,10509.2,Secondary / secondary special,Single / not married,Pensioner,-13759,365243,12.3,0.4880907207420584,0.49979876585920396,0.4320019137905611
104447,0,F,N,Y,0,134000.0,784700.0,30800.0,Secondary / secondary special,Married,Commercial associate,-22576,-1452,,0.5056390927686214,0.8663729948389449,0.6254464422386814
104448,0,F,Y,Y,1,106500.0,513200.0,33627.7,Higher education,Married,State servant,-9592,-1101,16.1,0.5404526231727614,0.6134338038905851,0.4610486867541937
104449,0,F,N,N,0,203100.0,1059400.0,70567.9,Secondary / secondary special,Single / not married,Pensioner,-10663,365243,,0.47512688707607165,0.7910782442124646,0.44032045167766243
104450,0,F,N,Y,0,157700.0,984900.0,59032.0,Secondary / secondary special,Married,Pensioner,-16052,365243,,,0.3943999304873066,0.44731339669197323
104451,1,M,Y,Y,1,216500.0,1074300.0,53013.6,Secondary / secondary special,Single / not married,Working,-24491,-3427,9.9,0.33785994219144583,0.2832164782025926,0.5538742234859734
104452,0,M,N,Y,1,164200.0,299600.0,24841.8,Secondary / secondary special,Single / not married,Pensioner,-20002,365243,,,0.686822534067945,0.6565381869595821
104453,0,M,N,N,0,68800.0,319700.0,15186.8,Secondary / secondary special,Married,Unemployed,-9643,365243,,,0.5996738708805118,
104454,0,M,N,Y,0,136300.0,548700.0,23640.0,Higher education,Married,Working,-24411,-3831,,,0.36259063377594225,
104455,0,F,N,Y,0,175300.0,457100.0,15452.3,Secondary / secondary special,Married,Working,-21094,-1190,,,0.8029555406601739,0.8218505388887712
104456,0,F,N,N,1,166700.0,744500.0,25407.2,Secondary / secondary special,Single / not married,Pensioner,-20584,365243,,,0.7100368038386125,0.5581308904818453
104457,1,F,N,N,1,114700.0,558000.0,34114.6,Secondary / secondary special,Married,Working,-17338,-977,,0.37668857285152235,0.7301006810900712,0.710479715489187
104458,0,F,Y,Y,1,118100.0,507300.0,21744.0,Higher education,Married,Working,-14569,-955,18.3,,0.5792027062666124,0.6703287498976757
104459,0,F,N,Y,0,109200.0,247500.0,10038.4,Secondary / secondary special,Married,Commercial associate,-9596,-513,,0.5214169324748515,0.4767552606727577,0.7885920337228585
104460,0,M,Y,Y,1,69500.0,324900.0,12193.8,Secondary / secondary special,Separated,Pensioner,-18536,365243,17.3,0.5244848830839545,0.23584287712633611,0.7925443967712873
104461,0,F,N,Y,0,145400.0,236200.0,20162.1,Secondary / secondary special,Married,Working,-9908,-2812,,0.24277387812760856,0.6897289507499762,
104462,0,F,N,Y,0,209100.0,480300.0,38144.0,Secondary / secondary special,Married,Working,-18013,-675,,,0.8401620872720236,0.581445032507267
104463,0,F,Y,N,0,118900.0,652900.0,40890.9,Secondary / secondary special,Civil marriage,Working,-17131,-53,12.1,,0.5298900562552762,
104464,0,M,N,Y,0,84200.0,332500.0,21660.3,Higher education,Civil marriage,Working,-18128,-2875,,0.7557549342593551,0.38334712286941663,0.5896861554784357
104465,0,F,Y,N,0,230400.0,1025900.0,40000.3,Secondary / secondary special,Married,Working,-22165,-531,13.8,,0.7000737052858231,0.8338386546156229
104466,0,F,Y,Y,0,271900.0,869000.0,33037.5,Higher education,Married,Commercial associate,-14879,-407,14.0,0.4988541214490625,0.6912272206360595,
104467,0,F,N,N,0,120800.0,523100.0,27029.1,Secondary / secondary special,Married,Pensioner,-15324,365243,,,0.6950361697297355,0.7689078967166543
104468,0,M,N,Y,1,96600.0,163200.0,8363.9,Higher education,Married,State servant,-8721,-1177,,,0.5085196501550744,0.49593627167488247
104469,0,M,Y,Y,0,138000.0,223500.0,10969.6,Secondary / secondary special,Married,State servant,-12714,-2275,12.9,,0.6067625186844158,0.4671644419925467
104470,0,F,N,Y,3,167100.0,1005800.0,94541.4,Secondary / secondary special,Married,Unemployed,-9090,365243,,,0.43628761275321737,0.6451547578036884
104471,1,M,N,Y,0,120300.0,352700.0,19650.2,Higher education,Married,Working,-10155,-781,,0.5666622032849884,0.46898316458829725,0.5532404127378648
104472,0,F,Y,Y,0,72700.0,401200.0,33913.5,Secondary / secondary special,Married,Working,-15152,-423,18.2,0.5826283194808967,0.8894731032111596,0.6767967815391196
104473,0,F,N,Y,1,226900.0,926100.0,73129.3,Secondary / secondary special,Married,Working,-14809,-1211,,,0.7281339280361072,0.6556012395796529
104474,0,F,Y,N,1,164200.0,308100.0,12999.1,Higher education,Married,Commercial associate,-24077,-99,16.7,,0.8866880652568281,0.6351876040578378
104475,0,F,N,Y,1,295700.0,536300.0,25676.8,Secondary / secondary special,Married,State servant,-9762,-1828,,0.7065302509065532,0.7904326737764423,0.6324367111498045
104476,0,M,Y,Y,2,150100.0,271700.0,14524.2,Higher education,Married,Working,-10287,-3713,8.1,,0.46620930006857453,0.3409149197713432
104477,0,F,N,Y,1,285700.0,1146300.0,45524.8,Secondary / secondary special,Married,Commercial associate,-20834,-541,,,0.6305014133988628,0.7296718653523367
104478,0,F,N,N,0,133000.0,421400.0,19489.6,Secondary / secondary special,Civil marriage,Commercial associate,-8062,-1488,,0.5966937762690787,0.552309982157174,0.6638210935685379
104479,1,M,Y,Y,1,112200.0,716900.0,46999.8,Secondary / secondary special,Married,Working,-19082,-477,6.6,,0.706946032276937,0.3553173673356483
104480,0,M,Y,Y,0,117600.0,239600.0,10299.1,Secondary / secondary special,Separated,Pensioner,-20776,365243,18.8,0.8969665161179851,0.8579720768354937,0.4863362801226203
104481,0,F,Y,Y,1,334700.0,1166000.0,74057.2,Secondary / secondary special,Widow,Working,-18697,-983,16.2,,0.8816712528297961,0.483748231794079
104482,0,F,Y,Y,0,135300.0,212400.0,17382.9,Higher education,Married,Working,-12716,-532,17.4,,0.5808294722927714,0.7454601346530702
104483,0,M,N,Y,0,300100.0,1371200.0,47108.4,Higher education,Civil marriage,State servant,-9486,-1060,,,0.713191750773373,
104484,0,F,N,Y,0,119700.0,236100.0,8852.6,Secondary / secondary special,Married,Working,-25100,-755,,,0.36322908069531573,0.6735209693308163
104485,0,M,N,Y,0,79000.0,387400.0,18493.8,Secondary / secondary special,Single / not married,Working,-22736,-2213,,,0.4813769209891157,0.5081128638511188
104486,0,F,N,N,0,201700.0,1027400.0,86226.4,Secondary / secondary special,Married,Pensioner,-20479,365243,,0.6822715867078515,0.5349622118862689,
104487,1,M,N,Y,1,110300.0,709300.0,38323.2,Secondary / secondary special,Single / not married,Working,-10949,-1483,,,0.6552737656911284,0.46737147523868083
104488,0,F,N,Y,0,168800.0,439900.0,20445.4,Secondary / secondary special,Married,Commercial associate,-15224,-1483,,,0.8026740484894885,0.48106626144182163
104489,0,F,Y,Y,0,161200.0,770900.0,46305.2,Secondary / secondary special,Separated,Working,-20114,-372,14.6,,0.8395556684725017,0.4003358284797837
104490,0,F,Y,N,0,160100.0,484900.0,34995.7,Secondary / secondary special,Married,Working,-9448,-485,14.1,,0.6163676652696087,
104491,0,F,Y,N,0,309200.0,934400.0,46381.6,Higher education,Single / not married,Working,-24454,-33,18.8,,0.6293342581062675,
104492,0,M,N,Y,0,165000.0,954200.0,34401.9,Higher education,Widow,Pensioner,-24417,365243,,,0.6025349383210105,0.5293117455178153
104493,1,M,N,N,0,155400.0,925000.0,56571.8,Secondary / secondary special,Civil marriage,Working,-10308,-1101,,,0.6199142944097444,0.6441511225177856
104494,0,F,Y,Y,0,125500.0,357000.0,13008.5,Secondary / secondary special,Married,Unemployed,-11125,365243,15.7,,0.85794964811643,0.39935126335083315
104495,0,F,N,Y,0,187600.0,842600.0,47882.7,Secondary / secondary special,Married,Working,-14053,-358,,,0.6080395185524257,0.4909504452342232
104496,0,F,N,Y,0,180000.0,936200.0,59918.7,Secondary / secondary special,Single / not married,Pensioner,-15571,365243,,0.8691023113768277,0.42441280111169055,0.750375976491037
104497,0,F,Y,N,0,122900.0,392900.0,14397.9,Secondary / secondary special,Married,State servant,-15397,-401,10.6,0.6229241423630486,0.47304401495517584,0.6205870235040379
104498,0,F,Y,Y,0,225000.0,510700.0,43001.2,Secondary / secondary special,Married,Working,-19735,-618,9.6,0.7975797059050902,0.7702411594089514,0.7147930750295448
104499,0,M,N,Y,0,134300.0,749700.0,29647.3,Higher education,Single / not married,Commercial associate,-15914,-2122,,,0.5535108141383686,0.7611620753547982
104500,0,M,N,Y,0,191200.0,786700.0,40312.7,Secondary / secondary special,Separated,Pensioner,-10900,365243,,,0.7580149248750572,0.6832038369739735
104501,0,F,N,Y,1,81100.0,234300.0,20221.2,Secondary / secondary special,Married,Commercial associate,-12246,-4919,,,0.49494472952752067,0.8566620472741044
104502,0,F,N,N,0,222200.0,363900.0,15496.2,Secondary / secondary special,Married,Pensioner,-14879,365243,,,0.36973726846892535,0.46018946499941954
104503,0,F,Y,Y,0,106600.0,617100.0,35461.1,Secondary / secondary special,Single / not married,Working,-16774,-1679,12.2,,0.3991837940420726,
104504,0,F,Y,N,0,199600.0,743300.0,29568.5,Secondary / secondary special,Married,State servant,-23852,-1068,14.5,,0.7805962922694042,0.841659005889305
104505,0,F,Y,Y,0,262100.0,1120000.0,55203.9,Secondary / secondary special,Separated,Commercial associate,-9357,-111,10.0,,0.5638686827754675,
104506,0,F,Y,N,0,177100.0,384400.0,14728.0,Secondary / secondary special,Single / not married,Working,-21771,-271,13.9,0.5474264062788262,0.689843342662659,
104507,1,F,N,N,0,247400.0,473400.0,45196.8,Secondary / secondary special,Married,Commercial associate,-13120,-3120,,0.4069380686043236,0.6463772455326825,
104508,0,F,N,Y,0,90600.0,297200.0,15084.4,Secondary / secondary special,Married,Working,-20416,-127,,0.7953911581551896,0.7387378945606207,0.509962888922617
104509,0,M,Y,Y,0,141900.0,375400.0,18769.3,Secondary / secondary special,Civil marriage,Working,-12198,-300,19.0,0.6673627461038398,0.6203898602880862,0.7874950839363243
104510,0,F,Y,Y,1,110000.0,183900.0,6784.8,Higher education,Married,Working,-14422,-103,0.9,0.44576091912779,0.7593539905250772,0.5671986243841725
104511,0,F,N,Y,0,109400.0,260400.0,9585.7,Higher education,Married,Pensioner,-15441,365243,,0.4676481014906258,0.32775581799469167,0.6224740952041521
104512,0,F,N,Y,1,72400.0,345300.0,17620.1,Secondary / secondary special,Married,Working,-20832,-438,,,0.78222937029739,0.8234956857394699
104513,0,M,Y,N,0,152700.0,420600.0,27108.8,Higher education,Married,Working,-10585,-409,7.6,0.8365380319502229,0.6269284787509626,
104514,0,F,Y,Y,0,224900.0,1423400.0,75694.1,Secondary / secondary special,Separated,Pensioner,-13746,-166,9.0,0.519241999849214,0.7628413314591401,0.5876309625173545
104515,0,F,N,Y,1,260400.0,1563500.0,63806.5,Secondary / secondary special,Married,Pensioner,-16936,365243,,,0.8656168565700384,
104516,0,F,Y,Y,1,91500.0,295400.0,25598.2,Secondary / secondary special,Married,Pensioner,-19199,365243,15.6,0.5159514577097163,0.6174749593520223,0.8314830531982123
104517,0,F,N,Y,0,118700.0,647700.0,21920.9,Secondary / secondary special,Separated,Working,-9003,-309,,0.46952886309546915,0.7723672849648114,0.7971790174499256
104518,0,F,N,Y,0,105500.0,253100.0,11122.8,Secondary / secondary special,Married,Pensioner,-9330,365243,,,0.6400527462968945,0.49630989774488277
104519,0,M,Y,Y,0,102300.0,391400.0,21119.8,Incomplete higher,Married,Working,-20266,-2640,13.3,0.7274450770446309,0.8130789734339067,0.6640268085080405
104520,1,F,N,N,1,128900.0,469900.0,21474.1,Secondary / secondary special,Married,Working,-14089,-1154,,,0.2565780078756515,0.24965175688003324
104521,0,F,Y,Y,0,148600.0,871500.0,31270.5,Secondary / secondary special,Widow,Pensioner,-10573,365243,1.3,0.628177390531548,0.6322964071624976,0.6724381479862255
104522,0,F,Y,Y,0,129200.0,455500.0,25240.5,Secondary / secondary special,Widow,Working,-12284,-1289,19.0,,0.5665111303183239,0.3713118339275045
104523,0,M,Y,Y,1,78700.0,182000.0,12527.1,Higher education,Married,Working,-18158,-1943,7.6,,0.6947597408889269,0.6018627604277487
104524,1,M,N,Y,0,227800.0,1137600.0,48699.2,Secondary / secondary special,Single / not married,Commercial associate,-24383,-6079,,,0.844868835117123,0.4358023969976484
104525,0,M,Y,Y,0,159500.0,750000.0,67573.6,Higher education,Single / not married,Working,-20502,-6200,18.4,,0.6678036048989897,
104526,0,F,Y,Y,0,175800.0,546800.0,31218.6,Secondary / secondary special,Married,Working,-21644,-3321,2.7,0.7954278563031536,0.8317263203836677,0.6957625940114504
104527,0,M,N,Y,0,180400.0,939700.0,66323.9,Higher education,Married,Pensioner,-18337,365243,,0.5270193552881325,0.7512613551836177,0.6400841610153833
104528,0,M,Y,N,0,194300.0,913400.0,36478.6,Secondary / secondary special,Civil marriage,Pensioner,-14177,365243,5.7,,0.6046622035733098,
104529,0,F,N,Y,1,157800.0,358700.0,13197.9,Secondary / secondary special,Married,Unemployed,-24539,365243,,0.6427822104576223,0.6934536334465161,0.3996391697768923
104530,0,F,N,Y,0,101200.0,254100.0,9733.9,Secondary / secondary special,Married,Working,-9095,-540,,,0.6222907756952359,0.3695258414601494
104531,0,M,N,N,0,291200.0,1401100.0,116290.3,Secondary / secondary special,Married,Commercial associate,-21846,-204,,,0.35890709926478587,0.7876981213789936
104532,0,F,N,N,0,196300.0,883500.0,68771.8,Secondary / secondary special,Married,Pensioner,-12198,365243,,0.791493801403043,0.4550922165222226,0.5496531576532822
104533,1,M,N,Y,0,98300.0,164600.0,5754.9,Secondary / secondary special,Married,Working,-18327,-13,,,0.7468584313362375,0.5497719491224333
104534,0,F,Y,N,1,99000.0,275100.0,12273.5,Secondary / secondary special,Married,Working,-24893,-587,14.7,,0.7014753757857974,
104535,0,F,N,N,0,360600.0,708100.0,45737.5,Secondary / secondary special,Married,Working,-22437,-638,,,0.8288012302526729,0.7925248132145485
104536,0,F,N,Y,0,136900.0,872100.0,39694.7,Secondary / secondary special,Widow,Working,-22574,-4498,,,0.6429957190255595,0.4478273508982586
104537,0,M,N,Y,0,108600.0,425200.0,17292.1,Secondary / secondary special,Married,Working,-22100,-904,,,0.6378823946372593,0.7072526444521798
104538,0,M,N,Y,2,116000.0,468000.0,19944.4,Higher education,Married,Commercial associate,-15626,-5999,,,0.7305000246484481,0.7090813214101453
104539,1,F,N,Y,2,180400.0,402700.0,23219.4,Incomplete higher,Married,Commercial associate,-14561,-1174,,,0.4933326581295227,0.22840120426408758
104540,0,F,N,N,0,118900.0,456900.0,20427.6,Secondary / secondary special,Married,Working,-16761,-188,,0.8755905434656286,0.47358109219814354,0.435604664154141
104541,1,F,Y,Y,1,156400.0,988200.0,84027.9,Secondary / secondary special,Civil marriage,Commercial associate,-12668,-96,17.4,0.48482609662645515,0.24892428501822636,0.6257606797801706
104542,0,F,N,Y,0,416300.0,2424700.0,85725.4,Incomplete higher,Married,Working,-16053,-727,,,0.5679475499841683,0.7043000356857384
104543,0,M,N,Y,1,72600.0,283700.0,10904.8,Higher education,Married,Working,-9893,-2101,,0.21516480331012847,0.7971347420326552,0.42801594087833733
104544,0,F,N,Y,0,122700.0,724300.0,26219.3,Higher education,Married,Pensioner,-23318,365243,,0.5113424953762424,0.5628477581117302,
104545,0,F,Y,N,0,151400.0,546300.0,35918.9,Secondary / secondary special,Civil marriage,Working,-20568,-1616,12.1,0.6853814680327733,0.8809574906804732,0.6250768244703223
104546,0,F,N,Y,0,66600.0,303900.0,20604.5,Secondary / secondary special,Civil marriage,Pensioner,-8757,365243,,,0.8470995892930562,
104547,1,M,N,Y,0,185800.0,633900.0,29871.2,Higher education,Married,Working,-19240,-3771,,0.3331586532021666,0.5756910758281423,0.4007475694703388
104548,0,F,N,Y,0,220300.0,1080200.0,61709.7,Secondary / secondary special,Single / not married,Working,-20971,-1898,,0.4924149836518911,0.7428948227647625,
104549,0,M,N,N,0,78800.0,394800.0,28280.1,Secondary / secondary special,Civil marriage,Pensioner,-22776,365243,,0.8558853698988638,0.6350082144979297,0.44511256443937214
104550,0,F,N,N,0,142000.0,286700.0,11048.6,Lower secondary,Separated,Working,-13440,-90,,0.40813412474082966,0.5599144433207905,0.577438223400973
104551,0,F,Y,N,0,159900.0,958300.0,81804.8,Higher education,Widow,Working,-18728,-223,7.4,,0.47615684689679266,0.7699386758538336
104552,0,M,Y,Y,0,190700.0,525000.0,49859.5,Secondary / secondary special,Single / not married,Commercial associate,-12510,-613,11.7,0.556792317246082,0.7894672580839339,0.8254100458460308
104553,0,F,N,Y,0,489400.0,2598600.0,97785.5,Secondary / secondary special,Married,Commercial associate,-22552,-1445,,,0.5499749844583628,0.5008365891806495
104554,0,M,N,Y,0,105500.0,655200.0,45621.0,Higher education,Married,Pensioner,-23013,365243,,,0.15004407300738845,
104555,0,F,N,Y,0,187600.0,556400.0,20209.1,Secondary / secondary special,Civil marriage,State servant,-9012,-1159,,,0.6114044964720842,0.47254701719324543
104556,0,M,Y,Y,0,139100.0,886900.0,41923.7,Secondary / secondary special,Separated,Working,-12668,-1076,6.2,0.7413748663635169,0.7252496910177962,0.6853117279500067
104557,0,M,Y,N,1,128800.0,691800.0,31355.3,Secondary / secondary special,Married,Working,-9472,-1691,6.0,,0.6632999933712121,0.47700816444893696
104558,1,M,N,Y,0,148300.0,766300.0,73579.2,Secondary / secondary special,Married,Commercial associate,-14661,-813,,0.8557498313239428,0.7373381503917668,0.6479429052767663
104559,0,F,N,Y,0,177200.0,359700.0,19101.7,Higher education,Married,Working,-7760,-559,,0.8679524353186705,0.7223103048498197,0.43445175439002365
104560,0,M,N,N,0,147900.0,564500.0,19962.0,Incomplete higher,Married,Commercial associate,-21394,-5471,,0.4254790219846609,0.7478211924634386,0.39672318820031505
104561,0,M,N,Y,0,166700.0,644700.0,25889.3,Secondary / secondary special,Married,Working,-15234,-492,,,0.8074225199865003,0.4102000230503834
104562,0,F,N,N,1,142000.0,848500.0,56014.7,Secondary / secondary special,Married,Pensioner,-17037,365243,,,0.9102124626972949,
104563,0,F,N,Y,1,96600.0,381700.0,35296.7,Secondary / secondary special,Single / not married,Pensioner,-20689,365243,,,0.8296274965690147,0.5131800001266362
104564,0,M,Y,N,2,213500.0,732000.0,57005.2,Secondary / secondary special,Married,Working,-20158,-9,5.1,0.7315037685558384,0.6356836758020844,0.871606026053623
104565,0,F,N,Y,0,233800.0,846800.0,32714.2,Higher education,Married,Working,-13186,-362,,,0.7450784519945893,0.655480503477234
104566,0,M,N,N,0,229000.0,1446900.0,72779.3,Secondary / secondary special,Married,Unemployed,-21393,365243,,,0.4517791380754474,0.5872198697647867
104567,1,M,N,N,0,199500.0,911600.0,46188.1,Higher education,Single / not married,Working,-18904,-1428,,0.7701371760074754,0.4513334291799137,0.5464083050127272
104568,0,F,N,Y,0,103900.0,414600.0,15260.3,Higher education,Married,Working,-11495,-23,,0.4439114808397442,0.7713060889257737,0.7981672533349747
104569,0,F,Y,Y,0,95900.0,510100.0,26693.4,Secondary / secondary special,Married,Working,-8183,-142,7.6,,0.44761275907238623,0.6201672262625637
104570,0,F,Y,Y,1,222400.0,645900.0,34136.6,Secondary / secondary special,Single / not married,Working,-20927,-787,13.4,,0.6731499244509601,0.8150450304960613
104571,0,F,N,Y,1,85700.0,495100.0,43905.4,Incomplete higher,Single / not married,Working,-10574,-381,,,0.8063072988360761,
104572,0,M,N,N,0,108200.0,499400.0,19374.6,Secondary / secondary special,Married,Working,-9644,-609,,0.5966965018072075,0.8395836151005162,0.3979887353943951
104573,0,F,Y,Y,1,386800.0,1091400.0,57751.2,Higher education,Married,Working,-15040,-736,17.1,,0.7671036769544307,0.6217021080365616
104574,0,F,N,N,1,185100.0,367900.0,12765.8,Secondary / secondary special,Widow,Pensioner,-23829,365243,,,,0.7065091469085084
104575,1,M,Y,Y,0,158200.0,634800.0,43762.8,Secondary / secondary special,Married,Working,-20260,-501,1.6,0.6065054124870559,0.2077537599898568,
104576,0,F,N,Y,0,64000.0,340000.0,24656.1,Secondary / secondary special,Married,Pensioner,-21661,365243,,,,
104577,0,M,N,N,0,108900.0,341600.0,33940.6,Secondary / secondary special,Separated,Commercial associate,-12402,-359,,,0.6384221266870197,0.36752983587396587
104578,0,F,Y,Y,0,214500.0,1354600.0,56932.6,Secondary / secondary special,Civil marriage,Working,-22310,-3504,12.3,,0.8337145487488343,
104579,0,F,N,Y,2,75500.0,315500.0,15190.4,Secondary / secondary special,Married,State servant,-14952,-149,,0.35049624129381274,0.8988392742236143,0.8430809460588062
104580,0,F,N,Y,1,176500.0,1015500.0,64835.8,Secondary / secondary special,Civil marriage,Working,-24841,-1581,,0.3773623646486545,0.8560030212771754,0.8158756266488266
104581,0,M,N,Y,0,79100.0,167600.0,10086.2,Secondary / secondary special,Married,Working,-17659,-2244,,,0.7233210684996862,0.694115960979685
104582,0,M,Y,Y,0,111200.0,470000.0,29265.2,Secondary / secondary special,Civil marriage,Commercial associate,-18298,-2,2.1,,0.37801627000903204,0.6386644543242548
104583,0,M,Y,N,1,72500.0,463300.0,26220.6,Higher education,Married,Working,-23714,-769,11.1,0.752399894420919,0.39687977048531703,0.7837335526345723
104584,0,M,N,Y,0,153700.0,564500.0,34994.8,Higher education,Married,Working,-24297,-690,,0.5561610217476515,0.7041574916942999,0.6853855754012582
104585,0,M,N,N,0,68500.0,369300.0,19721.2,Secondary / secondary special,Separated,Pensioner,-7979,-561,,,0.716096800029378,0.6756718160078482
104586,0,M,N,Y,0,141800.0,712600.0,26471.2,Incomplete higher,Civil marriage,Pensioner,-11745,365243,,,0.8034222236295316,0.36887698157394627
104587,0,F,N,Y,0,196300.0,629000.0,30508.1,Secondary / secondary special,Married,Working,-18439,-1854,,,0.8372119287986821,0.7842847930314053
104588,0,M,N,Y,0,161100.0,910400.0,35656.0,Secondary / secondary special,Single / not married,Working,-7733,-42,,,0.8287055053370739,
104589,0,F,Y,Y,0,181500.0,673900.0,31419.0,Secondary / secondary special,Single / not married,Commercial associate,-13237,-410,8.9,,0.7578262337153605,0.7180343452123784
104590,0,M,N,N,1,163000.0,557900.0,35914.8,Higher education,Married,Working,-11112,-592,,,,0.8181075384984382
104591,0,F,N,Y,1,141400.0,681100.0,23178.6,Secondary / secondary special,Married,Working,-16847,-4972,,0.5336107533058811,0.8282110795748284,0.6126003336761813
104592,0,F,Y,Y,0,142800.0,366800.0,26815.3,Higher education,Married,Commercial associate,-18142,-1996,6.3,0.6760449015993657,0.8573235681958326,0.5274354991497042
104593,0,M,Y,Y,0,168000.0,1014200.0,34977.7,Secondary / secondary special,Widow,Working,-10984,-1315,3.2,0.5421613051176076,0.42886045123837413,0.40738943815080014
104594,0,F,N,Y,0,90100.0,165200.0,5751.7,Secondary / secondary special,Married,Working,-17074,-621,,,0.8506959631780081,0.6364028674908858
104595,1,F,N,Y,1,123200.0,737600.0,53889.2,Secondary / secondary special,Married,Commercial associate,-14625,-139,,0.7819089813546392,0.5331086602161348,0.2943295091666536
104596,0,M,N,Y,0,367800.0,1547100.0,116841.3,Secondary / secondary special,Married,Commercial associate,-25043,-352,,0.8216911497634365,0.6683974346932774,0.6181054045751977
104597,0,F,Y,Y,2,183200.0,887600.0,55993.6,Secondary / secondary special,Married,Working,-8811,-1006,10.9,0.5794627263009791,,0.5758918637248576
104598,1,F,N,Y,0,258400.0,1624300.0,73345.8,Higher education,Married,State servant,-22409,-4044,,,0.6205729211766426,
104599,0,F,Y,Y,0,171600.0,1081900.0,58186.6,Secondary / secondary special,Married,Pensioner,-25193,365243,13.2,,0.5408210722093302,0.7835299583285308
104600,0,F,Y,Y,0,105900.0,610300.0,22582.5,Secondary / secondary special,Married,Commercial associate,-17165,-1585,13.1,,0.7979704285361418,0.6540199179316764
104601,0,F,N,Y,1,128400.0,683000.0,23066.1,Higher education,Separated,Working,-19602,-3405,,,0.5823604107938292,0.28153873986186245
104602,0,M,N,Y,0,67200.0,292000.0,15477.3,Secondary / secondary special,Married,Commercial associate,-9913,-849,,,0.47574819675033225,
104603,0,M,N,Y,0,273300.0,718400.0,69833.8,Higher education,Married,Commercial associate,-13820,-1446,,0.40567011484830945,0.6006708802800823,0.21678212250581963
104604,0,M,N,Y,0,220300.0,815300.0,27598.8,Secondary / secondary special,Married,Commercial associate,-10852,-2282,,0.5202358246454348,0.708628030262322,0.618619376454848
104605,0,M,N,Y,0,101100.0,444200.0,24117.0,Secondary / secondary special,Separated,Commercial associate,-17897,-2800,,,0.6868860933672821,0.8317789495732675
104606,0,F,Y,Y,0,207700.0,564300.0,28152.3,Secondary / secondary special,Married,Working,-24186,-1797,2.3,,0.503068639389865,0.4799806177482237
104607,0,M,Y,Y,1,199500.0,900300.0,39950.4,Secondary / secondary special,Married,Working,-8189,-342,2.6,0.6578338496329837,0.5971191341574956,0.36556609185001904
104608,0,F,N,Y,1,152500.0,657900.0,26044.7,Secondary / secondary special,Single / not married,Pensioner,-16338,365243,,,0.6673147368473977,0.7970051496952051
104609,0,F,N,Y,0,182500.0,928900.0,47346.7,Secondary / secondary special,Married,Working,-20355,-168,,,0.5831749786986341,0.6601147422117034
104610,0,M,N,Y,1,190300.0,885700.0,82196.0,Secondary / secondary special,Married,Commercial associate,-15219,-684,,,0.6695063084451321,0.8980643790506029
104611,0,M,N,Y,0,175100.0,1019700.0,45429.6,Secondary / secondary special,Married,Pensioner,-17117,365243,,,,
104612,0,F,Y,Y,2,157600.0,567000.0,29868.2,Secondary / secondary special,Civil marriage,Working,-15611,-713,19.4,,0.4775128886295569,
104613,0,M,Y,Y,0,153100.0,671000.0,32208.2,Secondary / secondary special,Married,State servant,-18145,-515,11.1,0.5407100333883824,0.4731327482808291,0.45370732240439154
104614,0,F,N,Y,0,114100.0,516400.0,33338.9,Secondary / secondary special,Civil marriage,Pensioner,-8872,365243,,0.1962867567323238,0.6295029778339979,
104615,0,F,Y,Y,0,221600.0,717800.0,71129.7,Secondary / secondary special,Widow,Commercial associate,-17256,-52,4.1,,0.5929743420058128,
104616,0,F,N,N,0,359200.0,1727600.0,136819.6,Secondary / secondary special,Single / not married,Commercial associate,-16642,-4861,,,0.8787656231429681,
104617,0,F,N,N,0,89000.0,280500.0,12972.5,Secondary / secondary special,Married,Pensioner,-10858,365243,,0.6904176917771478,0.5708247676394334,0.2609912734367763
104618,1,F,N,Y,1,149600.0,806300.0,35189.7,Secondary / secondary special,Single / not married,Working,-17045,-333,,,0.48953705174944406,0.4261522990932948
104619,0,F,N,Y,0,109700.0,662500.0,53054.0,Secondary / secondary special,Married,Commercial associate,-15790,-574,,,0.5928391779938393,0.5787735748490759
104620,0,F,Y,Y,1,188700.0,521300.0,27814.6,Higher education,Married,Working,-18069,-325,18.9,0.4168762189395397,0.48138968571375784,
104621,0,F,Y,N,0,178400.0,789600.0,34973.0,Secondary / secondary special,Married,Pensioner,-17555,365243,8.8,0.755798900637957,,0.39861265393133327
104622,0,M,Y,Y,0,156500.0,908500.0,49049.2,Secondary / secondary special,Married,Commercial associate,-14763,-1534,1.9,,0.640702816939711,
104623,0,F,Y,Y,0,112900.0,499100.0,20818.9,Secondary / secondary special,Separated,Pensioner,-21365,365243,13.8,0.6742493208570736,0.7653072456101917,0.7584666100545199
104624,0,M,Y,N,0,119000.0,428800.0,14949.6,Secondary / secondary special,Civil marriage,Working,-13937,-595,5.4,,0.7034015447794775,
104625,0,F,Y,Y,0,104600.0,519800.0,31454.2,Higher education,Single / not married,Working,-15989,-83,19.0,,0.5232156638086042,0.7496207591281138
104626,0,F,Y,Y,0,67900.0,238400.0,9218.5,Secondary / secondary special,Single / not married,Pensioner,-15146,-3861,18.0,0.5413456656556406,0.5760406549993276,0.5222670982605304
104627,0,M,Y,Y,2,256000.0,996300.0,67563.7,Higher education,Married,Working,-16188,-511,17.6,0.7832523918542094,0.5787603653538691,
104628,0,F,N,Y,0,199000.0,1286300.0,59668.9,Secondary / secondary special,Civil marriage,Commercial associate,-21699,-1007,,0.601515987448476,0.5988176584693974,0.5637917930955914
104629,0,F,Y,N,0,263200.0,894200.0,32529.5,Secondary / secondary special,Married,Commercial associate,-20112,365243,18.8,,0.650627474548674,0.6059326607104993
104630,1,F,N,Y,3,125900.0,760100.0,27581.0,Secondary / secondary special,Married,Working,-8410,-31,,0.3934694384144128,0.4417756483209965,
104631,0,F,N,Y,0,183600.0,956600.0,52167.8,Secondary / secondary special,Married,Working,-16341,-3199,,0.4802329452330684,0.599411923217305,0.6979855560811584
104632,0,F,Y,Y,0,100600.0,362300.0,13666.0,Secondary / secondary special,Civil marriage,Working,-9857,-317,14.4,,0.3300061267745547,0.48352660089776345
104633,0,F,N,Y,0,114000.0,685200.0,35260.5,Secondary / secondary special,Civil marriage,Pensioner,-20457,365243,,,0.8143178847950263,0.5583043431187217
104634,0,F,N,N,0,370400.0,834500.0,36372.6,Secondary / secondary special,Widow,Working,-24968,-638,,0.7139150285959478,0.6331012995138325,0.8460270949443643
104635,0,F,N,N,0,124500.0,780300.0,37811.3,Secondary / secondary special,Single / not married,Working,-18519,-1444,,,0.7232911086863348,
104636,0,F,Y,N,0,225600.0,1135400.0,53542.4,Secondary / secondary special,Married,State servant,-14329,-958,6.6,0.37578502753360477,0.8061971550726443,
104637,0,F,N,N,0,164900.0,698000.0,61478.6,Secondary / secondary special,Married,Pensioner,-8938,365243,,,0.6721289136860596,
104638,0,M,N,Y,1,78600.0,293800.0,10895.1,Higher education,Married,Commercial associate,-13500,-456,,,0.6355587699742399,
104639,0,F,N,Y,1,138600.0,852400.0,52736.6,Secondary / secondary special,Single / not married,Commercial associate,-16879,-2678,,,0.28286038202878755,0.5060263203503244
104640,0,F,Y,Y,1,174600.0,968900.0,79730.1,Secondary / secondary special,Married,Pensioner,-23113,365243,0.1,0.7079763509519328,0.7022468871478781,
104641,0,F,Y,Y,0,202700.0,861000.0,49984.3,Secondary / secondary special,Married,State servant,-16664,-6,15.3,,,0.40601266709812284
104642,0,F,N,Y,0,65900.0,367500.0,31637.4,Secondary / secondary special,Married,Pensioner,-24929,365243,,,0.6044697494826792,0.6772178402854417
104643,0,F,Y,Y,0,95400.0,409600.0,38856.9,Secondary / secondary special,Civil marriage,Commercial associate,-14142,-1425,8.2,,0.35346723294688104,0.3844849191479193
104644,0,F,Y,Y,2,169300.0,869900.0,49749.8,Secondary / secondary special,Married,Commercial associate,-7678,-968,17.9,0.5822938218490228,0.39911545497691897,0.5767529418920744
104645,0,F,N,N,0,96400.0,451600.0,22635.7,Secondary / secondary special,Married,Pensioner,-18691,365243,,0.5023342138538163,0.42275275016596753,0.7253394704073896
104646,0,M,N,Y,0,254900.0,630600.0,22505.6,Secondary / secondary special,Married,Pensioner,-11512,365243,,0.6206528741068877,0.3198333217082717,0.5466364221921346
104647,0,M,Y,Y,0,143200.0,370500.0,20872.9,Secondary / secondary special,Married,Commercial associate,-11944,-3132,5.5,0.7515308784851511,0.46252701631008725,
104648,1,F,Y,N,0,183300.0,936600.0,35804.8,Secondary / secondary special,Single / not married,Working,-7975,-642,2.5,,0.5092940115596916,0.43145533010379095
104649,0,F,N,Y,1,263800.0,765400.0,34066.8,Secondary / secondary special,Married,Pensioner,-16988,365243,,,0.4473565953672648,0.8348471591414367
104650,0,F,N,Y,0,85300.0,509000.0,26383.1,Secondary / secondary special,Single / not married,Working,-12009,-2889,,,0.5659463176869134,0.693964003797475
104651,0,M,N,Y,0,181300.0,754500.0,68905.3,Higher education,Single / not married,Working,-25102,-5036,,,0.4499753284768504,0.7102235868984866
104652,0,M,N,N,0,156500.0,343200.0,12690.5,Secondary / secondary special,Married,Working,-22320,-355,,0.3614626461862077,0.35880720473582917,0.9342931600272645
104653,0,F,Y,N,0,158600.0,845500.0,37830.4,Secondary / secondary special,Separated,Working,-20314,-446,18.9,0.6132772551748576,0.9223354440366883,0.4223175446355144
104654,1,F,N,Y,0,133200.0,698800.0,48723.3,Higher education,Single / not married,Working,-13874,-528,,,0.5695185290417722,0.4638507250278502
104655,0,F,N,Y,0,158200.0,752100.0,48389.4,Secondary / secondary special,Married,Working,-8925,-1917,,0.5272606383065529,0.7078651358881659,0.6873524252089567
104656,0,M,N,Y,0,39500.0,238800.0,9594.9,Secondary / secondary special,Married,Commercial associate,-19398,-627,,0.7088211835593677,0.8400735948101256,
104657,0,M,N,Y,0,257800.0,1348400.0,51171.2,Higher education,Married,State servant,-8061,-1132,,0.4058629387188887,0.6494470825204636,
104658,0,F,N,N,1,80700.0,432600.0,17637.5,Secondary / secondary special,Married,Working,-15412,-6744,,,0.8689058378842321,
104659,0,F,Y,Y,0,327300.0,1316400.0,92962.8,Secondary / secondary special,Married,Working,-8595,-1340,1.1,0.38416557480646696,0.3597886736703684,0.5536115114538458
104660,0,F,N,N,2,96100.0,511400.0,44593.1,Secondary / secondary special,Single / not married,Working,-17483,-182,,,0.7191327617457061,0.8269914756219461
104661,0,M,Y,N,0,94200.0,342500.0,18269.8,Secondary / secondary special,Separated,Pensioner,-17480,365243,19.2,0.614057456946635,0.7209756449709626,0.8458357104840151
104662,0,M,N,Y,0,176700.0,662000.0,31844.2,Secondary / secondary special,Married,Working,-16973,-1143,,0.49754966777219,0.7364532858970985,
104663,1,F,N,N,1,166400.0,749400.0,36017.8,Secondary / secondary special,Single / not married,Working,-20198,-278,,0.49515835392095303,0.4788877018491031,0.4221490773558286
104664,0,F,N,Y,0,180400.0,953400.0,45350.6,Secondary / secondary special,Married,Working,-11670,-1760,,,0.778059743220207,0.5836922992321304
104665,0,F,Y,Y,1,173300.0,339200.0,14023.2,Secondary / secondary special,Single / not married,Working,-11915,-2046,19.0,0.7634474676369051,0.8635200992503359,0.5552610998966858
104666,0,F,N,N,0,138200.0,542000.0,25377.5,Secondary / secondary special,Civil marriage,Commercial associate,-14966,-879,,0.6017756863041321,0.5767598964158104,
104667,0,M,N,N,0,124800.0,195600.0,13272.1,Secondary / secondary special,Married,Commercial associate,-19991,-929,,,0.612498289300301,0.5006886814692122
104668,0,F,N,N,0,191400.0,767300.0,71100.5,Higher education,Married,Working,-9717,365243,,,0.7599515344372845,0.4148292380087912
104669,0,M,N,Y,0,107900.0,395500.0,20178.5,Higher education,Married,Working,-23201,-2817,,,0.4199213355824513,0.6727632810791955
104670,0,F,Y,Y,0,155400.0,281200.0,20394.3,Secondary / secondary special,Married,Commercial associate,-12092,-227,17.9,0.439023775416531,0.8292561161583355,0.6496283868034339
104671,0,F,N,N,1,68700.0,224800.0,12364.9,Secondary / secondary special,Married,State servant,-9912,-120,,,0.7773835011133292,0.8123357091555969
104672,0,F,Y,Y,1,165100.0,480500.0,32971.8,Secondary / secondary special,Married,Commercial associate,-18171,-527,10.2,,0.3737587794836053,
104673,0,F,N,Y,0,153900.0,918000.0,46689.0,Secondary / secondary special,Married,Pensioner,-12501,365243,,0.348632230681224,0.540385179767974,0.6995126672751225
104674,0,F,Y,Y,0,144600.0,533600.0,36364.5,Secondary / secondary special,Married,State servant,-14836,-291,0.3,0.5654280472120862,0.6280833777565964,0.8189004491055644
104675,0,M,Y,Y,1,317400.0,615000.0,38396.5,Secondary / secondary special,Married,Working,-8741,-406,11.1,,0.7743140086973809,
104676,0,F,N,Y,0,288600.0,1010400.0,73188.4,Higher education,Married,Working,-15822,-420,,0.5275131570548374,0.7919513832085723,
104677,0,F,Y,N,0,222200.0,1046800.0,47790.2,Secondary / secondary special,Married,Commercial associate,-12994,-329,3.1,,0.7044313207040442,0.6359857376535083
104678,0,F,N,Y,1,220100.0,1338600.0,56524.5,Secondary / secondary special,Married,Working,-10647,365243,,,0.6550546450828064,0.5409100118164069
104679,0,F,Y,N,0,154400.0,905300.0,43579.5,Secondary / secondary special,Single / not married,Working,-14443,-310,3.7,,0.3827345177820227,
104680,0,M,N,N,0,169100.0,625000.0,20866.6,Secondary / secondary special,Single / not married,Commercial associate,-21171,-640,,0.44744088660733766,0.7393005918635132,0.5195251661267588
104681,0,M,N,Y,1,178900.0,834600.0,45063.5,Secondary / secondary special,Separated,Commercial associate,-21058,-488,,0.5059009980158082,0.35112665221570083,0.4182857878717621
104682,0,F,N,Y,0,193100.0,1223700.0,89454.4,Secondary / secondary special,Separated,Working,-13990,-4645,,0.48363894165994875,0.5638688874659448,0.6247050705150626
104683,0,M,Y,Y,1,152100.0,341500.0,12887.3,Higher education,Civil marriage,Working,-24750,-1239,13.0,0.41255081292543494,0.3505441316055185,0.6033934794329044
104684,0,M,Y,N,0,188000.0,1112200.0,58292.7,Secondary / secondary special,Single / not married,Working,-9877,-922,11.0,0.6025281539260761,0.6489794200059629,0.7521233381349726
104685,1,M,Y,Y,0,151600.0,869100.0,49379.6,Higher education,Married,Working,-22655,-5406,9.8,0.5500592408864114,0.6920586734700991,0.6752335789811534
104686,1,F,Y,Y,1,178000.0,1081000.0,52057.9,Secondary / secondary special,Married,Working,-24833,-826,2.8,0.6231431074592351,0.5378013997055674,0.6653402507890697
104687,0,F,N,N,2,222600.0,1410000.0,110982.0,Secondary / secondary special,Separated,Working,-17715,-5173,,,0.5243003857990426,0.6440182305469299
104688,0,F,N,Y,0,109600.0,254700.0,9015.7,Higher education,Separated,State servant,-8724,-578,,,,0.6858101270597246
104689,0,M,Y,Y,0,156300.0,672600.0,25430.1,Secondary / secondary special,Married,Working,-23817,-6070,7.5,,0.6951393589136772,0.7398171470672305
104690,0,M,Y,N,0,152400.0,354700.0,12417.3,Higher education,Married,Pensioner,-15331,365243,2.3,,0.5776527932823561,
104691,0,F,N,Y,0,93100.0,265600.0,13618.7,Higher education,Married,State servant,-10683,-208,,,0.6245196295796117,
104692,0,F,Y,Y,0,275400.0,1507000.0,90608.3,Secondary / secondary special,Married,Working,-23298,-2610,14.9,,0.5920326256229267,0.7902084843581028
104693,1,M,Y,Y,0,101600.0,599100.0,46781.8,Secondary / secondary special,Married,Working,-15154,-1604,2.8,0.8390310238062971,0.3285230544095802,0.6642212596451741
104694,0,M,N,N,0,280600.0,1062400.0,45599.3,Secondary / secondary special,Married,Pensioner,-16425,365243,,,0.608881253366477,
104695,0,F,Y,N,0,80500.0,421700.0,28675.6,Secondary / secondary special,Married,Working,-17681,-339,6.8,,0.5210907218215092,0.6383049884372232
104696,0,M,N,N,0,75100.0,189400.0,11784.2,Higher education,Civil marriage,Working,-23564,-1606,,0.6080925576901849,0.6971076859134862,
104697,0,F,Y,N,0,126600.0,476400.0,46287.0,Secondary / secondary special,Civil marriage,Working,-16501,-1320,5.5,,0.6281954209656142,0.3464681928224344
104698,0,F,N,Y,0,176100.0,267800.0,9159.3,Secondary / secondary special,Civil marriage,Pensioner,-23242,-2753,,0.683194455337663,0.4058870441118466,
104699,0,F,N,Y,1,175700.0,947600.0,35271.8,Secondary / secondary special,Married,Pensioner,-10654,365243,,,0.7831935949608118,0.4182010805129049
104700,0,M,N,Y,1,263500.0,746300.0,30691.4,Secondary / secondary special,Married,Commercial associate,-18482,-1620,,0.6819076675854383,0.5282173864374505,0.46263282216360313
104701,0,M,N,N,0,104100.0,174000.0,6922.5,Higher education,Married,Working,-16883,-629,,,0.36539856297318823,0.7938053054180316
104702,0,F,N,N,1,223400.0,727900.0,27333.1,Secondary / secondary special,Married,Commercial associate,-13368,-436,,0.7709602351579613,0.7124152288791572,0.8909100221651106
104703,0,F,N,Y,0,69800.0,229600.0,15921.7,Secondary / secondary special,Widow,Commercial associate,-11396,-887,,0.8517029632665851,0.6973115097323893,
104704,0,F,N,N,1,95300.0,485800.0,25103.9,Secondary / secondary special,Married,Commercial associate,-8896,-2321,,,0.7713798959465108,
104705,1,F,N,Y,0,130800.0,435800.0,23228.0,Secondary / secondary special,Married,Pensioner,-12258,365243,,0.4629953541352671,0.8946093484602519,
104706,0,F,N,Y,2,89800.0,269800.0,24827.0,Secondary / secondary special,Married,Working,-19602,-471,,0.5062779672380533,0.7555401002479276,0.748686142634979
104707,0,F,N,Y,0,188400.0,290300.0,13036.4,Secondary / secondary special,Married,Working,-12547,365243,,0.6118594992718361,0.6624686422615109,0.8278024936433859
104708,0,F,Y,N,0,109900.0,594400.0,47181.1,Secondary / secondary special,Married,Working,-20435,-4856,4.9,,0.42075310197588855,0.7987274772132469
104709,0,F,Y,Y,1,231300.0,431600.0,20143.6,Higher education,Married,Commercial associate,-23013,365243,12.3,0.4518643892158628,0.7752532340499764,0.41038386481903233
104710,1,F,N,Y,0,217700.0,699600.0,28012.9,Secondary / secondary special,Married,Pensioner,-19842,365243,,,0.7031974924940749,0.7688213264391466
104711,0,M,Y,N,0,108700.0,296900.0,24695.3,Secondary / secondary special,Married,Working,-21784,-1298,18.5,0.28619636872858045,0.6878584500466899,
104712,0,F,N,Y,1,125700.0,788800.0,58537.7,Secondary / secondary special,Single / not married,Working,-17719,-806,,,0.5563075948750101,0.8388209581972277
104713,0,F,Y,Y,1,141500.0,641200.0,23388.1,Secondary / secondary special,Married,State servant,-24266,-329,6.8,,0.8226624920627353,0.3300495768855329
104714,0,M,N,N,0,270900.0,445800.0,18178.1,Secondary / secondary special,Civil marriage,Working,-21046,-1332,,0.5008026489233924,0.6083374478048047,0.6020844795076739
104715,0,F,N,Y,0,96400.0,470200.0,18321.3,Secondary / secondary special,Single / not married,Pensioner,-13327,365243,,,0.6815715324482867,0.7545965476730088
104716,0,F,N,Y,0,50600.0,299200.0,22839.2,Secondary / secondary special,Married,State servant,-20352,-3154,,,0.46370328479733763,0.7755113476406355
104717,0,F,N,Y,0,121700.0,589100.0,24852.1,Higher education,Married,Pensioner,-19449,-3640,,,0.9047670050929494,0.3986879578631774
104718,0,F,Y,N,0,97400.0,401100.0,31458.3,Secondary / secondary special,Married,Working,-20844,-1012,8.4,,0.38134184893379897,0.47746428038528094
104719,0,F,Y,Y,0,73900.0,231600.0,12632.0,Higher education,Married,Commercial associate,-13269,-2511,12.7,0.5368500040894267,0.8335213525080415,0.4398883080063896
104720,1,F,N,Y,0,144800.0,665500.0,61465.9,Higher education,Single / not married,Working,-16604,-1052,,0.4808920193888477,0.5686989808152028,0.689452904747282
104721,0,F,N,N,1,86900.0,148300.0,8962.3,Higher education,Separated,Working,-23105,-3848,,,0.5214866967363974,0.32717774765372903
104722,0,F,N,Y,0,171400.0,449800.0,15322.7,Secondary / secondary special,Married,Working,-24776,-3622,,,0.8061633029049113,
104723,0,F,N,N,1,85700.0,522900.0,21865.9,Secondary / secondary special,Married,Working,-13980,-244,,0.7370219623656177,0.4662853329028715,0.3612711193891243
104724,0,F,N,N,0,556200.0,2810800.0,261533.3,Higher education,Civil marriage,State servant,-16203,-2075,,0.5514322061345992,0.715784083955556,0.49010829467067446
104725,0,F,N,N,1,237200.0,468100.0,18468.3,Higher education,Married,Commercial associate,-13470,-704,,0.760434945853419,0.7300404017616519,0.8534035289582272
104726,0,F,N,Y,0,105900.0,513900.0,28904.3,Higher education,Married,Working,-20257,-1291,,0.7538698356273985,0.8538141884934138,0.9201128231282576
104727,0,M,N,Y,2,104100.0,624400.0,39462.3,Lower secondary,Married,Commercial associate,-8350,-1457,,0.8132643444302625,0.8701078255029548,0.4060145904577665
104728,0,F,Y,Y,0,135200.0,656200.0,47425.5,Secondary / secondary special,Married,Commercial associate,-24392,-104,18.3,,0.8022533169286824,0.9064751979716761
104729,1,F,Y,N,0,205100.0,913400.0,49585.5,Secondary / secondary special,Married,Working,-17301,-1001,17.9,,0.7664380529415175,0.3445294151053613
104730,0,F,N,N,0,120400.0,478400.0,31528.6,Higher education,Widow,Working,-12420,-644,,0.7171363474228305,0.3183385502903844,0.5540860249536681
104731,0,F,N,Y,0,87300.0,389000.0,13703.9,Secondary / secondary special,Single / not married,Commercial associate,-8324,-1749,,0.7717921842634555,0.8169807409398055,0.7116951203552065
104732,0,M,N,Y,0,76700.0,449100.0,18695.6,Higher education,Married,Pensioner,-17501,365243,,0.45927633086729763,0.7466962105933369,0.8684265198906526
104733,0,F,Y,Y,1,146000.0,449600.0,15913.7,Higher education,Separated,Working,-17947,-1428,5.0,0.5277140226745485,0.4965314982291387,0.8689129328959071
104734,1,F,Y,N,2,106300.0,569900.0,53257.6,Secondary / secondary special,Married,Pensioner,-19859,365243,6.7,,0.20218915346695907,0.7165561178285049
104735,0,M,N,N,0,167300.0,787200.0,72537.9,Secondary / secondary special,Married,Commercial associate,-16881,-3177,,,0.5049982769140502,
104736,0,M,Y,N,1,56600.0,121900.0,5404.0,Secondary / secondary special,Widow,Working,-16711,-601,19.7,,0.6135028868927058,0.6058085082011039
104737,0,M,N,Y,1,182200.0,490700.0,21991.9,Higher education,Single / not married,Working,-13002,-2631,,,0.767577572698325,0.7475568239268379
104738,0,F,Y,N,0,127500.0,754600.0,30971.0,Secondary / secondary special,Single / not married,Commercial associate,-11072,-1175,4.5,0.8005047527392636,0.4978881982084233,0.5302406159172275
104739,0,F,N,Y,0,66900.0,208800.0,9790.6,Secondary / secondary special,Married,Working,-12070,-2510,,,0.4478354821264221,0.4808325321919018
104740,0,F,N,Y,0,173300.0,614600.0,57417.7,Secondary / secondary special,Married,Working,-14240,-1043,,0.7451988968859887,0.49248676144469755,0.45548130911642704
104741,0,F,Y,Y,1,184300.0,583100.0,24536.0,Higher education,Separated,Pensioner,-21228,365243,13.8,,0.8715171153116137,0.8397478575594042
104742,0,F,Y,Y,0,102400.0,438300.0,16484.9,Secondary / secondary special,Married,Working,-9743,-2842,9.2,,0.42966445231826833,0.3627298804119111
104743,0,M,Y,N,1,197000.0,360600.0,15003.5,Secondary / secondary special,Civil marriage,Working,-18955,-2029,16.3,,0.6615611380245995,0.5973334215555358
104744,0,F,Y,Y,0,79600.0,295200.0,11174.9,Secondary / secondary special,Single / not married,Working,-8335,-122,0.3,,0.3851755245217639,0.7036571527301941
104745,0,F,Y,Y,1,52400.0,209500.0,11104.1,Secondary / secondary special,Married,Working,-8425,-36,12.2,,0.9250385251981171,0.62597355214591
104746,0,F,N,Y,1,136400.0,759900.0,62888.7,Higher education,Civil marriage,State servant,-12467,-326,,,0.5734860113125454,0.7193625323634785
104747,0,F,Y,Y,1,98800.0,253300.0,9061.6,Secondary / secondary special,Separated,Working,-13932,-1327,18.0,0.6092046273918047,,0.8046899217333752
104748,1,F,N,N,1,84100.0,289300.0,11439.5,Secondary / secondary special,Civil marriage,Working,-10999,-2536,,0.3730031871379139,0.8100821321522084,0.2675664824147665
104749,0,M,Y,Y,1,190400.0,787100.0,37940.9,Secondary / secondary special,Married,Commercial associate,-23207,-398,7.5,,0.49249358123123715,0.6336694432116876
104750,0,F,N,Y,0,162200.0,899900.0,70128.0,Secondary / secondary special,Married,Working,-13012,-610,,,0.7735749045118046,0.5507045941176504
104751,1,F,N,Y,2,308100.0,1543500.0,115183.8,Secondary / secondary special,Married,Working,-15881,-65,,,0.46083848998807514,0.3805432906092216
104752,0,F,N,N,0,177700.0,306600.0,22113.4,Higher education,Married,Commercial associate,-25099,-2005,,0.7035209825405649,,0.5287105814403905
104753,0,F,N,Y,1,188900.0,613200.0,46889.7,Secondary / secondary special,Separated,Pensioner,-12121,365243,,,0.5598454797449306,0.3566944823139749
104754,0,F,Y,Y,1,99400.0,257200.0,9739.1,Secondary / secondary special,Widow,Commercial associate,-18518,-1807,3.3,,0.4848477190211386,
104755,0,M,N,Y,0,56200.0,118800.0,6279.1,Secondary / secondary special,Married,Working,-20758,-2158,,,0.596694523776018,0.7633873504696751
104756,0,F,Y,Y,0,358600.0,1031700.0,65211.3,Higher education,Single / not married,Working,-12422,-892,18.9,0.633891818983561,0.4924722468327978,0.845228718381982
104757,0,F,N,Y,1,183800.0,800900.0,47918.6,Secondary / secondary special,Separated,Working,-8678,-2103,,0.7799373670234436,0.35857364434187106,0.6978286579626986
104758,1,M,N,Y,2,303100.0,1692700.0,110159.4,Secondary / secondary special,Married,Working,-21544,-896,,,0.5571671870521757,0.35334311831129156
104759,0,F,N,N,1,86500.0,512500.0,24870.2,Secondary / secondary special,Married,State servant,-12737,-244,,,0.8186098239903994,0.5020566338512243
104760,0,M,N,Y,0,231600.0,736000.0,38869.9,Incomplete higher,Married,Working,-13302,-96,,0.9406804687786108,0.39704576014185217,0.7905439344127327
104761,0,F,N,Y,0,167700.0,444800.0,15896.0,Secondary / secondary special,Married,Working,-14941,-3016,,0.21468272629794644,0.8301366873258826,0.8719373675606877
104762,0,F,N,N,0,237500.0,1037600.0,77002.2,Secondary / secondary special,Separated,Working,-8354,-307,,0.5295703658654491,0.8826850073578334,0.389190855325765
104763,0,M,Y,Y,0,191200.0,923900.0,34053.3,Secondary / secondary special,Married,Working,-22597,-789,8.1,,0.7467000700974341,
104764,1,F,Y,Y,0,132800.0,566200.0,34824.8,Secondary / secondary special,Married,Working,-22806,-2432,3.8,0.4032413252579093,0.39858976133464763,0.7656868750981286
104765,0,F,Y,Y,0,167100.0,944100.0,31961.7,Incomplete higher,Civil marriage,Working,-22946,-795,14.0,0.5510789525508323,0.6735426570393742,0.6299380661142574
104766,0,F,N,Y,0,125600.0,437000.0,18352.5,Secondary / secondary special,Civil marriage,Pensioner,-10871,365243,,,0.5482417995802029,0.7782811853117616
104767,0,M,N,Y,1,214600.0,677800.0,23748.2,Higher education,Separated,Working,-24785,-2387,,0.8284218597143234,0.5938318362919763,0.6019129043403979
104768,0,F,Y,N,2,102900.0,446000.0,15910.6,Higher education,Civil marriage,Commercial associate,-19267,-5929,6.8,0.7466972207362023,,0.48175471188331676
104769,1,F,N,Y,0,107400.0,515500.0,26092.6,Secondary / secondary special,Married,Commercial associate,-18065,365243,,0.1264615893079019,0.9399732245304052,0.6809535414617363
104770,0,M,Y,N,0,137000.0,434600.0,23399.2,Secondary / secondary special,Separated,Working,-20333,-1356,16.1,0.822361908957931,0.6982779994782037,0.4256345594293616
104771,0,F,N,N,1,194200.0,537600.0,39858.1,Secondary / secondary special,Married,Working,-20923,-2093,,,0.5419475295440496,0.6660339182267366
104772,0,F,N,Y,1,150800.0,955100.0,56421.5,Secondary / secondary special,Married,Working,-14965,-1450,,,0.6807703622196448,0.6450494316813447
104773,0,F,N,Y,0,127100.0,640500.0,39900.0,Incomplete higher,Married,Pensioner,-17907,365243,,0.8100335286236112,0.5857933333700667,
104774,0,F,N,Y,0,236900.0,1081500.0,63696.8,Higher education,Married,Working,-17928,-313,,0.7137777037374311,0.7619228331972757,0.43669370131031954
104775,1,F,Y,Y,0,191900.0,561100.0,41370.2,Secondary / secondary special,Married,Working,-7807,-8,3.3,0.5239370392359245,0.30287852129049425,
104776,0,F,Y,N,1,119800.0,731700.0,51447.6,Higher education,Separated,Commercial associate,-7841,-1209,5.6,,0.5012526360125593,0.5258577159490031
104777,0,F,N,Y,0,92100.0,381600.0,14573.8,Secondary / secondary special,Married,Working,-15922,-2137,,0.5331149772278178,0.5838756240388738,
104778,0,F,N,N,0,136100.0,387900.0,14990.6,Secondary / secondary special,Married,Commercial associate,-17461,-398,,0.4469298817801126,,0.8401759781927395
104779,0,F,Y,Y,0,111200.0,367800.0,13507.2,Secondary / secondary special,Widow,Working,-20069,-517,12.3,,0.5535719065286938,0.8258627657023393
104780,0,M,N,Y,0,104000.0,349500.0,25705.0,Higher education,Civil marriage,Working,-20866,-1136,,0.8585819486309945,0.4160169091747492,0.4018193765178005
104781,0,F,N,Y,0,206300.0,344700.0,11866.8,Secondary / secondary special,Single / not married,Pensioner,-17940,365243,,0.5704467314102654,0.5841800950563595,0.7415858427519262
104782,0,M,N,Y,0,244600.0,867200.0,57810.8,Secondary / secondary special,Single / not married,Commercial associate,-12656,-1582,,0.5073706286969316,0.7925978739185991,0.5765603234431618
104783,1,M,N,Y,1,143400.0,402000.0,28957.0,Secondary / secondary special,Married,Working,-18527,-78,,0.20445751598757778,0.5661151540019902,0.7684778124232995
104784,0,F,N,Y,0,146900.0,552600.0,43697.9,Secondary / secondary special,Married,Pensioner,-12225,365243,,,0.9827035059466658,0.6986138423822851
104785,0,M,Y,Y,0,105600.0,454400.0,35699.4,Secondary / secondary special,Civil marriage,Working,-22003,-1223,6.3,0.43553524080354034,0.849223173736192,0.8688074259898098
104786,1,M,Y,Y,1,91300.0,290200.0,18793.3,Secondary / secondary special,Separated,Working,-15091,-2042,15.3,,0.8877770644081584,0.46931938599072553
104787,0,F,N,N,0,210700.0,348200.0,11758.1,Higher education,Married,Working,-23360,-3136,,0.7013817188825193,0.8324783161072383,0.8462077812366371
104788,1,M,N,Y,0,83100.0,510000.0,20894.7,Incomplete higher,Married,Working,-9913,-776,,0.23363216198787806,0.7421861954437694,0.692958182845591
104789,0,F,N,Y,1,111400.0,232600.0,11249.4,Secondary / secondary special,Married,Working,-20038,-2905,,,0.8488004831801179,0.7636238468429862
104790,0,M,Y,N,1,109800.0,357200.0,21076.5,Higher education,Married,Commercial associate,-15197,-857,1.0,0.7152762149192832,0.8909006635462878,
104791,0,F,Y,N,0,178200.0,915300.0,41968.8,Higher education,Married,Working,-9903,-3328,5.3,0.5411659092171227,0.7850784559403207,0.5856192933993389
104792,0,F,N,N,0,134700.0,794300.0,40943.4,Higher education,Married,State servant,-17470,-1768,,,0.5724699856493575,0.6448184564282549
104793,0,F,N,N,1,114000.0,539300.0,19340.0,Secondary / secondary special,Married,Working,-11384,-1887,,,0.8774594241318597,
104794,0,M,N,Y,0,271500.0,733600.0,47648.6,Higher education,Married,Working,-12795,-439,,0.7449506538386809,0.42609210535559766,
104795,0,F,Y,Y,1,306700.0,1477500.0,107137.3,Secondary / secondary special,Married,Commercial associate,-15668,-2780,0.3,0.5705746022455923,0.2845389725884505,0.6949288252888121
104796,0,F,N,Y,0,175500.0,616400.0,39744.6,Secondary / secondary special,Married,Working,-14058,-6085,,,0.6461284875665044,0.6141359843763103
104797,0,F,N,Y,1,157100.0,820700.0,32867.3,Higher education,Married,Working,-14485,-1281,,,0.7186136094849777,0.6422471356159524
104798,1,F,N,N,0,117400.0,408200.0,19352.1,Secondary / secondary special,Married,Working,-14630,-864,,0.5281693318367136,0.9002832258703493,0.37474718798211104
104799,0,M,N,Y,1,146100.0,283300.0,11582.7,Higher education,Married,Working,-7967,-122,,,0.7307094502316661,0.7780165173928102
104800,0,M,N,N,0,85600.0,353800.0,17829.9,Secondary / secondary special,Married,Working,-14110,-1210,,,0.91077219042434,0.5704843005431564
104801,0,F,Y,N,0,229800.0,393200.0,21683.4,Secondary / secondary special,Separated,Commercial associate,-14569,-757,12.2,,0.6724223922604903,0.7479856752023787
104802,1,F,N,Y,0,138800.0,640800.0,42468.5,Secondary / secondary special,Married,Working,-18062,-3284,,0.21371552652553227,0.4628463460917462,0.5271883687338192
104803,0,F,N,Y,0,108100.0,333700.0,12774.1,Higher education,Civil marriage,Working,-16101,-1642,,0.6400015242530193,0.37237357519980685,0.6195477606366571
104804,0,F,N,N,0,126900.0,750100.0,43912.4,Secondary / secondary special,Married,Working,-10695,-1266,,,0.5496518132288454,
104805,1,M,N,N,0,202400.0,810500.0,74876.4,Higher education,Married,Working,-17977,-2110,,0.659205774032641,0.44600388200821794,0.6631274473991661
104806,0,M,N,N,0,131200.0,219100.0,13722.1,Secondary / secondary special,Single / not married,State servant,-8285,365243,,,0.8345477535469525,0.8999958682157406
104807,0,F,N,N,0,103300.0,484700.0,36911.8,Secondary / secondary special,Married,Commercial associate,-13513,-81,,0.8191288023341067,0.7732484586123004,0.739810044984525
104808,0,F,Y,Y,0,57500.0,325200.0,15361.4,Secondary / secondary special,Married,Working,-18542,-516,8.2,0.7898541497859407,0.5650494515931396,0.5076281856196028
104809,0,F,N,Y,0,142200.0,245200.0,12263.6,Incomplete higher,Married,Working,-18609,-476,,0.4353715375346952,0.3420405400094454,0.5455306944471686
104810,0,F,Y,Y,1,174400.0,911200.0,46513.3,Higher education,Married,Working,-10833,-3149,10.9,0.5580761400382747,0.5825706975465504,0.49961442546466994
104811,0,F,Y,Y,0,118100.0,626800.0,41713.9,Secondary / secondary special,Separated,Working,-13616,-1945,16.1,,0.39458252127970783,0.6378433627317933
104812,0,M,N,Y,1,103000.0,505000.0,41938.8,Secondary / secondary special,Married,State servant,-15694,-3647,,0.6018567741586747,0.5827332256409711,0.5078727769666215
104813,0,F,N,Y,1,88800.0,350800.0,28268.6,Secondary / secondary special,Single / not married,Working,-14883,-1174,,,0.7355238238759393,0.5018413054746511
104814,0,M,N,N,0,124300.0,588800.0,34417.0,Higher education,Married,Pensioner,-19686,365243,,0.9151076789902658,0.6403529118139106,0.8085475598937598
104815,0,F,N,Y,0,89200.0,352200.0,15619.1,Secondary / secondary special,Married,Pensioner,-20647,365243,,,0.7903802136493004,0.8593556157806842
104816,0,F,N,N,0,88900.0,300600.0,29064.9,Secondary / secondary special,Single / not married,Commercial associate,-8386,-1812,,,0.6220928486148344,0.4441348327081209
104817,0,F,N,Y,1,118700.0,207500.0,20446.9,Secondary / secondary special,Married,Working,-20736,-1817,,,0.4728676425223222,
104818,0,F,N,Y,1,343800.0,1368800.0,108495.2,Incomplete higher,Married,Working,-23072,-4936,,0.5207598640625796,0.6928930867487478,0.8726690033389692
104819,0,F,N,Y,1,421200.0,2280800.0,113241.5,Secondary / secondary special,Married,Pensioner,-23692,365243,,,0.5972871591036227,0.6706437796845484
104820,0,F,N,N,1,250200.0,439000.0,26352.1,Higher education,Married,Pensioner,-8651,365243,,,0.6482052718992073,
104821,0,M,N,N,0,196800.0,331800.0,17586.7,Secondary / secondary special,Widow,Commercial associate,-23163,-1341,,0.8044944528075674,0.7725050575685714,0.8023377459042522
104822,0,F,N,Y,1,61600.0,144600.0,8966.8,Secondary / secondary special,Married,Working,-10540,-1955,,0.32710441312289756,0.5499868030847912,0.4169489730008491
104823,0,M,Y,Y,1,491000.0,1461100.0,61564.5,Secondary / secondary special,Married,Working,-13602,-752,16.2,,0.7774358157413812,0.536611730331041
104824,0,M,N,Y,0,175700.0,702800.0,43739.0,Higher education,Married,Working,-14361,-196,,,0.51878346843012,0.6502021177906594
104825,0,F,Y,Y,1,89800.0,506800.0,35906.9,Higher education,Married,Working,-12912,-434,7.6,0.6482447091950627,0.5996863516767457,0.6168306005459874
104826,0,F,Y,Y,0,493300.0,813100.0,32177.1,Secondary / secondary special,Married,Working,-12837,-3373,16.5,0.31726792057665226,0.7631454622068069,0.8201830072338046
104827,0,F,Y,Y,0,140900.0,762200.0,26011.7,Secondary / secondary special,Married,Pensioner,-10640,365243,13.9,0.7038575577383914,0.7573817284841275,0.7860042888671173
104828,0,F,Y,N,1,214400.0,1087500.0,51219.8,Secondary / secondary special,Married,Commercial associate,-19224,-318,16.7,,0.8505761735716116,0.7236138760520767
104829,0,M,N,N,0,127800.0,510700.0,45802.0,Secondary / secondary special,Married,Commercial associate,-17846,-2720,,,0.8188219093858042,0.3142301908742885
104830,0,M,N,Y,0,190100.0,468000.0,17979.1,Incomplete higher,Single / not married,Commercial associate,-18426,-779,,0.7171552132840975,0.836909111987726,0.9238307353214863
104831,1,F,N,N,0,200600.0,386200.0,20792.2,Secondary / secondary special,Married,Commercial associate,-16810,-371,,,0.7106479814934104,0.6890089699405725
104832,0,F,N,Y,0,216900.0,496900.0,20830.8,Higher education,Single / not married,Working,-11541,-3325,,,0.8313332726393781,0.642385522684161
104833,0,M,N,N,0,262400.0,830300.0,38324.7,Secondary / secondary special,Married,Pensioner,-17949,-1909,,,0.6315989732034745,0.36835192038851444
104834,0,M,Y,Y,3,157900.0,655900.0,32773.4,Higher education,Married,Working,-19131,-2336,3.6,,0.3799260224925746,0.49732471728721767
104835,0,F,Y,Y,2,161900.0,525700.0,30282.3,Higher education,Widow,Pensioner,-8580,365243,4.5,0.6399754378785538,,0.7859379212956653
104836,0,M,N,N,1,144100.0,618700.0,43721.2,Secondary / secondary special,Married,Working,-24987,-1747,,,0.725593622907997,0.6635005453406769
104837,0,F,N,Y,0,92100.0,544000.0,30724.1,Secondary / secondary special,Married,Commercial associate,-17835,-823,,,0.7881574059979831,0.6189882668717236
104838,0,F,N,N,0,98000.0,210600.0,15924.4,Higher education,Married,Working,-18861,-4527,,,0.7269234842671757,0.8652462704189786
104839,1,F,Y,N,0,128200.0,765600.0,32662.7,Higher education,Married,Working,-17657,-1268,12.4,0.39959214285673117,0.6390995337198103,0.6228498628926704
104840,1,F,N,N,0,259900.0,642400.0,54616.0,Secondary / secondary special,Married,Working,-19779,-146,,,0.736223080648525,
104841,0,M,N,Y,0,182000.0,721200.0,29668.2,Higher education,Married,Working,-19186,-121,,0.5007944245668909,0.805647591654644,0.6461290283945801
104842,0,F,N,Y,0,141200.0,729800.0,28104.4,Higher education,Married,Pensioner,-21680,365243,,0.6652613860596566,0.6420662691845144,0.5910314038116227
104843,0,F,Y,Y,1,130800.0,651900.0,29247.2,Secondary / secondary special,Married,Working,-10502,-1663,9.1,0.7514037629733794,0.5581005820908779,0.6672042257737794
104844,0,F,N,Y,0,87100.0,460800.0,17403.2,Secondary / secondary special,Married,Working,-10540,-597,,0.7404818540785386,0.7003198890459061,0.8335558677325124
104845,0,F,N,N,1,98300.0,498200.0,29512.8,Secondary / secondary special,Married,Pensioner,-11519,365243,,,0.7712968497451023,
104846,0,F,N,Y,1,157900.0,249500.0,12477.5,Secondary / secondary special,Civil marriage,Commercial associate,-24561,-1414,,,0.746586280647917,0.3486039653936139
104847,0,F,N,Y,0,147800.0,588200.0,29330.6,Higher education,Single / not married,Pensioner,-13929,365243,,,0.605810529932266,
104848,0,M,N,Y,1,209000.0,709700.0,31203.5,Higher education,Married,Working,-13213,-2338,,,0.964811831942195,0.5567826667622781
104849,0,F,N,N,1,133600.0,820300.0,42275.5,Secondary / secondary special,Married,Working,-11690,-3341,,0.31743548958200696,0.6266596335265163,
104850,0,M,N,N,0,190100.0,1192600.0,106554.4,Secondary / secondary special,Single / not married,Working,-16110,-3186,,,0.5285085104482801,0.7511957561949063
104851,0,F,Y,Y,1,73900.0,205500.0,10123.5,Secondary / secondary special,Married,Pensioner,-23542,365243,5.2,,0.6910303543026506,0.4642384684845359
104852,0,M,N,Y,0,96100.0,486300.0,46097.9,Secondary / secondary special,Separated,Pensioner,-19489,-1900,,,0.8329412391777328,0.599674199670715
104853,0,M,N,N,1,165800.0,445300.0,23776.8,Higher education,Civil marriage,Pensioner,-10962,-2899,,,0.5380877014211128,0.6273204523681738
104854,1,F,N,Y,0,148400.0,778000.0,73075.5,Secondary / secondary special,Married,Commercial associate,-22350,-1059,,0.7580749357745005,0.41210579596986324,0.3365380191804158
104855,1,F,N,N,0,205200.0,614700.0,31313.0,Secondary / secondary special,Civil marriage,Working,-24246,-910,,0.41406082987759135,0.683843328366632,0.382323216406156
104856,0,M,N,N,0,250000.0,1288200.0,73904.6,Secondary / secondary special,Married,Working,-20171,-1904,,0.5419244001054905,0.7765976617476157,
104857,0,F,N,N,0,255100.0,417200.0,20663.5,Higher education,Married,Commercial associate,-18077,-4891,,,0.3050121346868669,0.4687708081394238
104858,0,F,N,Y,0,300600.0,1507100.0,73132.7,Secondary / secondary special,Widow,Working,-19447,-2481,,,0.7043958846304806,
104859,0,F,N,N,0,334200.0,1204400.0,46547.3,Secondary / secondary special,Single / not married,Commercial associate,-20573,-2397,,0.6667484152334189,0.7669003786321439,
104860,0,F,N,N,0,125500.0,651700.0,22591.2,Incomplete higher,Married,Pensioner,-22737,365243,,,0.6162044916653827,0.353477191700586
104861,0,F,N,Y,1,414500.0,811600.0,54307.3,Higher education,Civil marriage,Working,-19218,-805,,0.5746585802382406,0.4753089338934892,0.7667204781244256
104862,0,M,N,N,1,540500.0,3156600.0,111755.9,Secondary / secondary special,Married,Commercial associate,-16988,-558,,,0.48031825868186967,0.7740330986395458
104863,0,F,Y,Y,0,82000.0,395800.0,22595.0,Secondary / secondary special,Single / not married,Working,-10868,365243,5.3,,0.5527292852467314,0.6111692128124875
104864,0,M,N,N,1,113000.0,379000.0,28536.5,Secondary / secondary special,Separated,Working,-14231,-582,,0.6534420208482836,0.5623147522528402,0.33396804208076764
104865,0,M,Y,Y,0,173200.0,555600.0,25211.6,Secondary / secondary special,Civil marriage,Working,-9153,-163,7.9,,0.6670102582343234,
104866,0,F,Y,Y,2,163500.0,486800.0,27291.6,Secondary / secondary special,Married,Commercial associate,-20442,-148,11.6,,0.8103972003475898,0.506047636040476
104867,0,F,N,Y,1,68900.0,306200.0,18660.0,Secondary / secondary special,Married,Commercial associate,-25067,-346,,0.5927861916078612,0.6224142771571756,0.6475783487861396
104868,0,F,N,Y,1,96100.0,163100.0,7257.3,Secondary / secondary special,Separated,Working,-9352,-1755,,,0.5977939190309522,
104869,0,F,N,Y,0,162400.0,821700.0,34360.8,Secondary / secondary special,Married,Working,-15387,-2925,,,0.815302819525048,0.7021588527254321
104870,0,F,N,N,0,133500.0,725400.0,38299.3,Incomplete higher,Separated,Working,-19943,-5615,,,0.4602068800322737,0.48242467221056423
104871,0,F,Y,Y,0,194700.0,538700.0,34642.7,Higher education,Married,Commercial associate,-8194,-80,0.7,0.6222815630074388,0.7864737306239822,
104872,0,F,Y,N,1,355100.0,781100.0,30364.3,Secondary / secondary special,Married,Working,-15376,-1224,9.5,0.742023734489048,0.8120798740844969,
104873,0,M,Y,Y,0,84100.0,534700.0,23305.9,Secondary / secondary special,Married,Commercial associate,-21604,-322,7.3,,0.4478194559664022,0.42329675288560414
104874,0,F,Y,Y,1,417200.0,1948300.0,86218.1,Secondary / secondary special,Married,Working,-12810,-1577,1.8,,0.4628407890128181,0.7368327306850739
104875,0,F,N,N,1,343400.0,1706600.0,60129.4,Secondary / secondary special,Married,Pensioner,-19236,365243,,0.6932268347996771,0.7709959263253097,
104876,0,F,N,Y,0,67700.0,315600.0,10543.6,Secondary / secondary special,Married,Working,-18318,-2886,,0.6940860547154412,0.6287958006760198,0.4968631721899636
104877,0,F,N,N,0,86100.0,236400.0,21632.5,Higher education,Separated,Working,-19943,-97,,,0.8429289676493843,0.5164783179637225
104878,0,M,Y,N,0,122800.0,676400.0,44824.0,Higher education,Married,Working,-11880,-4191,18.4,0.8852706763308651,0.2197341090840395,0.8284451390679709
104879,0,F,N,Y,0,95900.0,374700.0,14294.6,Higher education,Married,Commercial associate,-10621,-2859,,,0.6855262575828737,0.6879805250987897
104880,0,F,Y,N,1,191400.0,539200.0,44887.5,Secondary / secondary special,Married,State servant,-7966,-1392,18.4,,0.2234519000265201,0.6766071168712451
104881,0,F,N,Y,1,196000.0,875600.0,82880.1,Higher education,Single / not married,State servant,-16091,-181,,,0.38593243455028614,0.9073840259056465
104882,0,F,N,Y,1,157000.0,929100.0,55978.0,Secondary / secondary special,Married,Working,-10945,-2908,,0.3934915249401043,0.717467794204143,0.8849033189195611
104883,0,F,Y,Y,0,174300.0,937900.0,36418.3,Secondary / secondary special,Civil marriage,Commercial associate,-19087,-786,0.4,,0.5834734136391097,0.6863091026572982
104884,0,F,N,N,0,138700.0,701600.0,38523.5,Secondary / secondary special,Married,Commercial associate,-17298,-1464,,,0.6971864969270153,0.49627445704688883
104885,0,M,N,Y,0,176000.0,499300.0,34969.7,Secondary / secondary special,Married,Commercial associate,-22286,-3328,,,0.7951656058159182,
104886,0,M,Y,Y,0,348300.0,1008300.0,75215.3,Secondary / secondary special,Married,Working,-21729,-3743,6.6,,0.5209059589313016,0.860439724339601
104887,0,F,N,N,0,50300.0,284400.0,13532.4,Higher education,Married,Commercial associate,-14003,-415,,0.8223880906393468,0.6106620974068091,0.6143735746908158
104888,0,M,N,Y,0,148500.0,816500.0,47938.1,Secondary / secondary special,Married,State servant,-12864,-4148,,,0.4899032838024563,0.415139072000661
104889,0,F,Y,N,1,181500.0,1053800.0,46653.8,Incomplete higher,Married,Working,-9110,-834,5.9,0.813360343289368,0.5958480781675142,0.8411537545662515
104890,0,M,Y,Y,0,140900.0,879700.0,34024.3,Secondary / secondary special,Married,Working,-20930,-110,7.0,0.8489622438071833,0.7520422483225715,0.7150924080491172
104891,0,F,N,Y,0,169500.0,564000.0,55954.6,Secondary / secondary special,Single / not married,Working,-16369,-498,,,0.6184338147180419,0.3855460294477414
104892,0,F,N,Y,0,252600.0,1136600.0,68933.5,Secondary / secondary special,Married,Working,-13566,-4573,,,0.7807717624752367,0.5522266331079526
104893,1,F,N,Y,0,116700.0,504300.0,24099.6,Secondary / secondary special,Married,Working,-20005,-478,,,0.7606031393803734,
104894,0,F,N,Y,0,397900.0,1200900.0,51059.9,Higher education,Married,Working,-12475,-1411,,,0.848555878571431,0.42567048675568553
104895,0,M,N,N,0,75500.0,319400.0,19860.7,Secondary / secondary special,Single / not married,Working,-16051,-844,,,0.663608639026643,
104896,1,F,N,N,1,194700.0,1250200.0,64191.5,Secondary / secondary special,Separated,Pensioner,-15313,365243,,0.39063448796407674,0.4857516998005306,0.35656841313924614
104897,0,F,Y,Y,0,146400.0,904500.0,74698.1,Secondary / secondary special,Married,Working,-12407,-999,0.3,,0.6188703334372647,0.5105888327229499
104898,1,F,N,Y,1,165500.0,678000.0,56757.7,Higher education,Married,Pensioner,-21528,-916,,,0.7104093983725095,0.491301197552654
104899,0,M,N,Y,0,207400.0,565000.0,20756.7,Secondary / secondary special,Married,Pensioner,-20071,-3630,,,0.6346523207750377,0.6438787996982562
104900,0,M,N,Y,0,111500.0,632800.0,30450.3,Secondary / secondary special,Married,Commercial associate,-16778,-2526,,0.8306006094492077,0.3994679364229366,0.35057106735159654
104901,0,F,N,Y,1,241800.0,1398700.0,72629.3,Higher education,Married,Working,-19789,-234,,,0.7201779724099083,
104902,0,F,Y,Y,1,358200.0,1545500.0,82439.1,Secondary / secondary special,Married,State servant,-9237,-1920,7.6,0.7155916524213826,0.5124650063775401,0.7581501389028922
104903,0,F,N,N,1,129300.0,496500.0,17082.5,Secondary / secondary special,Married,Working,-15206,-761,,,0.30385350106929565,0.6482499217751535
104904,0,M,N,N,1,116700.0,281200.0,15241.9,Secondary / secondary special,Civil marriage,Working,-18192,-163,,,0.6298758650820016,0.9614717172958307
104905,0,M,Y,N,1,260300.0,819700.0,53889.6,Secondary / secondary special,Married,Working,-14574,-902,18.8,0.9382447744815797,0.7622831460986028,0.7539420726234097
104906,0,F,Y,Y,1,229100.0,360300.0,30241.8,Secondary / secondary special,Married,Pensioner,-20190,365243,17.9,0.6312770122050302,0.7460350705946028,0.5667091151389309
104907,0,M,N,Y,0,72800.0,268800.0,10309.9,Secondary / secondary special,Married,Working,-16825,-603,,,0.7207540878304118,0.5410946249605122
104908,0,F,N,Y,0,188800.0,404100.0,13984.6,Secondary / secondary special,Married,Working,-14382,-115,,0.29572352358969617,0.3483500492086924,0.9296615893796049
104909,0,M,N,Y,0,208800.0,853400.0,29855.1,Secondary / secondary special,Single / not married,Commercial associate,-14952,-1177,,,0.4543584176273294,0.749154156534817
104910,0,F,Y,Y,2,143700.0,393900.0,29420.6,Secondary / secondary special,Single / not married,Commercial associate,-20227,-876,10.6,,0.8240278786694492,0.41724962873277216
104911,0,F,N,N,0,289300.0,1716600.0,75020.7,Secondary / secondary special,Civil marriage,Commercial associate,-8823,-176,,,0.8532005246968343,0.6363298584413485
104912,0,F,Y,Y,0,71500.0,151300.0,7330.6,Secondary / secondary special,Married,Working,-22364,-1337,4.4,,0.6373867282187691,0.8058187086492166
104913,0,F,Y,Y,0,56000.0,207100.0,11404.1,Higher education,Married,Commercial associate,-8675,-2101,2.6,,0.4320395917699931,0.7519986925075297
104914,0,M,N,Y,0,237800.0,521800.0,19853.8,Higher education,Married,Working,-9996,-3421,,,0.6614309664945986,0.777706334937065
104915,0,F,Y,N,1,102100.0,444000.0,15868.8,Higher education,Married,Working,-21874,-282,18.7,0.6570334998055901,0.3781117268327025,0.2675055879329754
104916,0,M,N,Y,2,145000.0,446000.0,35065.3,Secondary / secondary special,Single / not married,Working,-14235,-1144,,,0.5533819455423956,0.7848126264889936
104917,0,M,N,N,0,88400.0,178800.0,17695.4,Secondary / secondary special,Single / not married,Working,-15724,-268,,,0.5545966895528718,0.6000358119906487
104918,0,M,Y,Y,0,216100.0,972900.0,69959.2,Secondary / secondary special,Civil marriage,Working,-14205,-2468,10.2,0.6489269030152698,0.6725323758821122,0.47442563692521544
104919,0,M,Y,Y,0,171700.0,719500.0,27471.2,Higher education,Married,Commercial associate,-9301,-5,18.8,,0.5557949756061874,0.6122652922100866
104920,0,F,N,N,1,138700.0,353900.0,12494.6,Secondary / secondary special,Widow,Working,-18339,-933,,0.6649834271871508,0.5638924445186232,0.4896540178387323
104921,0,F,Y,Y,0,84500.0,535200.0,22669.5,Academic degree,Widow,Working,-19751,-405,18.2,,0.5131537370288701,0.7388448767069414
104922,0,F,Y,N,1,137000.0,745500.0,72017.3,Secondary / secondary special,Married,Working,-11000,-738,8.7,,0.5925610852908086,0.7242435854133741
104923,0,F,N,Y,0,171100.0,784700.0,36381.9,Secondary / secondary special,Married,Working,-20856,-1863,,,0.6673838724980597,0.8372583501883056
104924,0,M,Y,Y,1,115900.0,720600.0,39157.3,Higher education,Single / not married,Pensioner,-9419,365243,15.0,,0.4817614492240197,0.5905283713201682
104925,0,F,N,Y,0,117700.0,616100.0,24043.1,Secondary / secondary special,Married,Working,-21254,-517,,,0.7138668780762725,0.8053493472750706
104926,0,F,N,N,0,148000.0,579200.0,23119.3,Higher education,Married,Commercial associate,-19966,-1360,,,0.7046959580277101,0.4903381628549482
104927,0,F,Y,N,0,199400.0,1259400.0,90116.9,Secondary / secondary special,Married,Working,-23661,-230,10.7,,0.4396833862196242,0.5026949460396527
104928,0,F,N,Y,0,178200.0,839300.0,51391.3,Secondary / secondary special,Married,Working,-21932,-2641,,0.6736211322386845,0.7281842833327149,0.4126045646911155
104929,0,M,N,Y,1,250000.0,545600.0,38099.6,Secondary / secondary special,Civil marriage,Working,-22475,-1361,,0.6793401480545148,0.7229045426929688,0.6179838734701968
104930,0,F,N,Y,0,141400.0,281800.0,13702.1,Secondary / secondary special,Civil marriage,Working,-24460,-372,,0.4461359108819019,0.7100933712072472,
104931,0,M,Y,Y,0,232300.0,455600.0,39151.2,Higher education,Separated,Commercial associate,-22473,-208,11.6,0.8122590702439547,,0.7149946750418428
104932,0,F,N,Y,0,87100.0,285400.0,13043.4,Secondary / secondary special,Married,Working,-21632,-673,,0.6653769354924471,0.5089126029483876,
104933,0,M,Y,Y,2,176200.0,271700.0,13881.1,Secondary / secondary special,Civil marriage,State servant,-11108,-1067,4.7,,0.3596225480734064,0.16894300615634594
104934,0,F,N,N,0,172000.0,738600.0,34819.0,Secondary / secondary special,Married,Commercial associate,-20908,-387,,0.7062176015617536,0.780386869705922,
104935,0,F,Y,Y,0,425500.0,1566700.0,58528.7,Higher education,Married,Working,-18762,-706,11.6,,0.7633230671666122,0.8742024651185151
104936,0,F,N,Y,2,108900.0,361500.0,18303.3,Higher education,Separated,Unemployed,-24528,-4541,,0.5521203081480948,0.5130198183946343,0.7273999054355248
104937,0,F,Y,N,0,85800.0,313000.0,12159.6,Secondary / secondary special,Civil marriage,Working,-20293,-95,12.3,0.35494227848153853,0.538656148376808,0.9038550210960562
104938,1,M,N,Y,0,104100.0,377100.0,13134.8,Higher education,Single / not married,Pensioner,-12221,365243,,,0.7572449319033783,0.3330411894960314
104939,0,F,N,N,0,110800.0,713700.0,60378.0,Higher education,Married,Working,-10547,-590,,0.6966017217511475,0.5764921175398519,0.5621869462885294
104940,0,F,N,Y,0,177100.0,636400.0,55152.5,Secondary / secondary special,Married,Commercial associate,-12603,-512,,,0.5237106540289928,0.6388301617610398
104941,0,M,Y,Y,0,83500.0,510200.0,37268.8,Academic degree,Single / not married,Working,-16088,-377,0.6,0.5897796831277086,0.2593100738564963,0.7312545937838942
104942,0,F,N,Y,0,172000.0,992200.0,40427.2,Secondary / secondary special,Married,Pensioner,-19110,365243,,0.35089102373804176,0.5686807843511953,
104943,0,F,N,Y,0,149600.0,544400.0,23952.3,Higher education,Married,Working,-11441,-2971,,,0.7817627383751785,0.4704550237484988
104944,0,M,N,N,0,222200.0,380300.0,17242.8,Secondary / secondary special,Civil marriage,Commercial associate,-11752,-2355,,0.4829822554185743,0.604480483784162,
104945,0,F,N,Y,0,194600.0,1117200.0,47610.1,Incomplete higher,Married,Pensioner,-12962,365243,,0.7211274605866865,0.6612734822811625,0.7415469210140797
104946,0,M,Y,Y,0,213800.0,547600.0,28573.7,Secondary / secondary special,Married,Working,-21823,-839,9.3,0.8926325105635468,0.5920572775967153,0.6091321441385475
104947,0,F,N,Y,0,183700.0,329300.0,20827.8,Secondary / secondary special,Married,State servant,-14076,-1881,,0.7150566041638529,,0.7160302337702621
104948,0,M,Y,Y,0,249100.0,1458600.0,106433.3,Higher education,Married,Commercial associate,-9044,-389,19.3,0.701259071536534,0.41674377700499154,0.3709289375649702
104949,1,M,Y,Y,1,75300.0,360800.0,12532.2,Higher education,Married,Pensioner,-17225,365243,12.6,,0.7756156385291288,0.5486605630611654
104950,0,M,Y,N,1,76500.0,182900.0,12224.5,Secondary / secondary special,Married,Working,-7774,-1093,3.9,,0.7373351880213225,0.4537295162314632
104951,0,F,N,Y,0,145900.0,429700.0,25542.6,Secondary / secondary special,Married,Pensioner,-19481,365243,,,0.4479989541517598,0.513954707172459
104952,0,M,N,Y,0,153000.0,800000.0,32752.4,Secondary / secondary special,Married,Pensioner,-22433,365243,,0.4640413316617098,0.8015345299055715,0.9596445838186072
104953,0,F,N,Y,1,92900.0,196700.0,7862.8,Secondary / secondary special,Married,Working,-10587,-1546,,0.6787099519905951,0.6008137531214829,0.4989877036414797
104954,0,M,Y,Y,0,189500.0,969000.0,47129.4,Secondary / secondary special,Civil marriage,Commercial associate,-22477,-946,9.2,,0.8973625442209161,0.6309736298751788
104955,0,F,N,Y,1,81900.0,310600.0,15258.2,Secondary / secondary special,Married,Unemployed,-19574,365243,,,0.686622787361908,
104956,0,F,N,N,1,130500.0,742000.0,25294.7,Secondary / secondary special,Married,Pensioner,-9398,365243,,,0.5542003268856566,0.7486250360406298
104957,0,M,N,N,0,146100.0,688900.0,35787.5,Higher education,Single / not married,State servant,-11665,-656,,,0.7457010860186493,
104958,1,F,Y,Y,1,190500.0,1221200.0,43652.5,Secondary / secondary special,Married,Commercial associate,-11655,-1167,15.5,,0.6035298160582802,0.5121936082456764
104959,1,F,N,Y,1,117400.0,679200.0,22843.4,Secondary / secondary special,Married,Working,-11277,-4380,,0.512876105442976,0.503805570253464,0.5885896096070938
104960,0,M,N,Y,1,254500.0,819100.0,72710.2,Secondary / secondary special,Separated,Pensioner,-13535,365243,,,0.575935413602716,0.7009011592929004
104961,0,F,N,N,1,313700.0,1225900.0,53007.8,Higher education,Married,Commercial associate,-23583,365243,,0.7338934322581001,0.6142948301522108,0.502116877391691
104962,0,F,N,Y,0,294200.0,1823300.0,62297.2,Secondary / secondary special,Married,Working,-11599,-171,,,0.6640055789205844,0.9213712713568368
104963,0,F,Y,Y,1,332200.0,751000.0,39778.6,Secondary / secondary special,Married,Working,-23917,-815,11.7,,0.4952435173187158,
104964,0,F,N,N,0,237900.0,853100.0,48478.3,Higher education,Civil marriage,Working,-17306,-435,,,,0.8345675682962027
104965,0,F,Y,Y,0,194200.0,850900.0,48652.3,Secondary / secondary special,Married,Commercial associate,-16734,-870,16.1,,0.5300053884881544,0.7046055039797211
104966,0,F,N,N,1,105100.0,342200.0,13561.0,Higher education,Married,Pensioner,-19482,365243,,,0.6023801807779857,
104967,0,F,N,Y,0,114300.0,225300.0,9629.6,Secondary / secondary special,Married,Pensioner,-21795,365243,,0.5638271574082531,0.49497921692042035,0.7992749152957673
104968,0,F,Y,Y,0,225700.0,571500.0,30424.8,Higher education,Single / not married,Working,-24459,-246,17.5,,0.5792135245923751,
104969,0,F,N,Y,1,66100.0,242300.0,11167.1,Secondary / secondary special,Married,Working,-7717,-22,,,0.6865480050647815,
104970,0,F,Y,Y,0,267200.0,1566100.0,71253.5,Secondary / secondary special,Separated,Working,-14650,-149,10.9,,0.44107947028947225,0.25969026284742247
104971,0,F,Y,Y,0,112100.0,488800.0,30864.0,Secondary / secondary special,Civil marriage,Commercial associate,-10809,-797,17.0,0.5957893132109615,0.8016055783839869,0.7543771126795695
104972,1,F,N,N,0,115800.0,346500.0,34226.1,Secondary / secondary special,Married,Pensioner,-10330,365243,,,,
104973,0,F,N,N,0,208800.0,488600.0,48494.2,Higher education,Married,Pensioner,-10247,365243,,,0.6915144874565048,0.5818575107718491
104974,0,M,N,Y,1,167100.0,767300.0,40421.6,Secondary / secondary special,Separated,Working,-20114,-107,,,0.27542301312346773,
104975,0,F,N,Y,0,121900.0,293000.0,12348.3,Secondary / secondary special,Married,Pensioner,-8566,365243,,,0.5097656782247139,0.8289520635904714
104976,0,F,Y,Y,1,97800.0,181300.0,6374.3,Secondary / secondary special,Married,Commercial associate,-22339,-3243,15.8,0.5836751249071234,0.7674256876393667,0.7891998727468922
104977,0,F,N,Y,0,74900.0,124700.0,4655.6,Higher education,Married,Pensioner,-20864,365243,,0.5823609242760351,0.6588382282867374,0.7577068387461242
104978,0,F,N,N,0,55600.0,277400.0,16395.1,Higher education,Married,Pensioner,-14845,365243,,0.7823767725538201,0.36786747009626264,
104979,1,M,Y,Y,0,284500.0,1687600.0,81181.4,Secondary / secondary special,Married,Commercial associate,-15129,-2652,17.4,0.34799499653811705,0.3897306834110852,0.39197053462148473
104980,0,M,N,N,0,133600.0,554500.0,29211.8,Secondary / secondary special,Single / not married,Pensioner,-19563,-824,,,0.4473951694663737,0.7727001457465491
104981,0,M,N,Y,2,98700.0,285800.0,20215.0,Higher education,Single / not married,Working,-7859,-107,,0.5556270437851164,0.45099965113876567,0.5478767903437285
104982,0,F,Y,Y,1,206500.0,520700.0,36793.1,Higher education,Married,Pensioner,-14457,365243,19.2,,0.5056319605665204,0.9162254416452428
104983,0,F,N,N,1,103700.0,298800.0,11130.8,Secondary / secondary special,Married,Pensioner,-10828,365243,,,0.7764588789354392,0.6019529440205882
104984,0,F,N,Y,0,104600.0,316500.0,25337.8,Secondary / secondary special,Married,Pensioner,-10839,365243,,0.5939105830835617,0.47306282654099535,0.7023771140304523
104985,0,F,Y,Y,0,251500.0,1136700.0,99697.1,Higher education,Single / not married,Working,-17323,-7564,19.8,0.8420373177417604,0.7621149822843177,0.480140321732479
104986,0,F,N,Y,0,205600.0,1257700.0,81022.7,Secondary / secondary special,Married,Pensioner,-11981,365243,,0.630626314981654,0.8605643332426028,0.37369741949778573
104987,0,F,Y,N,0,159900.0,419000.0,21182.0,Lower secondary,Widow,Working,-14247,-783,9.6,0.3241172206497898,0.6495259346120861,0.6261978579539591
104988,0,F,Y,Y,0,114800.0,378400.0,34581.7,Higher education,Civil marriage,Pensioner,-20246,365243,4.5,,0.8526332371609037,0.45498388623373087
104989,0,M,N,Y,0,163600.0,731700.0,43521.3,Higher education,Single / not married,Pensioner,-18551,365243,,,0.7834188812872074,0.4479321918232926
104990,0,F,N,Y,0,191200.0,710400.0,26710.4,Higher education,Married,Working,-13456,-2685,,,0.5844759297356626,0.513811973982015
104991,0,F,Y,Y,0,165400.0,344600.0,19802.7,Higher education,Married,Commercial associate,-8539,-141,0.4,,0.6246557468286882,0.8122960979288295
104992,0,M,N,N,0,254400.0,580800.0,26543.2,Secondary / secondary special,Married,Commercial associate,-8137,-810,,0.43441636402918854,0.6221891635582633,0.5509378963200176
104993,0,M,N,Y,0,93800.0,412000.0,14094.0,Higher education,Civil marriage,Pensioner,-16217,365243,,0.3711132256474961,0.43288935451308647,0.6159666928833113
104994,0,F,N,Y,0,131100.0,595600.0,24742.6,Secondary / secondary special,Separated,Working,-15060,-11,,,0.8001185998662373,
104995,0,F,N,Y,0,189200.0,840600.0,35604.2,Secondary / secondary special,Widow,Pensioner,-21633,-190,,,,
104996,0,F,N,Y,0,113800.0,634500.0,21557.8,Secondary / secondary special,Married,Unemployed,-9108,365243,,,0.534524554906235,0.6607257447207875
104997,0,F,N,N,0,226100.0,556700.0,46907.7,Secondary / secondary special,Single / not married,Commercial associate,-22571,-802,,0.5126295628416838,,0.865295150409616
104998,0,F,N,Y,0,269500.0,1011900.0,35222.9,Secondary / secondary special,Married,Working,-11396,-65,,,0.3281256509677711,
104999,0,F,N,N,0,151300.0,579100.0,44388.7,Secondary / secondary special,Married,Commercial associate,-13819,-2431,,,0.48140393017708766,
105000,0,F,N,Y,0,175000.0,450800.0,42093.5,Secondary / secondary special,Single / not married,Working,-22746,-2018,,,0.7519074618139374,0.5801385601767206
105001,0,F,N,Y,1,134100.0,676900.0,35059.0,Secondary / secondary special,Separated,Pensioner,-22356,365243,,0.6451327815074975,0.8778029817236014,
105002,0,M,Y,Y,0,129100.0,395200.0,14270.0,Secondary / secondary special,Civil marriage,Working,-16697,-696,12.8,0.7168479927645163,0.8559895137344398,0.7513216103235413
105003,0,M,Y,Y,0,262400.0,1205800.0,74127.4,Secondary / secondary special,Civil marriage,Working,-9102,-553,5.3,0.7588809890316452,0.620924722175279,0.6753876455991307
105004,0,F,N,Y,1,101100.0,364600.0,30856.6,Secondary / secondary special,Married,Working,-18022,-1322,,0.8153655571499441,0.7367239492211498,0.6151549371740647
105005,0,F,N,Y,1,213600.0,576700.0,55553.4,Higher education,Single / not married,Commercial associate,-21025,-170,,,0.7811024219220941,
105006,0,F,N,N,0,118000.0,299100.0,16775.5,Higher education,Married,Commercial associate,-12269,-180,,,0.3866611340461318,0.9366886850676723
105007,0,M,N,N,0,100700.0,398700.0,13427.3,Secondary / secondary special,Married,Commercial associate,-10879,-858,,0.6364146397268984,0.34911825624662085,0.8596730927103774
105008,0,M,Y,Y,0,231800.0,626400.0,26584.0,Secondary / secondary special,Married,Working,-16384,-1967,13.6,,0.7883693502081679,0.5147328515534916
105009,0,M,Y,Y,0,201500.0,981400.0,48656.6,Secondary / secondary special,Married,Working,-20807,-631,13.7,,0.5361908158810099,0.8937569858133195
105010,0,F,N,N,0,109800.0,503500.0,35694.3,Secondary / secondary special,Married,Working,-16521,-5249,,0.809969552513456,0.5625458064207819,
105011,0,F,N,Y,0,136500.0,743900.0,25645.4,Secondary / secondary special,Single / not married,Commercial associate,-11868,-1480,,0.6596744939668573,0.32920058783010087,0.968945832147163
105012,0,F,N,Y,0,139200.0,301500.0,27804.7,Higher education,Separated,Working,-22904,-5717,,,,0.7802180549305251
105013,1,F,Y,N,2,163700.0,967600.0,90477.7,Secondary / secondary special,Single / not married,Commercial associate,-22958,-1243,13.2,,0.42604659347721396,0.512617695228937
105014,0,M,N,Y,2,118200.0,486500.0,30465.2,Incomplete higher,Married,Working,-19212,-1497,,0.57047754929226,0.5902222490996485,0.4932136259627145
105015,0,F,N,Y,1,321700.0,1530100.0,80129.0,Secondary / secondary special,Married,Pensioner,-8972,365243,,0.5092580986472577,0.7901414750646912,0.8020387908837839
105016,0,F,Y,Y,1,89400.0,571800.0,20575.0,Higher education,Married,Working,-11739,-5165,17.7,0.7329863667075492,0.8869025833599211,0.8050741811439599
105017,0,F,Y,Y,1,74400.0,304700.0,12571.1,Secondary / secondary special,Single / not married,Working,-18516,-468,7.3,0.8520554064622845,0.4993982279409558,0.43809794195555024
105018,0,F,N,N,0,139700.0,824200.0,46014.5,Higher education,Married,Working,-21368,-650,,0.4552686954945715,0.7952157680447887,0.674861426640015
105019,0,F,N,N,0,60200.0,188100.0,8176.1,Higher education,Married,Working,-15984,-403,,,,0.7421862426732835
105020,0,F,N,N,0,103800.0,586500.0,23944.4,Secondary / secondary special,Civil marriage,Working,-13000,-820,,0.7240653353182576,0.6552210535795734,0.8228725344692511
105021,0,M,N,Y,0,110800.0,684500.0,49810.7,Secondary / secondary special,Married,Pensioner,-23177,365243,,0.7612525842516482,0.5912688488901907,0.6522894980586581
105022,0,M,N,N,1,148300.0,361400.0,21551.3,Secondary / secondary special,Single / not married,Commercial associate,-14355,-893,,0.698877239220205,0.47690870288073123,0.5986440159334157
105023,0,M,Y,N,0,134800.0,538100.0,36294.5,Secondary / secondary special,Civil marriage,Working,-23733,-423,5.5,,0.7269641584789286,0.7254510323080263
105024,0,F,N,Y,0,163800.0,978900.0,36800.2,Secondary / secondary special,Civil marriage,Pensioner,-17003,365243,,,0.7886795538902082,0.9005753729748648
105025,0,F,N,N,0,103700.0,340300.0,12262.5,Incomplete higher,Separated,Working,-18439,-5365,,,0.5755873797018638,0.7017138627784291
105026,1,F,N,N,0,124200.0,618500.0,22172.4,Secondary / secondary special,Single / not married,Pensioner,-9860,365243,,0.44555322856490925,0.4400910527485329,0.5745449649201713
105027,0,F,N,N,2,191100.0,383800.0,17569.6,Secondary / secondary special,Married,Working,-12361,-48,,0.6827479006412605,0.20598494786299462,0.8625288197429984
105028,0,F,N,N,0,53000.0,159200.0,9306.9,Secondary / secondary special,Married,Working,-24758,-1265,,,0.26694061205402825,0.8817757355927556
105029,0,F,Y,Y,1,178000.0,853900.0,42357.4,Secondary / secondary special,Married,Pensioner,-20269,365243,15.2,,0.6625730424129653,0.43216149735822484
105030,0,F,N,Y,1,56100.0,208100.0,7544.4,Higher education,Married,Working,-16034,-625,,,0.4770301332988251,0.7508826795776588
105031,0,F,N,N,1,148000.0,709300.0,30022.9,Secondary / secondary special,Married,Working,-16811,-1874,,,0.4139600340840656,0.8106409039449696
105032,0,M,Y,N,2,186100.0,793400.0,29760.5,Secondary / secondary special,Married,Pensioner,-9209,365243,14.6,0.7517549865943441,0.6401338201885148,0.5310276729630703
105033,0,F,N,Y,0,169100.0,1039400.0,88401.4,Secondary / secondary special,Married,Commercial associate,-21403,-330,,0.5098161264013457,0.5534470987110597,0.6218687965643133
105034,0,F,N,Y,0,111400.0,234000.0,11357.0,Incomplete higher,Civil marriage,Pensioner,-8921,365243,,,0.4225579588633309,0.4399300875658021
105035,0,F,Y,Y,0,165300.0,763300.0,29050.0,Secondary / secondary special,Married,Commercial associate,-14455,-819,7.6,,0.2826089274850257,0.3231136008948869
105036,0,F,N,N,1,96400.0,364400.0,17673.7,Higher education,Married,Working,-14869,-157,,0.5668331942628885,0.42841177633838684,0.737488128731653
105037,0,M,N,Y,0,274300.0,1682500.0,104449.1,Secondary / secondary special,Single / not married,Commercial associate,-18243,-368,,,0.5599246935329738,0.6585829407059968
105038,1,F,N,Y,0,214100.0,1238000.0,72666.3,Higher education,Married,Pensioner,-14955,365243,,,0.6681416925445924,
105039,0,M,N,Y,0,96100.0,296300.0,26178.0,Secondary / secondary special,Married,Working,-24513,-205,,,0.7805112800956522,0.5695493488905761
105040,0,M,N,Y,1,273600.0,1551200.0,56165.6,Higher education,Married,Working,-21659,-3500,,,0.3828245301818207,0.4861139051931757
105041,0,F,N,N,0,160700.0,703300.0,29391.7,Incomplete higher,Single / not married,Commercial associate,-24489,-33,,0.7739389114972177,0.7300102324325183,0.5581259741306838
105042,0,F,N,Y,0,88600.0,261600.0,9328.1,Secondary / secondary special,Married,Pensioner,-16764,365243,,0.4256423385871884,0.6785390196857489,0.6481454581725234
105043,0,F,Y,Y,1,249100.0,487600.0,36784.8,Secondary / secondary special,Married,Working,-12969,-883,6.4,,0.502572724415872,0.5340164151791827
105044,0,F,N,Y,0,308500.0,720000.0,49066.4,Incomplete higher,Married,Commercial associate,-24874,-3449,,,0.6411694017310604,
105045,0,F,Y,N,0,131300.0,609900.0,29224.4,Secondary / secondary special,Single / not married,Working,-9094,-356,3.4,,0.594365887728318,0.5916300828767613
105046,0,M,N,Y,2,173600.0,692500.0,58410.1,Higher education,Married,Working,-23923,-236,,,0.6735353607896186,0.7325483838736593
105047,0,F,N,Y,0,146400.0,317600.0,14151.3,Higher education,Married,Commercial associate,-9349,-287,,,,0.6137395131065867
105048,0,M,N,Y,0,191100.0,1140400.0,69211.4,Secondary / secondary special,Married,Working,-21816,-4374,,0.4572726879906333,0.743798471623949,0.23728683645516402
105049,1,F,N,N,0,210600.0,924800.0,69185.1,Secondary / secondary special,Married,Working,-21344,-54,,0.6853632563212594,0.5453007745387091,0.4771463972252388
105050,0,M,N,N,0,229500.0,1452200.0,86403.3,Secondary / secondary special,Married,Commercial associate,-19236,-2362,,0.3307731630958887,0.6315166466560383,0.7436713972098629
105051,0,F,N,N,1,64100.0,184400.0,6390.6,Secondary / secondary special,Married,Working,-21389,-3825,,0.7804549109571549,0.38463855428004573,0.474344763880373
105052,0,F,Y,Y,0,116600.0,282100.0,12705.0,Secondary / secondary special,Married,Pensioner,-9214,365243,1.2,0.24662326563866885,0.6783487724388264,0.6383043537166928
105053,1,F,N,N,0,227400.0,1332700.0,59408.2,Higher education,Married,State servant,-14218,-430,,0.39532797936688086,0.36489217058347423,0.7000134578274954
105054,0,F,Y,N,0,107600.0,565400.0,22421.4,Secondary / secondary special,Civil marriage,Commercial associate,-13569,-1484,14.4,,0.7065447475047418,0.6720157881725671
105055,0,M,N,Y,2,172200.0,440800.0,16559.8,Higher education,Married,Pensioner,-24878,365243,,0.5780360039647995,0.7264656628424494,0.7029666771589225
105056,0,F,N,N,1,97500.0,317500.0,14683.9,Secondary / secondary special,Married,Pensioner,-15954,365243,,0.6030481841963554,0.6653086340342397,0.7228134484049236
105057,0,F,N,N,0,199800.0,617600.0,32348.6,Secondary / secondary special,Married,Commercial associate,-8540,-415,,0.7947128339329642,0.6791110675578541,0.6672021394861926
105058,0,F,Y,N,0,149800.0,752800.0,62978.8,Secondary / secondary special,Married,Pensioner,-12216,-258,10.9,,0.5141614219612516,0.6020972274364471
105059,0,F,N,N,0,193300.0,498100.0,19543.0,Secondary / secondary special,Widow,Working,-22468,-2286,,0.8653700216094641,0.5976662719820757,
105060,0,F,N,Y,1,175900.0,331500.0,22313.4,Secondary / secondary special,Married,Pensioner,-23302,365243,,,0.48215623723115353,0.6943347788390166
105061,0,F,Y,Y,0,78200.0,437200.0,33095.1,Higher education,Civil marriage,Working,-23928,-551,6.1,,0.8666515786902831,0.29701701647001416
105062,0,F,N,Y,0,378000.0,588800.0,20520.2,Secondary / secondary special,Single / not married,Working,-10196,-1134,,,0.8466508743979267,0.7314182895444336
105063,0,F,N,Y,0,81800.0,371500.0,15943.9,Secondary / secondary special,Married,Commercial associate,-19733,-1217,,,0.7390808761580724,0.5797850628045585
105064,0,F,Y,Y,0,450600.0,1371100.0,62775.4,Secondary / secondary special,Single / not married,Working,-14723,-16,14.3,,0.7358464903242213,0.7408874795578275
105065,0,M,N,Y,1,55700.0,201400.0,8455.9,Secondary / secondary special,Single / not married,Working,-20564,-1029,,0.8873037110063771,0.7265267088005135,0.7600843699443197
105066,0,F,N,N,1,151800.0,278800.0,16330.1,Secondary / secondary special,Civil marriage,Commercial associate,-22123,-3653,,,,0.7905393805968408
105067,0,F,Y,Y,0,78200.0,182000.0,6572.4,Secondary / secondary special,Married,Working,-12250,-1081,4.6,0.8170841592554472,,0.7687244595203042
105068,0,F,N,N,1,304700.0,1220700.0,61135.2,Secondary / secondary special,Married,Pensioner,-16442,365243,,0.3403894182224941,0.6903503362813331,0.6867903555618181
105069,0,F,Y,Y,0,93300.0,318800.0,15272.7,Secondary / secondary special,Married,State servant,-13408,-2191,10.5,,0.5056813097486863,0.5575187261790628
105070,0,F,N,Y,1,90000.0,337700.0,20153.7,Secondary / secondary special,Married,Commercial associate,-15663,-264,,0.6817988848019496,,0.4082577684727299
105071,0,F,N,Y,0,149500.0,228200.0,7715.6,Secondary / secondary special,Married,Working,-12765,-324,,0.5196211155772901,0.816364094135505,
105072,0,F,N,Y,1,280300.0,1721100.0,86762.1,Secondary / secondary special,Married,Commercial associate,-13624,-240,,,0.5839998776906662,0.281604624390087
105073,0,F,N,Y,0,256500.0,1051500.0,98178.5,Higher education,Married,Working,-12443,-3041,,,0.8048799225572763,
105074,0,F,N,Y,0,133200.0,489600.0,17513.7,Secondary / secondary special,Civil marriage,Commercial associate,-12902,-226,,0.670347096393505,0.556741098434539,0.3492733247308424
105075,1,M,N,Y,0,127500.0,744500.0,40629.9,Secondary / secondary special,Widow,Working,-17803,-833,,0.7350912265572106,0.41094943531696004,0.18168177906032168
105076,0,F,N,Y,0,186200.0,337600.0,15526.5,Higher education,Married,Working,-18194,-3041,,,0.7194223302943008,0.3429230165407428
105077,0,F,N,Y,0,143500.0,535700.0,34978.7,Secondary / secondary special,Married,Working,-23812,-660,,,0.8873468095942236,
105078,0,F,N,Y,0,152700.0,669000.0,62833.2,Higher education,Married,State servant,-14517,-433,,,0.5049924181549352,
105079,0,F,Y,Y,1,138200.0,399000.0,33582.3,Higher education,Married,Working,-19197,-1053,6.2,,0.7971125940332792,0.7405838576380118
105080,0,M,Y,Y,0,193800.0,542200.0,34492.3,Secondary / secondary special,Married,Working,-24596,-1130,5.2,,0.5560415251438763,0.6068598606720711
105081,0,F,N,Y,1,180400.0,416300.0,15614.4,Higher education,Separated,Working,-15846,-2010,,,0.5345220227945296,0.45148295106905456
105082,0,F,N,N,1,292000.0,1468800.0,49237.8,Secondary / secondary special,Married,Commercial associate,-21330,-857,,,0.5797276907857819,0.6173661044962695
105083,1,F,N,N,0,110600.0,535600.0,43823.1,Higher education,Married,Pensioner,-24671,-53,,,0.28768209105046805,
105084,0,F,N,N,1,110100.0,390500.0,17060.4,Secondary / secondary special,Married,Working,-21516,-1943,,,0.5146352611029541,0.5400080355775894
105085,0,M,N,N,0,141300.0,282700.0,9841.5,Secondary / secondary special,Married,Working,-9081,-23,,,0.6557142621927282,0.47850684865536613
105086,0,F,N,Y,0,134500.0,326500.0,20155.6,Secondary / secondary special,Civil marriage,Working,-11055,365243,,0.7461445459539593,0.5602157823445966,0.3369841693216911
105087,0,M,N,Y,1,217100.0,763600.0,26751.9,Secondary / secondary special,Civil marriage,Commercial associate,-12840,-1476,,,0.6412990915027269,0.9445518403916293
105088,0,F,N,Y,0,91600.0,251100.0,12990.5,Secondary / secondary special,Married,Commercial associate,-19700,-132,,,0.6749157089730695,0.500024135173029
105089,0,M,Y,Y,0,260800.0,1351700.0,79871.2,Secondary / secondary special,Married,Pensioner,-19441,-1066,15.6,0.8993890299625339,0.41956734170331517,0.852416372179455
105090,0,F,N,Y,1,129600.0,245800.0,9342.1,Secondary / secondary special,Separated,Pensioner,-10074,365243,,,0.8044421757053379,0.7563652976769848
105091,0,F,Y,Y,0,250600.0,865400.0,71913.4,Secondary / secondary special,Single / not married,Working,-15548,-206,6.6,,0.857046591470861,
105092,1,M,N,N,1,460000.0,2731500.0,138227.5,Secondary / secondary special,Married,Pensioner,-15065,365243,,,0.7574071979127889,
105093,0,F,N,Y,0,233700.0,745600.0,52957.2,Secondary / secondary special,Married,Pensioner,-19765,365243,,0.44352312038231695,0.5902440922063317,0.652497036444242
105094,0,F,N,Y,0,195100.0,1035400.0,53849.1,Secondary / secondary special,Married,Commercial associate,-12245,-887,,,0.7662758576827946,0.6400666615106676
105095,0,M,N,N,0,243300.0,730500.0,35564.7,Secondary / secondary special,Married,Working,-11838,-1389,,,0.6494574979710336,0.8469486221027525
105096,1,F,N,Y,0,129000.0,610000.0,27126.7,Secondary / secondary special,Married,Commercial associate,-18132,-201,,,0.37140784287344814,0.3268384968583567
105097,0,M,Y,Y,0,165800.0,711300.0,55413.8,Secondary / secondary special,Single / not married,Commercial associate,-9122,-2547,14.2,0.34325272734831125,0.78199969067088,0.7666573185743313
105098,0,F,N,Y,0,108800.0,447200.0,17140.5,Higher education,Married,Working,-19396,-1610,,,0.5826417959144969,0.7317446963032016
105099,1,M,Y,Y,1,112000.0,250700.0,8836.0,Secondary / secondary special,Single / not married,Working,-15374,-492,3.9,,0.4167832811550475,0.7378198817760747
105100,0,M,N,N,0,169200.0,297100.0,10724.9,Secondary / secondary special,Single / not married,Commercial associate,-17073,-760,,,0.6865765021813275,0.5581054508236072
105101,0,F,N,N,1,153700.0,332900.0,15497.6,Higher education,Single / not married,Commercial associate,-21730,-227,,,0.7461608924957529,0.6872300055634117
105102,0,F,N,Y,0,178800.0,942900.0,40147.3,Higher education,Married,Working,-10843,-992,,0.487093613183168,0.5463236056674099,0.5629574349011186
105103,0,F,N,Y,0,156400.0,1015000.0,36080.7,Secondary / secondary special,Married,Pensioner,-11351,365243,,,0.47125386878974496,
105104,0,F,N,Y,0,129700.0,362900.0,29887.8,Secondary / secondary special,Single / not married,Working,-23467,-3207,,,0.6189161903669292,0.7973538997015709
105105,0,M,N,Y,2,223200.0,630000.0,26101.2,Higher education,Civil marriage,Working,-20661,-1276,,,0.4698556583762429,0.8726730927435039
105106,0,F,Y,Y,0,111500.0,381500.0,17852.6,Secondary / secondary special,Married,Working,-12275,-1509,11.0,,0.6442594767612941,0.23461705335189656
105107,0,F,N,Y,0,164900.0,544600.0,22355.0,Secondary / secondary special,Separated,Commercial associate,-20306,-1915,,0.5757541616277523,0.7244788366310615,
105108,0,F,N,N,0,246800.0,1157200.0,83113.5,Secondary / secondary special,Separated,Working,-15685,-2343,,,0.470797362687642,
105109,0,F,N,N,0,202700.0,757500.0,47494.2,Secondary / secondary special,Single / not married,Commercial associate,-18492,-2130,,,0.9275838169955222,0.25431441823637024
105110,0,M,N,N,0,145400.0,672500.0,23734.9,Secondary / secondary special,Married,Working,-21461,-417,,0.8417821896749117,0.7454554055467417,
105111,0,F,Y,N,0,65600.0,130300.0,10980.4,Lower secondary,Single / not married,Working,-8454,-716,16.2,,0.508181165981186,
105112,0,F,Y,Y,2,126400.0,658400.0,23093.1,Incomplete higher,Married,Working,-18385,-143,8.7,,0.847435901042419,0.5496026059448542
105113,0,M,N,N,1,383100.0,2051300.0,84022.7,Secondary / secondary special,Married,Working,-13604,-336,,,0.7013655791018426,
105114,0,M,Y,N,0,131700.0,823100.0,54365.5,Higher education,Married,Working,-16719,-1571,11.0,0.7171104955483727,0.6342603281728275,0.6955535086781041
105115,0,F,N,Y,1,146900.0,701300.0,29363.1,Higher education,Single / not married,Working,-14047,-1386,,0.8937589158664259,0.6385564636846951,0.6623218472773618
105116,0,M,N,Y,0,158900.0,695900.0,24860.8,Incomplete higher,Married,Working,-24168,-68,,,0.33526600015714497,0.8389472033914652
105117,0,F,Y,Y,0,178500.0,786500.0,56047.2,Higher education,Married,Working,-18139,-975,13.2,,0.806944181690231,0.7245451905690963
105118,0,M,N,N,1,109700.0,214900.0,9018.5,Higher education,Married,State servant,-22512,-538,,0.5634114562810313,0.4140907970504686,0.5742190502529756
105119,0,F,N,N,0,207100.0,651900.0,22309.4,Secondary / secondary special,Married,Commercial associate,-12171,-362,,0.8828125607773023,0.4839098262289361,0.7190720124957589
105120,1,F,N,N,0,177000.0,1053600.0,70020.8,Secondary / secondary special,Married,Working,-14062,-1097,,,0.30322516420774936,
105121,0,F,N,Y,0,67800.0,401400.0,14178.0,Secondary / secondary special,Married,Working,-21469,-176,,,0.7177643894940196,0.5833369733591655
105122,0,F,N,N,0,46900.0,294200.0,23382.6,Secondary / secondary special,Married,Working,-11780,-2578,,0.7178866640375038,0.6748119957212827,
105123,1,F,N,Y,1,115700.0,561900.0,22889.4,Higher education,Married,Working,-25202,-350,,,0.4161682337875293,0.45798120842094625
105124,0,F,N,Y,0,85400.0,223400.0,20384.5,Lower secondary,Married,Working,-19242,-1428,,,0.7245667913627051,
105125,0,F,N,Y,0,169300.0,957200.0,46512.9,Higher education,Single / not married,Pensioner,-23393,-206,,0.6693517061236085,0.7332026929294927,0.8192212711308916
105126,0,F,N,N,1,124400.0,546600.0,49271.9,Higher education,Married,Working,-9502,-205,,,0.3138557676094041,0.6067039647489754
105127,1,F,Y,N,0,182000.0,360500.0,12205.0,Secondary / secondary special,Civil marriage,Pensioner,-14925,365243,17.5,,0.6277475511268865,0.5561384498467145
105128,0,F,Y,Y,0,183000.0,328200.0,12253.6,Secondary / secondary special,Married,Commercial associate,-13559,-549,12.8,0.8602778078456563,0.5502458088206961,0.6839772204432168
105129,0,M,N,Y,0,93700.0,432700.0,15888.4,Secondary / secondary special,Married,Working,-24693,-228,,,0.18542769794814148,
105130,0,M,N,Y,0,125000.0,599200.0,21019.8,Secondary / secondary special,Married,Working,-10207,-132,,,0.3925865342834303,0.8033411985630782
105131,1,F,Y,Y,0,114800.0,349500.0,14320.3,Higher education,Married,Working,-20787,-1396,11.9,0.5975781251150719,0.5245210749139269,0.5799389390620626
105132,1,F,Y,N,0,224100.0,1385000.0,87633.7,Secondary / secondary special,Married,Pensioner,-18730,-2657,2.6,,0.26915788271553964,
105133,0,F,N,Y,0,136100.0,324300.0,10810.7,Secondary / secondary special,Single / not married,Pensioner,-22596,365243,,,0.2611687370833771,
105134,0,F,N,Y,0,258600.0,587900.0,34583.4,Secondary / secondary special,Married,Working,-24804,-120,,,0.7543517339684607,0.5541475934524266
105135,0,M,N,Y,0,265100.0,887400.0,32376.3,Secondary / secondary special,Married,Working,-21799,-137,,,0.6614408197430033,0.7463958788176254
105136,0,F,Y,N,1,138600.0,553300.0,22116.7,Higher education,Married,Working,-12090,-512,8.3,,0.8303023816582161,
105137,0,F,N,N,0,112800.0,432000.0,19025.7,Higher education,Married,Working,-22296,-3427,,,0.36057428766742794,0.5222726981864254
105138,0,F,N,Y,1,99300.0,492400.0,21005.9,Secondary / secondary special,Married,Pensioner,-16905,365243,,0.9430179515785125,0.6930394872345855,0.5089803008193351
105139,0,F,N,Y,0,202700.0,505600.0,50542.2,Higher education,Married,Working,-19124,-387,,0.5417531548822874,0.6788874059139863,
105140,0,M,Y,N,0,140800.0,576600.0,26860.0,Secondary / secondary special,Married,Working,-12586,-90,12.3,,0.7217154261358258,0.6535661009012291
105141,1,F,N,Y,1,106100.0,425600.0,35775.1,Secondary / secondary special,Single / not married,Commercial associate,-21976,-1529,,0.6897023763605443,0.7553727123782048,0.2515548723228479
105142,1,F,N,Y,0,220500.0,1328500.0,44312.0,Secondary / secondary special,Married,Working,-15462,-242,,0.678326744770073,0.6826541580346943,0.7196721683984407
105143,0,F,N,Y,1,222300.0,1228400.0,86411.7,Higher education,Married,Working,-21842,-833,,0.5067533027709019,0.6589327357857315,
105144,0,M,N,N,0,96100.0,566800.0,21010.4,Higher education,Single / not married,Working,-15160,365243,,0.5559169086912981,0.6080026876333081,
105145,0,F,N,N,0,173300.0,1018400.0,39439.9,Secondary / secondary special,Married,Commercial associate,-18479,-1788,,0.363358199291236,0.697070254922665,0.8111963903943281
105146,1,M,Y,Y,0,191900.0,384300.0,16412.7,Higher education,Civil marriage,State servant,-9475,-2375,7.5,,0.6600269356039211,0.479832149008827
105147,0,M,N,Y,0,316700.0,1273800.0,59189.9,Higher education,Single / not married,Pensioner,-9291,365243,,0.641482874200054,0.6375962786618536,0.6615765886263675
105148,1,F,N,Y,0,136700.0,800300.0,43118.1,Incomplete higher,Married,Commercial associate,-24377,-269,,,0.4588697578725092,0.5281984805267362
105149,0,M,Y,Y,0,147300.0,828700.0,32813.5,Secondary / secondary special,Married,Pensioner,-20399,365243,5.3,0.3210020885543721,0.5437812194049043,
105150,0,F,Y,Y,0,198300.0,1205200.0,67826.0,Secondary / secondary special,Married,Commercial associate,-10697,-192,15.3,,0.6591016624003563,
105151,0,M,N,Y,0,260700.0,446300.0,17781.1,Secondary / secondary special,Single / not married,Working,-18149,-2833,,0.7075183995632003,0.7724547443502652,0.3928361188673811
105152,0,F,N,Y,1,176400.0,635000.0,46486.5,Higher education,Married,Working,-21366,-1172,,0.5977714655015494,0.8071764705171902,0.45812018169199
105153,0,F,N,Y,0,163000.0,338900.0,12848.2,Secondary / secondary special,Single / not married,Working,-18166,-3180,,,0.7863215703443494,0.15336364102881261
105154,0,F,Y,Y,0,114400.0,241700.0,9515.3,Secondary / secondary special,Married,Working,-15532,-2221,7.5,,0.7567220005855319,
105155,0,F,Y,Y,0,127300.0,546500.0,21651.4,Academic degree,Single / not married,State servant,-22313,-1486,4.8,0.6951394358337971,0.6461844341500576,
105156,0,F,Y,N,0,137700.0,885300.0,48718.5,Secondary / secondary special,Widow,Commercial associate,-8560,-1985,2.1,0.6968049939020776,0.8167076886151327,0.49214140372161447
105157,0,F,N,Y,1,201900.0,1066100.0,44344.1,Secondary / secondary special,Married,State servant,-18773,-160,,0.8498493883887054,0.7308980940989308,0.6046918361562346
105158,0,F,N,N,0,180200.0,754600.0,37369.2,Academic degree,Married,Working,-15963,-516,,0.905709167800788,0.6141275158932878,0.6116326483928468
105159,0,F,N,N,1,108000.0,613500.0,39879.8,Secondary / secondary special,Married,Working,-19033,365243,,0.539716264236538,0.6286687023717078,0.7828314569985493
105160,0,F,N,N,1,215900.0,1005300.0,51851.4,Secondary / secondary special,Married,State servant,-12762,-1264,,0.7484510799718044,0.349488268531894,0.5116659891747871
105161,0,M,Y,Y,0,136500.0,263000.0,14606.9,Secondary / secondary special,Married,Working,-10518,-18,3.7,,0.5882434977452926,
105162,0,M,N,Y,0,137400.0,636800.0,48110.9,Secondary / secondary special,Married,Commercial associate,-24749,-916,,0.7703536311713013,0.7144140012879946,0.6629460986958733
105163,0,F,N,Y,0,208100.0,392700.0,38119.0,Secondary / secondary special,Single / not married,Working,-22821,-2448,,0.4998859808341442,0.7180624933785328,0.543546558907805
105164,0,F,N,Y,1,220100.0,740500.0,32071.2,Secondary / secondary special,Separated,Pensioner,-23605,365243,,,0.5680171527326429,0.6223383975489213
105165,0,F,Y,Y,0,172100.0,574300.0,23137.2,Secondary / secondary special,Single / not married,Working,-21148,-3025,20.0,,0.37175212569760263,0.695771337516459
105166,0,M,N,Y,1,341900.0,2198600.0,135766.4,Secondary / secondary special,Married,Pensioner,-8808,365243,,,0.5846002041342386,0.3760653392699133
105167,0,F,Y,Y,0,63300.0,135300.0,4519.2,Higher education,Married,Working,-18678,-596,13.1,,0.8737177669938767,0.3868111506549124
105168,1,M,Y,N,0,227400.0,1304600.0,90644.9,Secondary / secondary special,Married,Working,-14357,-2385,10.7,,0.4198836243770239,0.9399016923967195
105169,0,F,Y,Y,0,93900.0,283400.0,12776.4,Higher education,Married,Pensioner,-13530,365243,18.6,0.5076486988204311,0.7375116518934568,
105170,0,F,Y,N,1,146200.0,570500.0,21674.3,Incomplete higher,Married,Working,-12039,-1056,2.6,0.6369057290147502,0.7318856624216261,0.6429935068139445
105171,0,M,Y,N,0,148900.0,883700.0,36213.3,Higher education,Civil marriage,Working,-10837,-2748,1.1,0.5130519518490787,0.5021265984919753,0.7249917559213334
105172,0,F,N,Y,0,144000.0,518700.0,28929.2,Secondary / secondary special,Married,Commercial associate,-10115,-1954,,0.6615610407955737,0.6654357892622097,0.890696477152154
105173,0,M,Y,Y,0,98100.0,479000.0,17649.3,Secondary / secondary special,Married,Working,-9795,-990,13.1,0.4187201129351905,0.5456755726409874,0.3918112792805017
105174,0,F,N,Y,0,80200.0,474700.0,19071.0,Secondary / secondary special,Married,Working,-20145,-78,,0.7087628501147185,0.46042799699235826,0.43737385998701317
105175,0,F,N,N,0,62200.0,155100.0,10260.4,Secondary / secondary special,Married,Working,-23982,-7732,,,0.6199398413311622,0.5134095434285761
105176,0,F,N,N,0,134600.0,424200.0,17132.4,Secondary / secondary special,Married,Commercial associate,-14337,-579,,,0.46333633183999823,0.6207988395016341
105177,0,F,N,Y,0,157100.0,713000.0,42925.2,Incomplete higher,Married,Working,-9528,-1067,,,0.5599249918234503,0.5737404370366216
105178,0,F,N,Y,0,193200.0,650200.0,42592.9,Secondary / secondary special,Married,Pensioner,-11547,365243,,,0.8214157935965047,
105179,0,F,Y,Y,0,249300.0,925200.0,52606.4,Secondary / secondary special,Married,Pensioner,-20766,365243,5.7,0.6485814642558476,0.6640418481363718,0.7573517333127922
105180,0,F,N,N,0,215800.0,1094800.0,60862.9,Higher education,Married,Working,-13780,-508,,0.6937037500497871,0.508275961932075,0.6620512761213441
105181,0,M,N,N,0,230600.0,1346600.0,131039.8,Lower secondary,Widow,Commercial associate,-19290,-2997,,,0.29344794619101583,0.6768154653199472
105182,0,F,N,N,1,94200.0,318800.0,20888.5,Higher education,Civil marriage,Commercial associate,-11275,-62,,,0.5278389311813309,
105183,0,F,N,Y,0,243000.0,687900.0,29055.0,Secondary / secondary special,Married,Commercial associate,-20938,-2792,,0.7657286895340988,0.583745248473216,0.6711229007144451
105184,0,M,N,Y,1,175000.0,902900.0,51690.6,Secondary / secondary special,Single / not married,Working,-19156,365243,,,0.7894276989751433,0.571282160648512
105185,1,F,N,Y,0,82400.0,369600.0,16314.9,Secondary / secondary special,Married,Commercial associate,-11566,-1049,,0.6217466583095091,0.5119168669890853,
105186,0,M,N,Y,1,239400.0,1248400.0,54046.3,Secondary / secondary special,Separated,Working,-24009,-51,,0.7151168716456106,0.2568843910375388,
105187,1,F,N,Y,0,99400.0,616300.0,20836.5,Secondary / secondary special,Married,Working,-16833,-311,,,0.5655304335707547,
105188,0,F,N,N,0,92800.0,245600.0,13246.8,Higher education,Married,Working,-11524,-1868,,,0.8048087787974684,0.7148556947730383
105189,0,M,N,N,0,296000.0,1566500.0,71732.7,Secondary / secondary special,Married,State servant,-17605,-1222,,,0.7984845273263577,0.5005375294608752
105190,0,F,N,Y,0,164600.0,470600.0,19324.5,Incomplete higher,Widow,Working,-14951,-971,,,0.6723012825691115,0.8550387099771276
105191,0,F,N,Y,0,92500.0,252400.0,10730.1,Secondary / secondary special,Separated,Commercial associate,-23749,-3669,,0.7794188903061193,0.6324817337690123,0.77862003835912
105192,0,M,N,Y,0,116000.0,591600.0,28694.6,Secondary / secondary special,Married,Working,-13102,-3102,,,0.707521208453444,0.6556236660948512
105193,0,F,Y,N,0,238000.0,698000.0,26965.3,Higher education,Married,Working,-23209,-1226,4.5,,0.4833726251531417,0.8194010613613707
105194,0,M,Y,N,0,86100.0,134700.0,5831.4,Secondary / secondary special,Married,Working,-20685,-1553,7.3,0.5504568073088567,0.6866374995835545,0.7681861235633168
105195,0,M,N,Y,0,138700.0,500600.0,21413.2,Secondary / secondary special,Single / not married,Working,-19590,-1184,,0.6389559581361699,0.6403702772773676,0.5955623466983252
105196,0,M,Y,Y,0,138700.0,459000.0,29201.6,Secondary / secondary special,Married,Commercial associate,-10893,-436,10.5,0.6886260467355187,0.4800882546096691,0.48376407700769997
105197,0,F,N,Y,0,503200.0,815300.0,31523.8,Secondary / secondary special,Married,Commercial associate,-9180,-905,,0.5247897133086485,0.7379409111850767,0.6772597331099723
105198,0,F,N,Y,0,76700.0,249100.0,11709.3,Secondary / secondary special,Married,Working,-22825,-638,,0.43717235016398875,0.7895629186623757,
105199,0,M,N,Y,0,78100.0,258200.0,9600.8,Higher education,Married,Working,-17672,-6380,,,0.7044000274603206,0.7910607713885913
105200,0,F,N,Y,2,114500.0,476200.0,36234.8,Secondary / secondary special,Married,Working,-24593,-3248,,,0.17601995384843222,0.6073190607510701
105201,0,F,N,Y,0,110800.0,438900.0,24670.3,Lower secondary,Civil marriage,Commercial associate,-16723,-620,,0.5267888153570639,0.6710387462764135,0.47945181742469967
105202,0,F,N,Y,1,150100.0,348200.0,14502.2,Higher education,Separated,Working,-18038,-1075,,,0.6337378046115775,0.5882632793996995
105203,1,F,Y,Y,2,119500.0,595700.0,21158.6,Higher education,Married,Pensioner,-25151,365243,14.8,,0.6595244843990554,0.6096862400097365
105204,0,F,N,N,0,216300.0,1312300.0,48030.7,Higher education,Civil marriage,Working,-20221,-3184,,,0.6078433175546718,0.9238575015771046
105205,0,F,Y,Y,0,153700.0,841200.0,37864.5,Higher education,Single / not married,Working,-13982,-819,18.2,0.28893929305864535,0.877024670627923,0.5782080361896544
105206,0,F,N,Y,0,95700.0,219500.0,8865.9,Secondary / secondary special,Married,Commercial associate,-22183,-35,,0.4589152538697373,0.33592016675358666,0.7651961998053936
105207,0,F,N,N,0,132800.0,566100.0,31076.7,Higher education,Married,Pensioner,-12850,365243,,,0.6684777090997093,
105208,0,M,N,Y,2,130900.0,319800.0,23797.2,Secondary / secondary special,Married,Working,-16875,-358,,0.7714399450442251,0.7248806797465512,0.5098837191498652
105209,0,F,N,Y,0,247300.0,864200.0,43772.6,Secondary / secondary special,Widow,Working,-11841,-300,,0.7841765973404295,0.42717179779796766,
105210,0,F,N,Y,2,218200.0,1284100.0,44135.0,Secondary / secondary special,Single / not married,Working,-25109,-264,,,0.6613943368898111,0.5883294198465595
105211,0,F,N,N,0,203900.0,425100.0,24320.4,Secondary / secondary special,Married,Working,-24054,-1017,,0.459955979581266,0.4321234077435339,0.7962803552911634
105212,0,F,N,Y,1,106600.0,661400.0,32151.5,Secondary / secondary special,Married,Commercial associate,-22990,-170,,,0.5861889091395788,0.3838912739602866
105213,0,M,N,Y,0,170300.0,542500.0,18797.1,Academic degree,Married,Commercial associate,-14703,-521,,0.45643504116314687,0.6951244426114134,0.9740426552317809
105214,0,M,Y,Y,0,88100.0,404900.0,33671.3,Secondary / secondary special,Married,Working,-20442,-2162,6.7,0.4483151288148773,0.5653635938672328,0.6851040832181617
105215,0,F,N,N,0,198400.0,787400.0,71329.3,Secondary / secondary special,Single / not married,Working,-12242,-232,,0.6728273025799173,0.7579736654150281,
105216,0,F,Y,Y,1,255700.0,1091100.0,48707.0,Secondary / secondary special,Civil marriage,Commercial associate,-14507,-1446,17.0,0.8719182816472413,0.781994567552881,0.49983855485752493
105217,0,F,N,Y,0,57800.0,267900.0,15791.9,Secondary / secondary special,Married,Commercial associate,-21775,-1729,,,0.5231059687033524,0.7313370250352815
105218,0,F,N,Y,0,142400.0,276900.0,11890.3,Secondary / secondary special,Married,Pensioner,-8659,365243,,,0.7526607226833594,
105219,0,F,Y,Y,1,142400.0,356200.0,19896.1,Secondary / secondary special,Married,Commercial associate,-8538,-1963,17.3,0.6966769175333124,0.8007847577277049,0.49182115513843494
105220,0,F,N,Y,0,223000.0,1174300.0,58098.0,Higher education,Married,Working,-19260,-367,,0.7385658769835034,,
105221,0,F,Y,Y,0,113700.0,597000.0,20365.2,Secondary / secondary special,Married,Commercial associate,-21250,-2387,13.5,0.8202080751599214,0.9126018088745455,
105222,0,F,Y,Y,0,113000.0,483200.0,24974.1,Secondary / secondary special,Married,Working,-14394,-358,13.5,0.6484120535390784,0.29345211496903245,0.8379838689869091
105223,0,F,Y,Y,0,159600.0,994300.0,42201.2,Secondary / secondary special,Single / not married,Commercial associate,-19498,-305,11.0,0.42886295820206105,0.6582494990206171,0.8486341837132672
105224,0,F,Y,N,0,195300.0,335800.0,11218.0,Secondary / secondary special,Married,Working,-23501,-100,18.1,0.9626095913775498,0.5716737987660041,0.25030039075615707
105225,0,F,N,Y,0,163000.0,979900.0,54545.2,Secondary / secondary special,Civil marriage,Pensioner,-9423,365243,,0.6775536747983683,0.43239943037224093,0.632796847819133
105226,0,F,N,Y,2,220900.0,809900.0,79539.8,Secondary / secondary special,Separated,Working,-22230,-689,,0.6951608997188705,0.48685364533042774,0.6743970920736844
105227,0,F,N,N,0,202600.0,1228100.0,51018.0,Secondary / secondary special,Married,Working,-17869,-434,,,0.6730043216046047,0.4996213004569036
105228,0,F,N,N,0,117700.0,450900.0,19742.7,Secondary / secondary special,Single / not married,Working,-15074,-1896,,,0.9676108051405908,0.6097059943637055
105229,0,F,N,Y,0,150200.0,803700.0,47018.9,Secondary / secondary special,Married,Pensioner,-8576,365243,,0.818393223274456,0.7964128264822664,0.3401780223374493
105230,0,F,N,N,0,190300.0,1221700.0,49601.2,Secondary / secondary special,Married,Commercial associate,-14403,-3751,,0.730150534754175,0.5517498345477009,
105231,0,M,N,Y,2,104100.0,611100.0,24160.1,Secondary / secondary special,Married,Working,-21588,-1376,,0.6457678531205451,0.5089984971541816,0.8062196450559309
105232,0,M,Y,N,1,109500.0,213200.0,14598.0,Secondary / secondary special,Married,Working,-17171,-2207,7.5,0.7572867555327796,0.23195613241421634,0.8149275180814897
105233,0,F,N,Y,0,77100.0,418200.0,30148.2,Higher education,Single / not married,Working,-10761,-452,,0.8024630458946072,0.8054367252478357,0.6447389812409554
105234,0,F,N,Y,3,253000.0,965400.0,40857.8,Secondary / secondary special,Single / not married,Commercial associate,-11741,-19,,,0.8193673762662477,0.31017522345607895
105235,0,M,Y,N,0,394600.0,1162300.0,62727.2,Higher education,Married,Commercial associate,-22530,-180,0.6,0.5179344669482563,0.6244812725894647,0.5940052041494689
105236,1,F,N,Y,0,109700.0,555200.0,44391.1,Secondary / secondary special,Married,Commercial associate,-15259,-1697,,0.3695059697029235,0.6278161850847525,0.5343084339281637
105237,0,F,N,N,1,192800.0,707500.0,57818.5,Secondary / secondary special,Single / not married,Commercial associate,-9344,-2769,,0.3145697044281061,0.9572754332821269,0.6151744061811162
105238,0,F,N,Y,0,261100.0,1159200.0,114399.4,Secondary / secondary special,Single / not married,Pensioner,-24734,365243,,0.855730482596171,0.448600291196689,
105239,0,F,N,Y,0,88000.0,476200.0,41038.6,Higher education,Civil marriage,Working,-12113,-120,,0.750282368676501,0.7280653447244542,0.7382002283901757
105240,0,F,N,N,0,174200.0,977800.0,41683.6,Secondary / secondary special,Single / not married,Pensioner,-21634,-388,,0.38497394936430923,0.8050033333870755,0.5008927933960654
105241,0,F,N,Y,0,270700.0,1038400.0,36117.1,Higher education,Married,Working,-7894,-55,,0.5141961351063664,0.7724862147151271,0.5501555725395129
105242,0,F,N,N,1,132400.0,490200.0,18919.1,Higher education,Married,Commercial associate,-12167,-2950,,0.6180414915129084,0.6202776224412783,0.5536644083769582
105243,0,F,Y,N,0,143900.0,513100.0,26145.5,Secondary / secondary special,Married,Commercial associate,-13580,-334,5.9,,0.4729724901916002,
105244,0,F,N,Y,0,278000.0,1357700.0,56822.1,Secondary / secondary special,Married,Pensioner,-22737,365243,,,0.49438581264989545,0.4421324618185376
105245,0,F,N,Y,0,123500.0,770400.0,35326.3,Secondary / secondary special,Civil marriage,Working,-20783,365243,,,0.7902483694949799,0.7709691913249735
105246,0,M,N,Y,2,115400.0,327700.0,22385.6,Higher education,Separated,Commercial associate,-13070,-13,,,0.8161490758995759,0.5565314658506233
105247,0,F,N,Y,0,137600.0,403000.0,22404.1,Secondary / secondary special,Widow,Commercial associate,-21476,-603,,,0.5688737495992604,0.6817988327582231
105248,1,F,N,Y,1,339500.0,1609000.0,82232.5,Incomplete higher,Married,Unemployed,-21872,365243,,0.65142756357094,0.3757239789753325,
105249,0,F,N,Y,0,214400.0,801800.0,51945.8,Secondary / secondary special,Married,Working,-16646,-1749,,0.6422589526585689,0.5851687791747283,0.4682441783824817
105250,0,M,Y,N,1,190900.0,331400.0,11505.4,Higher education,Married,Commercial associate,-16574,-907,3.1,,0.5080307442539581,0.406099774458299
105251,0,F,Y,Y,0,190100.0,354000.0,22742.8,Secondary / secondary special,Civil marriage,Working,-16603,-197,17.4,0.7658927995594635,0.6360717724961514,0.5421305435676159
105252,0,F,Y,N,1,90800.0,410700.0,17190.5,Secondary / secondary special,Married,Pensioner,-10605,365243,7.1,,0.6414272129430781,0.9648391496018814
105253,0,F,N,Y,1,193500.0,655800.0,39591.3,Secondary / secondary special,Single / not married,Pensioner,-21919,365243,,0.5177364609317782,0.5476900793303965,0.7211040207357856
105254,1,M,Y,Y,0,124300.0,574400.0,29349.6,Higher education,Separated,Commercial associate,-20198,-741,13.6,0.6092197264094944,0.49883496778240966,
105255,0,M,N,Y,1,138300.0,728000.0,30184.4,Secondary / secondary special,Married,Working,-22561,-132,,0.5730549477825834,0.4325204440275415,0.926040173417224
105256,0,M,N,Y,0,135100.0,433400.0,17177.9,Higher education,Married,Commercial associate,-21970,-33,,0.5002817331031987,0.40853423946715517,0.5929449105580319
105257,0,F,N,Y,0,231100.0,1018700.0,69369.5,Secondary / secondary special,Civil marriage,Commercial associate,-21440,-1718,,0.6489005577095076,0.7806171878606644,0.8915291503617855
105258,0,F,N,Y,0,344900.0,1246000.0,59441.7,Secondary / secondary special,Married,Working,-21351,-2945,,0.8615841581649184,0.7587321013320669,0.3159415718529388
105259,0,F,N,N,0,100400.0,613800.0,26960.3,Secondary / secondary special,Married,Pensioner,-24228,365243,,,0.64881992277429,0.6200318913297902
105260,0,F,N,N,1,245500.0,1552900.0,145125.9,Higher education,Married,Working,-18284,-3768,,,0.3081285666774394,0.3653843765463882
105261,0,M,Y,Y,0,142000.0,692700.0,27537.1,Secondary / secondary special,Married,Working,-22185,-1670,0.1,,0.7038675940355984,0.5447203982999975
105262,0,F,N,N,0,217000.0,739500.0,32858.8,Higher education,Widow,Commercial associate,-21719,-1494,,,0.4385491856730157,0.4218394255652905
105263,1,F,Y,N,0,176600.0,1103000.0,48376.8,Higher education,Married,Working,-12407,-246,12.3,0.40840674887574935,0.47206071730191324,
105264,0,M,N,Y,0,117100.0,372100.0,26451.7,Lower secondary,Married,Commercial associate,-17588,-3271,,0.7054240690599711,0.669732958425323,0.5815444500255036
105265,0,F,N,N,1,116300.0,482400.0,24299.3,Secondary / secondary special,Separated,Working,-20463,-2788,,0.5890406666804755,0.7138721529430099,0.7751457021745953
105266,0,F,Y,Y,0,140300.0,870100.0,40705.3,Secondary / secondary special,Married,Commercial associate,-9484,-108,0.5,,0.5092005514671477,0.40601764892468734
105267,0,F,Y,Y,0,181700.0,825300.0,48758.5,Secondary / secondary special,Single / not married,Working,-16972,-317,10.7,,0.8815690809849662,0.6489097302470046
105268,0,M,N,Y,0,193400.0,677900.0,28621.2,Secondary / secondary special,Separated,Commercial associate,-7720,-1145,,0.8083335672497358,0.47082297154500996,
105269,0,M,N,N,0,588900.0,977900.0,90662.5,Secondary / secondary special,Married,Commercial associate,-11883,-3350,,0.8451487102999156,0.8243603192795008,0.7859307040906219
105270,0,F,N,N,0,197900.0,1078900.0,53595.1,Higher education,Married,Commercial associate,-16197,-539,,,0.7084865668693376,0.5308764581976001
105271,0,M,Y,N,0,86400.0,167000.0,14922.6,Secondary / secondary special,Married,Working,-13051,-44,2.1,,0.41105371923275896,0.46225598234788057
105272,0,M,Y,N,0,273000.0,532600.0,28395.4,Secondary / secondary special,Married,Commercial associate,-21188,-1726,13.8,0.5816856906737711,0.5861536378436396,
105273,0,M,N,Y,0,202800.0,534700.0,19209.0,Secondary / secondary special,Married,Commercial associate,-18845,-863,,0.5579726907319776,0.7742001027710284,0.802797898565853
105274,0,M,N,Y,1,144200.0,670900.0,35331.7,Higher education,Married,Working,-12360,-657,,0.7346003198286997,0.5814675370724353,
105275,0,F,Y,Y,1,94200.0,562000.0,18967.6,Secondary / secondary special,Married,Working,-7969,-1395,8.9,0.7248680507443288,0.7423274236181839,
105276,0,M,Y,Y,0,136900.0,211000.0,8410.5,Higher education,Single / not married,Working,-12135,-401,8.8,,0.7937299498405513,0.730439996806749
105277,0,F,N,Y,0,262800.0,1285100.0,44416.6,Secondary / secondary special,Married,Pensioner,-16770,365243,,0.43275065208070884,0.4937219377735025,0.8296968824629932
105278,1,M,N,N,0,194300.0,798200.0,29016.2,Secondary / secondary special,Married,Working,-21033,-695,,0.44003558535459036,0.7454077819818191,0.3335256903270232
105279,0,F,N,Y,1,285900.0,1316700.0,48526.1,Incomplete higher,Married,Commercial associate,-18248,-585,,0.7594161845892631,0.6286958661343676,0.8305595517351626
105280,0,M,N,Y,0,279100.0,1381700.0,83231.4,Secondary / secondary special,Single / not married,Commercial associate,-8648,-2074,,,0.5181368157701968,0.6762314725958516
105281,0,M,N,N,0,170300.0,816600.0,30868.8,Secondary / secondary special,Married,Working,-15849,-66,,,0.5041802623317655,0.6648318201111537
105282,0,F,N,N,1,37600.0,212500.0,12698.8,Higher education,Married,Working,-24492,-1623,,0.68868547209305,0.7451368786692714,0.871420885954694
105283,0,M,Y,Y,1,103400.0,211500.0,7847.3,Secondary / secondary special,Separated,Working,-23519,-372,19.8,,0.537584213557483,0.7808390577859089
105284,0,F,Y,Y,0,77500.0,202800.0,10463.5,Secondary / secondary special,Single / not married,Working,-20685,-5510,19.4,0.7266636587402951,0.4296935900026833,0.6242792935478708
105285,0,F,N,N,1,293600.0,1680200.0,165261.2,Incomplete higher,Single / not married,Working,-12646,-56,,,0.7227282781109959,0.3953020889123527
105286,0,F,N,Y,0,195600.0,363000.0,12836.5,Secondary / secondary special,Single / not married,Pensioner,-8058,365243,,0.5861587828397895,0.33073787318033815,
105287,1,M,N,Y,0,140700.0,900900.0,37639.2,Incomplete higher,Married,State servant,-15671,-687,,0.6116155686910575,0.8201897724316458,0.4868663340381826
105288,0,F,Y,Y,2,122700.0,463000.0,19507.7,Higher education,Married,Working,-14234,-312,6.7,,0.5019798136471766,0.5566793083811102
105289,0,F,Y,Y,1,252500.0,825000.0,29967.2,Secondary / secondary special,Married,Working,-19519,-1795,3.8,0.5904611664137588,0.5755726835739262,
105290,0,F,Y,Y,0,103500.0,384800.0,13164.3,Secondary / secondary special,Civil marriage,Commercial associate,-8907,-2333,6.5,0.5773304633607244,0.6405174468151443,
105291,0,F,N,Y,1,86700.0,253700.0,10016.1,Secondary / secondary special,Widow,State servant,-23858,-1838,,,0.7565105948288202,0.5927563000628118
105292,0,F,N,Y,0,83400.0,469400.0,21935.8,Secondary / secondary special,Married,State servant,-20571,-408,,0.29013119241874535,0.9168840234142344,0.8651631398749319
105293,1,M,N,Y,1,162600.0,744800.0,54893.8,Secondary / secondary special,Married,State servant,-24693,-1921,,0.4513027402697519,0.5299352194778943,0.5851634377658765
105294,0,M,N,Y,1,107400.0,315800.0,12970.7,Higher education,Single / not married,Working,-22840,-215,,,0.4849129517625515,0.4751362626780059
105295,1,M,Y,Y,0,242600.0,1309900.0,65390.7,Lower secondary,Single / not married,State servant,-15213,-313,0.0,0.34110102706552564,0.3425078440159266,0.13749118704633895
105296,0,F,N,Y,1,153700.0,775100.0,37780.8,Incomplete higher,Married,Working,-19285,-981,,0.6535954707770721,0.928277561421601,0.22951301473620975
105297,0,M,Y,Y,0,82200.0,364600.0,15800.5,Incomplete higher,Married,Working,-22495,-14,3.9,0.6159679272064755,0.5852890811225367,0.8005491001658326
105298,0,F,Y,N,1,137800.0,512300.0,20349.1,Secondary / secondary special,Married,Commercial associate,-11244,-368,12.9,,0.5918782161158084,0.23325593925481697
105299,0,F,N,Y,0,98800.0,566900.0,37262.0,Secondary / secondary special,Married,Commercial associate,-7839,-1264,,0.7529009437120658,0.5150811520403953,0.6422233385404686
105300,0,F,N,Y,0,144500.0,366700.0,22434.1,Secondary / secondary special,Single / not married,Pensioner,-13062,365243,,,0.7819683472927811,
105301,0,F,Y,Y,0,249400.0,1504400.0,101525.6,Secondary / secondary special,Married,Commercial associate,-15339,-2230,12.8,,0.5230780682151365,0.6214636536814155
105302,0,F,Y,N,0,142300.0,637900.0,25414.9,Higher education,Married,Pensioner,-18620,365243,4.9,0.4946398990006104,0.48669644570637566,
105303,0,M,N,Y,0,112800.0,702100.0,36412.9,Higher education,Married,Working,-12288,-615,,,0.6686734166003961,0.7666223791916319
105304,0,F,Y,Y,1,185800.0,1147800.0,52388.4,Higher education,Married,Working,-15420,-1250,17.7,0.22186118099919108,0.914195928280566,0.5631933403162042
105305,0,F,N,N,2,125500.0,240700.0,11661.6,Secondary / secondary special,Single / not married,Pensioner,-19042,365243,,0.7051919524924982,0.6690714850904467,
105306,0,F,N,N,1,193300.0,613200.0,22746.9,Secondary / secondary special,Married,Working,-22124,-164,,0.4961255851154644,0.712414290291548,0.8095119571735597
105307,0,M,Y,Y,0,176000.0,840600.0,38837.1,Secondary / secondary special,Civil marriage,Working,-11648,-2323,18.9,0.6389719105396587,0.8184234928028893,0.6095382245485066
105308,1,F,Y,Y,2,94500.0,202700.0,6847.7,Secondary / secondary special,Single / not married,Working,-21694,-2958,18.6,0.3993701165285671,0.6096130016257936,
105309,0,F,Y,N,0,84000.0,355700.0,16214.5,Secondary / secondary special,Civil marriage,Pensioner,-24136,365243,9.6,,0.6047086225108073,0.621500795949974
105310,0,F,N,N,0,128400.0,411800.0,20540.1,Higher education,Married,Pensioner,-14850,365243,,0.8704199655187166,0.525413495319127,0.4412872769863929
105311,0,F,N,N,1,182400.0,1185100.0,105427.0,Secondary / secondary special,Married,Pensioner,-17347,365243,,0.48311364048900224,0.6766403469988612,
105312,0,F,N,N,0,330100.0,825900.0,44712.2,Secondary / secondary special,Married,Commercial associate,-7845,-1270,,0.5641276915272352,0.5286299134362668,0.7296221205546846
105313,0,F,Y,N,0,91000.0,186800.0,11177.8,Higher education,Single / not married,Pensioner,-20121,365243,10.4,,0.8694205601599747,0.8836690263460221
105314,0,F,N,N,0,96100.0,363000.0,16771.6,Secondary / secondary special,Married,Working,-22958,-1626,,0.8771417633552446,0.6499911938641441,0.8851615007725295
105315,1,F,Y,Y,0,234100.0,636600.0,37483.5,Secondary / secondary special,Married,Commercial associate,-8020,-885,15.6,0.5239612266372541,0.46202095164042456,0.7832297619594993
105316,0,F,Y,N,0,164300.0,911000.0,56280.8,Higher education,Married,Commercial associate,-22461,-2478,10.1,,0.31696005182764625,0.41819382260111815
105317,0,F,N,N,0,138800.0,220300.0,7348.4,Incomplete higher,Single / not married,State servant,-10282,-1450,,,0.5985290691195385,
105318,0,M,N,Y,0,203500.0,968900.0,59072.7,Secondary / secondary special,Married,Working,-22433,-897,,0.4204526626580941,0.5772084817380206,0.8718970625115313
105319,0,F,Y,Y,0,262900.0,930100.0,34417.5,Secondary / secondary special,Single / not married,State servant,-17170,-958,9.7,,0.5728970849003165,0.8082494935113224
105320,1,F,N,Y,0,239800.0,1476700.0,56381.7,Secondary / secondary special,Civil marriage,Commercial associate,-14159,-998,,,0.5873815122202273,
105321,0,F,N,N,0,109600.0,665100.0,40333.8,Secondary / secondary special,Married,Working,-24172,-3256,,0.6263921887188,0.7263281439018087,0.6213196967605195
105322,0,F,Y,Y,1,183200.0,1008200.0,57264.0,Secondary / secondary special,Married,Working,-18406,-775,15.8,,0.5496519662853449,0.5751407174007082
105323,0,M,Y,Y,0,250000.0,912000.0,36737.0,Secondary / secondary special,Civil marriage,Working,-8347,365243,2.8,,0.7423366971648874,0.6047102077262363
105324,0,F,N,Y,0,132000.0,479400.0,27057.8,Secondary / secondary special,Married,Commercial associate,-21099,-1569,,0.6488021105636359,0.528119028910848,0.5041299356767924
105325,0,F,Y,Y,0,177900.0,285800.0,26393.0,Secondary / secondary special,Married,Working,-10868,-1073,3.4,,0.4628352836335241,
105326,0,F,N,Y,2,115500.0,709000.0,35335.4,Secondary / secondary special,Married,Pensioner,-23857,365243,,0.2962555557580735,0.34592779549451275,0.587681406234874
105327,0,F,N,Y,0,97900.0,625200.0,30321.2,Secondary / secondary special,Married,Commercial associate,-10588,-1667,,,0.636027887487736,0.6951567442189567
105328,0,M,N,Y,0,181300.0,463000.0,27799.9,Higher education,Civil marriage,Pensioner,-16219,365243,,0.44624354283390033,0.5780796027364095,0.7261401419864051
105329,0,F,N,Y,1,228000.0,881000.0,79598.6,Secondary / secondary special,Married,Working,-16832,-5426,,0.7391260633565508,0.5970354422821907,0.5778854780673209
105330,0,F,N,Y,1,212200.0,932100.0,49691.9,Secondary / secondary special,Married,Pensioner,-17554,365243,,0.6523464068698548,0.6042373631888168,0.5425508088028359
105331,0,M,N,Y,1,82500.0,346400.0,11846.0,Secondary / secondary special,Married,Pensioner,-17019,365243,,,0.7105252667377908,0.41688399073613025
105332,0,M,Y,Y,0,272000.0,1060300.0,37076.0,Secondary / secondary special,Married,Commercial associate,-15367,-272,4.1,0.8846318274722251,0.6629174672698477,
105333,0,F,Y,N,0,195800.0,887300.0,33247.3,Secondary / secondary special,Married,Working,-20167,-744,17.8,,0.39990227351850194,0.6866563798337287
105334,0,F,N,N,0,250600.0,1365000.0,78447.4,Higher education,Married,Unemployed,-10397,365243,,,0.7475511946018557,0.3266155628718533
105335,0,F,Y,N,1,99400.0,354900.0,25966.5,Secondary / secondary special,Widow,Pensioner,-21472,365243,6.8,0.842727885846495,0.731240293932667,0.714658013577854
105336,0,M,Y,Y,0,220700.0,413300.0,14008.1,Secondary / secondary special,Married,Pensioner,-8326,365243,3.8,0.5548492841369905,0.6643848777796761,
105337,0,M,N,Y,1,201700.0,580600.0,21358.4,Secondary / secondary special,Married,Working,-22433,-1509,,0.7896012945522504,0.7974430078319449,0.8141262316060295
105338,0,M,N,N,0,85600.0,179500.0,12907.6,Higher education,Single / not married,Pensioner,-20816,365243,,,0.6438952118384071,0.5738457917125976
105339,0,M,Y,Y,0,184700.0,834800.0,45090.9,Secondary / secondary special,Married,Working,-21615,-9229,17.0,0.7637165007821385,0.6225276497086276,
105340,1,F,N,Y,0,95300.0,385500.0,17491.1,Secondary / secondary special,Married,Working,-12876,-1694,,,0.6481203828627299,0.6028067581826575
105341,0,F,N,Y,1,152600.0,343200.0,15476.5,Secondary / secondary special,Separated,Commercial associate,-22567,-3072,,0.6734402544355359,0.8779964638076725,0.6113311556723844
105342,0,F,N,Y,1,430200.0,1376200.0,60091.9,Higher education,Single / not married,Working,-19787,-37,,,0.7962925968311472,0.478971177353371
105343,1,M,Y,Y,0,172700.0,1047400.0,36108.1,Higher education,Married,Working,-24650,-1398,5.7,0.6373875353286679,0.7458558188017866,0.5316788104586491
105344,0,F,N,Y,1,144100.0,844100.0,64471.2,Secondary / secondary special,Married,Working,-8021,-1446,,0.5209630244735421,0.4677320225928942,0.6667750590263573
105345,0,F,Y,Y,0,77800.0,344900.0,12364.1,Secondary / secondary special,Married,Working,-21529,-1255,17.7,,0.46814579278919766,
105346,0,F,N,Y,0,172800.0,274000.0,17641.6,Higher education,Married,Commercial associate,-18597,-3301,,,0.7216699580360322,0.56456792812304
105347,0,M,N,Y,0,141700.0,771500.0,36682.0,Secondary / secondary special,Married,Working,-25010,-3746,,0.6477325412985794,0.42159721119506244,
105348,0,M,Y,N,1,61400.0,108000.0,5124.9,Secondary / secondary special,Married,Working,-15437,-1553,4.9,0.4590280363897845,0.6000920623084232,0.6150693850670778
105349,0,M,N,N,0,92800.0,564000.0,23544.9,Higher education,Civil marriage,Commercial associate,-12573,-268,,,0.307088856298512,0.9275576183749715
105350,0,F,N,Y,0,226500.0,999400.0,58725.9,Secondary / secondary special,Married,Unemployed,-23093,365243,,,0.7205192202779412,0.5687661348022397
105351,0,M,N,Y,1,271300.0,752100.0,61140.2,Secondary / secondary special,Civil marriage,Working,-13380,-2345,,0.4598392684220738,0.7522400940485113,0.6985928017948501
105352,0,M,N,Y,0,156900.0,310100.0,11525.7,Secondary / secondary special,Married,Working,-19991,-6932,,,0.6532043452911445,0.8615282255734361
105353,1,M,N,Y,1,239200.0,1240100.0,91126.1,Secondary / secondary special,Married,State servant,-13488,-126,,,0.4590440079734777,0.4972872359273419
105354,1,M,N,N,0,154100.0,333700.0,22555.4,Secondary / secondary special,Married,Pensioner,-24250,365243,,,0.43235445681872037,0.5284335287626729
105355,1,M,N,N,0,108000.0,413500.0,35694.3,Secondary / secondary special,Married,Commercial associate,-16893,-15,,,0.40484214393259826,0.6049812675537428
105356,0,M,Y,Y,0,408700.0,656900.0,32538.0,Secondary / secondary special,Married,Commercial associate,-13276,-609,8.6,,0.566074978607786,0.6297434386452216
105357,0,F,N,N,1,80400.0,487800.0,22056.8,Secondary / secondary special,Married,Working,-22088,-2038,,0.9460864973469092,0.7487694725639485,
105358,1,F,N,Y,0,183700.0,985100.0,48219.4,Secondary / secondary special,Civil marriage,Commercial associate,-8765,-247,,0.8282882187397246,0.8970877876501389,0.5469239528447819
105359,0,F,N,Y,0,113300.0,259500.0,22195.5,Secondary / secondary special,Single / not married,Pensioner,-9314,365243,,0.8062448539693897,0.7541733189365809,
105360,0,M,N,N,0,138200.0,648600.0,24244.7,Secondary / secondary special,Married,State servant,-22339,-449,,,0.5207986496828256,0.7849677408385186
105361,0,F,N,Y,0,310300.0,1206300.0,107291.3,Secondary / secondary special,Married,Working,-13340,-1059,,,0.6138396461701091,0.6413550011490828
105362,0,F,N,Y,1,154900.0,299500.0,10106.6,Secondary / secondary special,Separated,Working,-10765,-1481,,0.5968479027674477,0.6037997001850762,0.5589835886387193
105363,1,F,Y,N,0,131200.0,502400.0,28756.0,Secondary / secondary special,Married,Pensioner,-17964,365243,9.0,0.2639218100215622,0.6797187474204753,0.8066671126192315
105364,0,M,Y,Y,0,118700.0,398100.0,18599.6,Secondary / secondary special,Married,Pensioner,-12133,365243,8.5,,0.5873838208403624,0.7564666763198766
105365,0,M,N,Y,1,195500.0,518700.0,21812.0,Academic degree,Civil marriage,Commercial associate,-24977,-1051,,0.8055598898590216,0.8262703342561385,0.8146847938994493
105366,0,M,Y,Y,0,99100.0,612500.0,29830.4,Secondary / secondary special,Married,Working,-22057,-189,3.2,,0.6969786171431784,0.82982769059136
105367,0,F,Y,Y,0,158400.0,417500.0,15558.2,Higher education,Single / not married,Commercial associate,-23259,-636,6.2,,0.7256486455803137,0.592159568074698
105368,0,M,Y,Y,2,142900.0,689700.0,26898.7,Secondary / secondary special,Married,Working,-22284,-1444,9.1,,0.871957703914173,0.8964597593446768
105369,0,M,N,Y,2,106700.0,679300.0,31445.3,Higher education,Single / not married,Working,-23201,-963,,0.8030001849832595,0.6984818699555108,0.8463381037276028
105370,0,F,N,Y,0,79700.0,127700.0,12389.1,Secondary / secondary special,Married,Working,-13595,-2593,,,0.4560780826609951,
105371,0,F,N,Y,0,154100.0,338800.0,14874.5,Higher education,Married,Working,-19476,-4396,,,0.7201551691732114,
105372,0,M,Y,Y,0,128400.0,643300.0,24948.7,Incomplete higher,Civil marriage,Commercial associate,-23571,-994,5.1,,0.7585723749654951,
105373,0,F,N,N,1,167900.0,712900.0,27120.0,Secondary / secondary special,Married,Working,-19696,-826,,0.8295276732302194,0.7327799107335732,0.5249240608149055
105374,0,F,Y,Y,0,57200.0,318800.0,15265.0,Higher education,Married,Working,-25152,-438,16.8,,0.4860483162845605,0.617052437837263
105375,0,M,N,Y,0,123500.0,481000.0,28552.8,Secondary / secondary special,Single / not married,Working,-22844,-239,,,0.42377770237826673,0.8140362779111345
105376,0,M,N,N,1,222800.0,1354400.0,78860.4,Higher education,Married,Working,-8913,-2339,,,0.5859923302734736,0.5268026646052333
105377,0,F,Y,Y,0,72300.0,185100.0,10678.5,Secondary / secondary special,Married,State servant,-16465,-346,12.8,0.5180596877277281,0.5058698777432232,0.24182844000998469
105378,1,M,N,Y,0,352800.0,1387800.0,58135.7,Secondary / secondary special,Single / not married,Commercial associate,-12501,-268,,,0.871763944528703,0.5920377600808872
105379,0,F,Y,Y,1,178700.0,1035600.0,43142.6,Higher education,Widow,Working,-23011,-385,8.8,,0.4315311983262262,0.462522713158592
105380,0,M,N,Y,0,142400.0,310300.0,14181.2,Secondary / secondary special,Married,Commercial associate,-24102,-1886,,0.6138543392387632,0.9107569966450964,0.7396357234788772
105381,0,F,Y,N,1,159200.0,699100.0,27605.7,Secondary / secondary special,Civil marriage,Working,-17604,-568,17.5,0.6326293146679092,0.6932699170224248,
105382,0,M,N,Y,1,103300.0,365300.0,18641.2,Secondary / secondary special,Married,Working,-8689,365243,,,0.39191024844246475,0.42204461868550963
105383,0,M,N,N,1,287300.0,1277400.0,61753.0,Secondary / secondary special,Married,Working,-13748,-167,,,0.803332610189355,0.5244777814502157
105384,0,F,N,Y,0,164400.0,371900.0,13599.1,Higher education,Single / not married,State servant,-10976,-258,,,0.700657069340409,
105385,0,F,N,Y,0,156200.0,686400.0,34304.9,Higher education,Married,Working,-16949,-654,,,0.3393586798957563,
105386,0,M,Y,Y,2,238100.0,1054700.0,65956.0,Higher education,Civil marriage,Pensioner,-24936,365243,6.4,0.6408584507704423,0.7276200461331187,0.5735115152364544
105387,1,F,N,Y,0,180500.0,800600.0,43588.6,Higher education,Married,Commercial associate,-13688,-3655,,,0.21828027381098922,0.45604798781408645
105388,1,F,N,Y,0,111700.0,267100.0,17706.2,Secondary / secondary special,Married,Working,-20538,-331,,,0.7438243082744146,0.6672678605483237
105389,0,F,N,Y,0,149400.0,515400.0,35567.7,Higher education,Married,Pensioner,-22240,-1466,,,0.6082366497950821,
105390,1,M,Y,Y,0,195800.0,738200.0,33301.7,Secondary / secondary special,Married,Working,-22224,365243,10.4,,0.8436876711832312,0.3543273708623031
105391,0,F,Y,N,1,155700.0,745000.0,72145.0,Secondary / secondary special,Married,Commercial associate,-10291,-1560,8.9,,0.839299744650515,0.5112055524809126
105392,1,F,Y,N,1,82700.0,516500.0,31854.5,Higher education,Separated,Pensioner,-11833,365243,13.7,0.40635710945105336,0.7965525013641422,0.36414628075072425
105393,0,M,N,Y,1,284700.0,543800.0,23829.4,Higher education,Civil marriage,Working,-11584,-1137,,,0.8452222308593942,0.6809195906217517
105394,1,F,N,N,0,162900.0,1016800.0,71291.1,Higher education,Civil marriage,Working,-12882,-1921,,0.7536400542339303,0.26708167182875603,0.5612864970305433
105395,0,F,N,Y,1,126900.0,735200.0,24542.0,Secondary / secondary special,Married,Pensioner,-8490,365243,,0.81516318415997,0.8232552344386946,0.9016034814521444
105396,0,F,N,Y,1,203100.0,699500.0,31012.2,Secondary / secondary special,Married,Working,-17126,-1987,,0.8640233832132129,0.7602570548141905,0.43888599451773824
105397,0,F,Y,Y,2,121300.0,521400.0,23089.5,Secondary / secondary special,Single / not married,State servant,-20660,-3431,15.5,,0.5238217181811092,0.8648862159621388
105398,0,F,N,Y,0,76000.0,214100.0,10359.3,Secondary / secondary special,Married,Working,-12242,-1821,,,0.4203430786674516,0.36403748176774336
105399,0,M,Y,Y,1,151200.0,601500.0,23748.9,Secondary / secondary special,Married,Working,-18887,-413,13.8,,0.5682257894424955,0.5892211216015348
105400,0,F,Y,Y,0,204700.0,1142500.0,47787.1,Secondary / secondary special,Married,Working,-17235,-2020,5.3,0.4532242626324894,0.7019160268257494,0.3092683468862425
105401,0,M,Y,N,0,134000.0,206000.0,7700.4,Secondary / secondary special,Separated,Working,-9408,-848,19.8,0.7374920500839427,0.8308532289373237,0.8262845669555536
105402,0,F,Y,Y,0,136400.0,812600.0,53724.2,Secondary / secondary special,Single / not married,State servant,-11874,-1489,6.7,0.44263208031454265,0.8536893211796802,0.6698962756926077
105403,0,F,N,N,0,139200.0,578500.0,31195.0,Secondary / secondary special,Married,Working,-11903,-1096,,,0.5989076092185044,
105404,0,F,N,Y,0,144500.0,660100.0,31874.5,Secondary / secondary special,Separated,Commercial associate,-16237,-3148,,0.5972043991379417,0.5668536866063164,0.512589234454122
105405,1,F,Y,Y,2,161600.0,627100.0,36657.8,Secondary / secondary special,Single / not married,Working,-18677,-335,7.5,0.4090047468287363,0.4075730048594113,0.42770921755983177
105406,0,M,Y,Y,0,216600.0,588700.0,38619.6,Secondary / secondary special,Married,Working,-12953,-575,0.5,0.49432078842090954,0.48553814184560584,0.5548598949306118
105407,0,F,N,Y,1,210700.0,714100.0,69027.9,Higher education,Married,Working,-9899,-3324,,,0.5678190748758551,0.6679669668436133
105408,0,F,Y,Y,0,377500.0,1514300.0,86849.0,Secondary / secondary special,Married,Commercial associate,-12390,-1169,8.9,,0.6528962143824564,0.8541371664157329
105409,0,F,N,N,1,331500.0,1205100.0,62999.2,Higher education,Married,Commercial associate,-8374,-266,,,0.3622606875413615,
105410,0,M,N,Y,0,102600.0,453900.0,17432.5,Secondary / secondary special,Single / not married,Working,-20795,-502,,,0.38025268381124167,0.6720222717944393
105411,0,F,N,Y,0,136400.0,226100.0,9535.0,Secondary / secondary special,Married,State servant,-19930,-102,,0.5819197513563317,0.7728619817947933,0.34926267983800535
105412,0,M,N,N,0,209200.0,1060100.0,63104.9,Secondary / secondary special,Married,Working,-19428,-1898,,,0.453474419120817,0.6976910485071228
105413,0,F,N,Y,0,67500.0,286000.0,11561.5,Secondary / secondary special,Married,Pensioner,-18501,365243,,0.7814801544244332,0.46805334664642806,0.7060901385092251
105414,1,F,N,N,0,174100.0,1055500.0,80607.8,Secondary / secondary special,Married,Working,-12889,-433,,0.3548908233086785,0.49489985231324635,0.7614532511202406
105415,0,M,N,Y,2,102800.0,408100.0,25545.5,Secondary / secondary special,Civil marriage,Commercial associate,-9694,-3120,,0.7209254086416239,0.5632115476956914,0.8496933233145597
105416,0,F,N,Y,0,147500.0,248400.0,14947.8,Secondary / secondary special,Married,Working,-18172,-20,,,0.4465263925048694,0.5429534666025062
105417,0,F,N,Y,0,151900.0,844600.0,80088.2,Higher education,Single / not married,Commercial associate,-20513,-974,,,0.7723961150497967,0.8677377248525088
105418,0,M,N,Y,0,68100.0,422800.0,15412.1,Secondary / secondary special,Widow,Pensioner,-21885,365243,,,0.7626030269722581,
105419,0,F,N,Y,0,448600.0,2049100.0,110447.7,Secondary / secondary special,Single / not married,Commercial associate,-20407,-1429,,,0.7951542233903115,0.6591733661557864
105420,0,F,Y,Y,0,118500.0,404300.0,25097.1,Higher education,Married,Working,-19217,-4342,1.9,0.5292706073561307,0.8232095766583343,
105421,0,F,N,N,0,288600.0,1224800.0,49267.4,Secondary / secondary special,Single / not married,Commercial associate,-22123,-3372,,,0.845924888229897,0.5855142033199396
105422,0,F,N,N,0,72400.0,423000.0,20481.7,Secondary / secondary special,Civil marriage,Working,-21025,-664,,,0.594063273443411,0.6432834621836375
105423,0,M,N,Y,0,112400.0,215800.0,7792.2,Secondary / secondary special,Single / not married,Working,-24236,-228,,0.6930823841292639,0.7215982203808342,0.7206197562167145
105424,0,F,N,Y,0,214800.0,382100.0,16180.7,Secondary / secondary special,Married,Commercial associate,-7776,-798,,,0.8078003107367799,
105425,0,M,Y,N,1,134500.0,762300.0,27332.4,Secondary / secondary special,Married,State servant,-10241,-1621,13.8,0.6406449123449889,0.7912099316480838,0.7818663691861311
105426,0,F,Y,Y,1,214800.0,502700.0,20579.9,Higher education,Married,Working,-17834,-15,4.9,,0.5291357194435444,0.7109156187290789
105427,0,M,N,Y,0,199400.0,1001100.0,39084.1,Secondary / secondary special,Married,Commercial associate,-14701,-1936,,0.6592695668003133,0.660919402720381,0.8130875303420084
105428,0,M,N,Y,1,103200.0,626600.0,33687.9,Secondary / secondary special,Single / not married,Pensioner,-13639,365243,,,0.8777141988316496,0.6082087751020894
105429,0,M,N,Y,0,259900.0,702900.0,58106.6,Higher education,Married,Commercial associate,-20747,-4778,,,0.7625024432129384,0.2797310886177092
105430,0,F,N,Y,1,194000.0,1199000.0,61002.3,Secondary / secondary special,Single / not married,Working,-17061,-2800,,0.7447220443056218,0.46119606763546617,0.5561271279223622
105431,0,F,Y,N,1,78100.0,433300.0,20798.1,Incomplete higher,Single / not married,Working,-16900,-1342,18.1,,0.8068876813535881,0.39842212488052187
105432,0,F,N,Y,1,156800.0,771900.0,51397.5,Higher education,Married,Working,-8543,-1969,,,0.603164482782904,0.8284671777092807
105433,0,M,N,N,0,200600.0,835900.0,57261.7,Secondary / secondary special,Married,Working,-15757,-988,,,0.914035353882852,0.5501465205542632
105434,0,F,N,N,1,143000.0,373800.0,21496.2,Secondary / secondary special,Married,Commercial associate,-18330,-146,,0.9429085121744611,0.7790734015954057,0.7018889428598184
105435,0,M,N,Y,1,152800.0,674200.0,36649.0,Secondary / secondary special,Married,Working,-12580,-703,,0.7467805303937498,0.70027151576269,0.8759748399081323
105436,0,F,Y,N,1,186100.0,321900.0,14355.9,Secondary / secondary special,Separated,Working,-11860,-56,10.3,0.5813251574063063,0.7936791547239427,
105437,0,M,N,Y,0,71700.0,254900.0,16096.0,Secondary / secondary special,Married,Commercial associate,-17323,-104,,,0.5628066662447978,0.25443368832331803
105438,1,F,N,N,1,136600.0,643500.0,56536.2,Secondary / secondary special,Married,Working,-23658,-635,,,0.711908435353052,0.646283508511254
105439,0,M,N,Y,0,126300.0,750400.0,45039.2,Secondary / secondary special,Married,Commercial associate,-9710,-579,,,0.619992351131697,0.6078727223430852
105440,0,F,N,Y,0,210000.0,519700.0,35958.5,Secondary / secondary special,Married,Commercial associate,-13089,-943,,,0.6531588168798816,0.39883524271621784
105441,1,F,N,Y,0,116000.0,198200.0,8861.2,Higher education,Married,Commercial associate,-8689,-2115,,,0.7616651890980531,0.7024344781567298
105442,0,M,N,N,1,359100.0,545100.0,31075.4,Secondary / secondary special,Widow,Working,-13374,-546,,0.5824305167586258,0.7835823766662089,
105443,1,M,N,Y,1,114800.0,640400.0,29553.3,Secondary / secondary special,Married,Working,-19852,-5400,,,0.49623125994922523,
105444,0,M,N,N,0,90000.0,297800.0,17300.9,Secondary / secondary special,Married,Commercial associate,-13257,-1914,,0.5865495086835046,0.8309955566952957,0.28104210407102154
105445,0,M,N,Y,0,259500.0,540200.0,25150.2,Secondary / secondary special,Single / not married,Pensioner,-14656,365243,,,0.6311985405259596,0.6710502580319903
105446,1,F,N,Y,1,195200.0,1077800.0,107002.0,Secondary / secondary special,Married,Commercial associate,-24071,-1396,,,0.346069243773516,0.22081766250490648
105447,0,M,N,Y,0,177300.0,354400.0,16193.0,Secondary / secondary special,Married,Commercial associate,-13755,-1163,,0.6806921229245303,0.804397450054647,
105448,1,F,N,Y,0,133500.0,572400.0,52019.2,Secondary / secondary special,Separated,Working,-17129,-1740,,0.44176019415555806,0.4702596499235054,0.5791996591375462
105449,0,F,N,Y,0,127000.0,601500.0,23765.5,Secondary / secondary special,Married,Pensioner,-24038,365243,,,0.4944072091106851,
105450,0,F,Y,Y,0,183000.0,1099500.0,38998.8,Secondary / secondary special,Married,Working,-16585,-120,0.3,,0.548916385610257,
105451,0,F,N,N,0,115300.0,422700.0,20495.7,Secondary / secondary special,Separated,Working,-10653,-2158,,0.8441341812743924,0.638949840993903,0.8025093779517671
105452,0,F,N,N,0,331500.0,1622800.0,154754.6,Secondary / secondary special,Married,Working,-10178,-510,,0.3390314548798967,0.8023723691186929,0.6204274989798739
105453,0,M,N,Y,0,165600.0,260500.0,16144.7,Higher education,Married,Pensioner,-23429,365243,,0.42731418089349915,0.5751526886863368,0.4333038893139788
105454,1,F,N,Y,0,131700.0,540000.0,44574.9,Secondary / secondary special,Married,Commercial associate,-23197,-5721,,0.08382540235092373,0.4908568991326396,0.7725468657969555
105455,0,M,N,Y,1,123500.0,459200.0,40204.4,Secondary / secondary special,Married,Pensioner,-12071,365243,,0.31238267661759217,0.735980458559997,0.6446801364803048
105456,0,F,N,N,1,86000.0,256800.0,11266.2,Higher education,Married,Commercial associate,-18596,-905,,,0.6198482311300569,0.8448129518525873
105457,0,F,N,N,0,204500.0,1247200.0,53439.7,Secondary / secondary special,Civil marriage,Pensioner,-10589,365243,,0.8200469167579851,0.7895247094432681,0.8690804401512705
105458,0,F,N,N,0,104200.0,499700.0,22263.4,Secondary / secondary special,Widow,Commercial associate,-11728,-2851,,,0.5663279652881935,0.5776857367154673
105459,0,F,N,N,0,139000.0,601500.0,46146.2,Secondary / secondary special,Single / not married,Commercial associate,-23811,-977,,0.4547386732517158,0.8400622631381646,0.6964654278561289
105460,0,F,N,Y,0,463400.0,998900.0,73589.2,Secondary / secondary special,Separated,Working,-14714,-2390,,,0.600300931995413,0.6834249178334122
105461,0,M,Y,Y,1,65400.0,320700.0,20017.5,Secondary / secondary special,Married,Commercial associate,-11325,-1254,9.9,,0.7339983189668594,
105462,0,F,Y,N,0,140800.0,533100.0,29328.9,Secondary / secondary special,Married,Commercial associate,-16859,-650,16.8,,0.5362352749610488,
105463,0,F,N,Y,0,79600.0,398200.0,27287.3,Higher education,Married,Working,-22590,-172,,0.7688707984238857,0.4923369684924231,0.5470015579144308
105464,0,M,N,Y,0,115600.0,599000.0,21544.7,Secondary / secondary special,Married,Working,-22273,-2351,,0.593295720954551,0.7523585436541624,0.5504220151354783
105465,0,F,N,Y,0,138100.0,775800.0,73613.5,Secondary / secondary special,Married,Working,-19276,-516,,,,0.5496038495468328
105466,0,M,Y,N,0,81900.0,305200.0,15520.1,Incomplete higher,Married,Working,-21931,-2457,8.4,,0.7677650931140021,0.8587981291021936
105467,0,M,N,N,0,177000.0,1041500.0,35937.5,Secondary / secondary special,Separated,Commercial associate,-21337,-851,,0.3810033139487209,0.7318706681956424,0.6447143259239202
105468,0,F,N,N,1,285200.0,948800.0,31909.6,Higher education,Married,Commercial associate,-24565,-574,,,0.8303219622140752,0.6321281640245974
105469,0,F,N,Y,0,171100.0,824100.0,49963.5,Higher education,Single / not married,Pensioner,-19168,365243,,,0.5001625955969372,
105470,0,F,N,Y,1,214900.0,707400.0,31285.1,Incomplete higher,Married,Working,-18152,-348,,,0.7819613941669012,0.3562357969068372
105471,0,F,N,Y,0,305900.0,1823900.0,69901.8,Secondary / secondary special,Married,Commercial associate,-23548,-175,,,0.7436490573984604,0.715584720794492
105472,0,F,N,N,0,193500.0,700500.0,48138.6,Secondary / secondary special,Single / not married,Commercial associate,-14008,-330,,,0.8836680104922516,0.36022926463317584
105473,0,M,N,Y,0,51000.0,130000.0,6162.8,Higher education,Married,Commercial associate,-16311,-3692,,0.4867706850399866,0.7238325024049624,0.6469738769687303
105474,0,F,N,N,0,159600.0,1024500.0,34857.9,Secondary / secondary special,Married,Working,-22732,-691,,0.4706476452956649,0.7790643676225829,0.27652577272588297
105475,0,M,N,Y,0,47800.0,143600.0,5151.5,Secondary / secondary special,Married,Working,-24833,-3741,,,0.6105684025444149,0.830783369258885
105476,0,F,Y,N,1,106400.0,643100.0,23211.3,Secondary / secondary special,Married,Working,-15055,-966,18.5,,0.7410056124530741,0.5666192645875068
105477,0,F,N,N,0,75000.0,427200.0,19272.5,Secondary / secondary special,Married,Commercial associate,-18010,-1424,,0.5885434467153979,0.5741556443299851,0.7391350447336352
105478,0,F,Y,Y,0,166500.0,697300.0,31041.8,Higher education,Married,Working,-22357,-885,14.4,0.8830709247978866,0.4043388237496745,0.6814749522223094
105479,0,F,N,N,1,98300.0,287400.0,19622.4,Incomplete higher,Married,Commercial associate,-16765,-557,,0.6743465122759404,0.7619054170785863,
105480,0,M,N,Y,0,168600.0,311400.0,11888.9,Secondary / secondary special,Married,Pensioner,-14762,365243,,0.7498673708925327,0.3607238152493978,0.6415834935778894
105481,0,F,Y,N,0,209300.0,578900.0,22801.6,Secondary / secondary special,Civil marriage,Commercial associate,-8807,-2232,12.2,0.7867164260990339,0.8009895660629759,0.8177667635740681
105482,0,F,Y,N,0,95700.0,568100.0,30520.2,Secondary / secondary special,Married,Working,-11388,-1340,15.0,,,0.41054861409576676
105483,0,F,Y,Y,0,164900.0,481000.0,17722.6,Secondary / secondary special,Married,Working,-13480,-1327,5.1,,0.5602840157403112,0.669540459235236
105484,0,F,Y,Y,1,45300.0,120800.0,8108.1,Secondary / secondary special,Single / not married,Commercial associate,-14711,-3154,11.0,,0.5005531904850472,0.45554677517705405
105485,0,M,N,N,0,75200.0,134200.0,4979.2,Higher education,Civil marriage,Pensioner,-21278,365243,,0.7334568106270349,0.5854121255644339,
105486,1,M,Y,N,1,260500.0,1064800.0,47318.2,Secondary / secondary special,Married,Pensioner,-10594,365243,3.4,0.5131591468374485,0.31985742827710123,0.45881498842411883
105487,0,M,Y,Y,0,99000.0,418200.0,38344.0,Higher education,Married,Working,-8939,-2364,17.9,0.7982275295863837,0.3899854852097654,0.237136586269746
105488,0,F,N,N,0,116300.0,574400.0,33583.0,Secondary / secondary special,Married,Pensioner,-17975,365243,,,0.7442314251754719,0.8525492800568126
105489,0,F,Y,Y,1,101900.0,594700.0,25055.1,Secondary / secondary special,Married,Working,-7812,-876,5.8,,0.6515802904098158,0.9014139593372689
105490,0,M,N,Y,0,67500.0,136700.0,5584.1,Higher education,Married,Working,-23990,365243,,0.6329724906460172,0.7329776943913364,0.4178827609713337
105491,0,F,N,Y,0,92500.0,311200.0,17919.0,Secondary / secondary special,Civil marriage,Working,-12158,-304,,0.6727271284531421,0.5465574798596963,0.43051445697051166
105492,0,M,N,Y,0,146900.0,672200.0,46125.9,Secondary / secondary special,Married,Working,-22285,-823,,,0.8212241368353959,0.7319917010595299
105493,1,F,N,Y,0,123800.0,304000.0,22545.6,Secondary / secondary special,Married,Working,-14324,-131,,0.9317825865009611,0.3563034694369681,0.5860099194297254
105494,0,F,Y,Y,1,238700.0,681500.0,23058.4,Secondary / secondary special,Married,Working,-25182,-5061,3.9,0.806490930613316,0.626066160430723,
105495,0,M,N,Y,0,111500.0,610600.0,34190.6,Secondary / secondary special,Married,Working,-16458,-1419,,0.5713808840677049,,0.797834950037489
105496,0,F,N,Y,0,146500.0,244900.0,13532.8,Higher education,Married,Working,-24551,-1398,,,0.7665659875829294,0.6487228595687646
105497,0,M,N,N,0,115300.0,688000.0,51475.5,Secondary / secondary special,Married,Pensioner,-15890,-878,,,0.6503198021076291,0.5692611270043569
105498,0,F,N,N,2,224200.0,1215700.0,69415.5,Secondary / secondary special,Married,Commercial associate,-20192,-2704,,0.389536188214418,0.6223044870886745,0.7748141737941165
105499,0,F,N,N,1,77300.0,241400.0,8161.5,Secondary / secondary special,Married,Commercial associate,-8785,-2115,,,0.49116147038435054,0.47117955808479905
105500,0,F,N,Y,0,182600.0,590600.0,29521.1,Secondary / secondary special,Married,Pensioner,-15471,365243,,,0.6813049756226405,0.28307330079661863
